,global,global,class-aware,class-aware,group
,kid mean,fid,inv text alignment mean,img centroid dist mean,
test,-1.2070213832870992e-07,0.0032619133770243,0.70430126786232,0.6025906205177307,0
cifar10,0.0001660929571997,0.1589885210827192,0.7493852078914642,0.7268065214157104,1
tinyimagenet,0.0007542894935035,0.2234746642019101,0.75115105509758,0.8435523509979248,1
svhn,0.0017063584491703,0.6222221326384915,0.7511291354894638,0.7788575291633606,3
places365,0.001929421140959,0.5456193644620301,0.7752140611410141,1.0567599534988403,3
textures,0.0016112307240559,0.5232132694932965,0.7612740099430084,0.977968454360962,3
