{
  "tinyimagenet": {
    "global": {
      "knn_mean": 0.5910759568214417,
      "knn_median": 0.5923908948898315,
      "fid": 0.0033745612054861427,
      "kid_mean": -2.326472743519048e-07,
      "kid_std": 1.1435211291364564e-06
    },
    "class_aware": {
      "text_alignment_mean": 0.2712656557559967,
      "text_alignment_median": 0.2735559344291687,
      "img_centroid_dist_mean": 0.6093144416809082,
      "img_centroid_dist_median": 0.606640100479126
    }
  },
  "cifar100": {
    "global": {
      "knn_mean": 0.7313575148582458,
      "knn_median": 0.7271113395690918,
      "fid": 0.22407403664139586,
      "kid_mean": 0.0007585464728033564,
      "kid_std": 9.30176500752362e-06
    },
    "class_aware": {
      "text_alignment_mean": 0.24647285044193268,
      "text_alignment_median": 0.24703586101531982,
      "img_centroid_dist_mean": 0.7670151591300964,
      "img_centroid_dist_median": 0.766197144985199
    }
  },
  "cifar10": {
    "global": {
      "knn_mean": 0.7452048063278198,
      "knn_median": 0.7493342161178589,
      "fid": 0.3246375015210322,
      "kid_mean": 0.0009155207608960403,
      "kid_std": 1.0745480844000013e-05
    },
    "class_aware": {
      "text_alignment_mean": 0.24192935228347778,
      "text_alignment_median": 0.2403469681739807,
      "img_centroid_dist_mean": 0.7720748782157898,
      "img_centroid_dist_median": 0.7802571058273315
    }
  },
  "isun": {
    "global": {
      "knn_mean": 0.6863008737564087,
      "knn_median": 0.686241865158081,
      "fid": 0.3997855547474821,
      "kid_mean": 0.0013214329137410542,
      "kid_std": 1.7593145761525285e-05
    },
    "class_aware": {
      "text_alignment_mean": 0.24637961387634277,
      "text_alignment_median": 0.2462027370929718,
      "img_centroid_dist_mean": 0.7094922065734863,
      "img_centroid_dist_median": 0.7100135087966919
    }
  },
  "lsun_resize": {
    "global": {
      "knn_mean": 0.704212486743927,
      "knn_median": 0.7021619081497192,
      "fid": 0.4228473240041425,
      "kid_mean": 0.0013894023561143688,
      "kid_std": 2.260273301939538e-05
    },
    "class_aware": {
      "text_alignment_mean": 0.23974277079105377,
      "text_alignment_median": 0.2399272620677948,
      "img_centroid_dist_mean": 0.722119927406311,
      "img_centroid_dist_median": 0.7217507362365723
    }
  },
  "lsun_cropped": {
    "global": {
      "knn_mean": 0.6730977892875671,
      "knn_median": 0.6682562828063965,
      "fid": 0.47147916203730256,
      "kid_mean": 0.0014868229978483337,
      "kid_std": 2.410259337710897e-05
    },
    "class_aware": {
      "text_alignment_mean": 0.23987087607383728,
      "text_alignment_median": 0.24029584228992462,
      "img_centroid_dist_mean": 0.7139785885810852,
      "img_centroid_dist_median": 0.7071324586868286
    }
  },
  "places365": {
    "global": {
      "knn_mean": 0.8704010844230652,
      "knn_median": 0.870785117149353,
      "fid": 0.3790977796279764,
      "kid_mean": 0.0013768399894034734,
      "kid_std": 1.4984202121196629e-05
    },
    "class_aware": {
      "text_alignment_mean": 0.20872876048088074,
      "text_alignment_median": 0.20587624609470367,
      "img_centroid_dist_mean": 0.9598549008369446,
      "img_centroid_dist_median": 0.9598300457000732
    }
  },
  "svhn": {
    "global": {
      "knn_mean": 0.7606633305549622,
      "knn_median": 0.7513164281845093,
      "fid": 0.7366877746938341,
      "kid_mean": 0.0022596309918087878,
      "kid_std": 1.837181262064703e-05
    },
    "class_aware": {
      "text_alignment_mean": 0.23904992640018463,
      "text_alignment_median": 0.23950821161270142,
      "img_centroid_dist_mean": 0.8393139839172363,
      "img_centroid_dist_median": 0.8350785970687866
    }
  },
  "textures": {
    "global": {
      "knn_mean": 0.8325780630111694,
      "knn_median": 0.8320728540420532,
      "fid": 0.4628995001788167,
      "kid_mean": 0.0014258472158911316,
      "kid_std": 1.9078231712204036e-05
    },
    "class_aware": {
      "text_alignment_mean": 0.21997888386249542,
      "text_alignment_median": 0.21741078794002533,
      "img_centroid_dist_mean": 0.919743537902832,
      "img_centroid_dist_median": 0.9210960865020752
    }
  }
}