{
  "cifar10": {
    "global": {
      "knn_mean": 0.37675249576568604,
      "knn_median": 0.370951771736145,
      "fid": 0.0018509778278594587,
      "kid_mean": -3.197789310682708e-08,
      "kid_std": 5.638227124915957e-07
    },
    "class_aware": {
      "text_alignment_mean": 0.24228711426258087,
      "text_alignment_median": 0.2420843243598938,
      "img_centroid_dist_mean": 0.4188477098941803,
      "img_centroid_dist_median": 0.4076789617538452
    }
  },
  "cifar100": {
    "global": {
      "knn_mean": 0.48721158504486084,
      "knn_median": 0.4788399338722229,
      "fid": 0.07350532809051014,
      "kid_mean": 4.1622311054654306e-05,
      "kid_std": 2.2506233202607485e-06
    },
    "class_aware": {
      "text_alignment_mean": 0.20272062718868256,
      "text_alignment_median": 0.2026893049478531,
      "img_centroid_dist_mean": 0.522698163986206,
      "img_centroid_dist_median": 0.510280430316925
    }
  },
  "tinyimagenet": {
    "global": {
      "knn_mean": 0.6627076864242554,
      "knn_median": 0.6635010838508606,
      "fid": 0.2258550338645138,
      "kid_mean": 0.00038766150217754534,
      "kid_std": 4.725101715539004e-06
    },
    "class_aware": {
      "text_alignment_mean": 0.17341062426567078,
      "text_alignment_median": 0.1704399287700653,
      "img_centroid_dist_mean": 0.6962762475013733,
      "img_centroid_dist_median": 0.69569331407547
    }
  },
  "isun": {
    "global": {
      "knn_mean": 0.5200421214103699,
      "knn_median": 0.5139822959899902,
      "fid": 0.22581326228724674,
      "kid_mean": 0.00044648237001189807,
      "kid_std": 7.333693278509738e-06
    },
    "class_aware": {
      "text_alignment_mean": 0.18114563822746277,
      "text_alignment_median": 0.18070410192012787,
      "img_centroid_dist_mean": 0.5669589042663574,
      "img_centroid_dist_median": 0.5624911189079285
    }
  },
  "lsun_resize": {
    "global": {
      "knn_mean": 0.5403480529785156,
      "knn_median": 0.5360707640647888,
      "fid": 0.25134709391728405,
      "kid_mean": 0.0004888642861152981,
      "kid_std": 6.621049232564195e-06
    },
    "class_aware": {
      "text_alignment_mean": 0.17255888879299164,
      "text_alignment_median": 0.1723574846982956,
      "img_centroid_dist_mean": 0.5819493532180786,
      "img_centroid_dist_median": 0.5773189067840576
    }
  },
  "lsun_cropped": {
    "global": {
      "knn_mean": 0.5376025438308716,
      "knn_median": 0.5273091793060303,
      "fid": 0.23261534658728564,
      "kid_mean": 0.00041045577132309497,
      "kid_std": 4.7665109088718106e-06
    },
    "class_aware": {
      "text_alignment_mean": 0.1982026845216751,
      "text_alignment_median": 0.19992998242378235,
      "img_centroid_dist_mean": 0.5903245806694031,
      "img_centroid_dist_median": 0.5794802904129028
    }
  },
  "places365": {
    "global": {
      "knn_mean": 0.8491834998130798,
      "knn_median": 0.8485946655273438,
      "fid": 0.4569301893089598,
      "kid_mean": 0.0008801911826987841,
      "kid_std": 1.0074654578443976e-05
    },
    "class_aware": {
      "text_alignment_mean": 0.17500895261764526,
      "text_alignment_median": 0.17328958213329315,
      "img_centroid_dist_mean": 0.8948527574539185,
      "img_centroid_dist_median": 0.8919864892959595
    }
  },
  "svhn": {
    "global": {
      "knn_mean": 0.5908606052398682,
      "knn_median": 0.5877203941345215,
      "fid": 0.4125056368392633,
      "kid_mean": 0.0008823581317905127,
      "kid_std": 8.258907501149654e-06
    },
    "class_aware": {
      "text_alignment_mean": 0.20167623460292816,
      "text_alignment_median": 0.2014799565076828,
      "img_centroid_dist_mean": 0.6776358485221863,
      "img_centroid_dist_median": 0.6763045787811279
    }
  },
  "textures": {
    "global": {
      "knn_mean": 0.7841768264770508,
      "knn_median": 0.7858094573020935,
      "fid": 0.4244485457253527,
      "kid_mean": 0.0008423168390481894,
      "kid_std": 7.48713436471194e-06
    },
    "class_aware": {
      "text_alignment_mean": 0.17035065591335297,
      "text_alignment_median": 0.1693667471408844,
      "img_centroid_dist_mean": 0.821533739566803,
      "img_centroid_dist_median": 0.8199325799942017
    }
  }
}