{
  "supercifar100": {
    "global": {
      "knn_mean": 0.6595799326896667,
      "knn_median": 0.6603438854217529,
      "fid": 0.07483314373857126,
      "kid_mean": 2.6878218512367267e-05,
      "kid_std": 2.918337466546222e-06
    },
    "class_aware": {
      "text_alignment_mean": 0.24189017713069916,
      "text_alignment_median": 0.24455279111862183,
      "img_centroid_dist_mean": 0.7031069397926331,
      "img_centroid_dist_median": 0.7038973569869995
    }
  },
  "cifar10": {
    "global": {
      "knn_mean": 0.702175498008728,
      "knn_median": 0.6998746395111084,
      "fid": 0.1705391168755985,
      "kid_mean": 0.00018140042367045694,
      "kid_std": 8.186523991042697e-06
    },
    "class_aware": {
      "text_alignment_mean": 0.22993576526641846,
      "text_alignment_median": 0.23049937188625336,
      "img_centroid_dist_mean": 0.7510776519775391,
      "img_centroid_dist_median": 0.7534818053245544
    }
  },
  "tinyimagenet": {
    "global": {
      "knn_mean": 0.8079442381858826,
      "knn_median": 0.8122556209564209,
      "fid": 0.23070525000895142,
      "kid_mean": 0.0007612518272743251,
      "kid_std": 9.694507614352647e-06
    },
    "class_aware": {
      "text_alignment_mean": 0.2160058617591858,
      "text_alignment_median": 0.21563300490379333,
      "img_centroid_dist_mean": 0.8737947344779968,
      "img_centroid_dist_median": 0.8729283809661865
    }
  },
  "isun": {
    "global": {
      "knn_mean": 0.6843715310096741,
      "knn_median": 0.6862093210220337,
      "fid": 0.38558389729516707,
      "kid_mean": 0.0011879033203812828,
      "kid_std": 1.8547071660369056e-05
    },
    "class_aware": {
      "text_alignment_mean": 0.23925326764583588,
      "text_alignment_median": 0.23979714512825012,
      "img_centroid_dist_mean": 0.7424600124359131,
      "img_centroid_dist_median": 0.744085967540741
    }
  },
  "lsun_resize": {
    "global": {
      "knn_mean": 0.7088359594345093,
      "knn_median": 0.7088779807090759,
      "fid": 0.42437639986178877,
      "kid_mean": 0.0013029764310972425,
      "kid_std": 2.0419037446675825e-05
    },
    "class_aware": {
      "text_alignment_mean": 0.23750638961791992,
      "text_alignment_median": 0.2390127182006836,
      "img_centroid_dist_mean": 0.7720305919647217,
      "img_centroid_dist_median": 0.7722256183624268
    }
  },
  "lsun_cropped": {
    "global": {
      "knn_mean": 0.657396674156189,
      "knn_median": 0.6564423441886902,
      "fid": 0.3998921058730821,
      "kid_mean": 0.0011330758250010042,
      "kid_std": 2.0662764916905213e-05
    },
    "class_aware": {
      "text_alignment_mean": 0.23039600253105164,
      "text_alignment_median": 0.23111474514007568,
      "img_centroid_dist_mean": 0.7351154088973999,
      "img_centroid_dist_median": 0.7334558963775635
    }
  },
  "places365": {
    "global": {
      "knn_mean": 0.9718161821365356,
      "knn_median": 0.9734750390052795,
      "fid": 0.5562486452266322,
      "kid_mean": 0.0019591820705593312,
      "kid_std": 2.006172618243743e-05
    },
    "class_aware": {
      "text_alignment_mean": 0.20608685910701752,
      "text_alignment_median": 0.20526382327079773,
      "img_centroid_dist_mean": 1.0964276790618896,
      "img_centroid_dist_median": 1.0951182842254639
    }
  },
  "svhn": {
    "global": {
      "knn_mean": 0.6888853907585144,
      "knn_median": 0.6871341466903687,
      "fid": 0.6207963311050327,
      "kid_mean": 0.0017170477249099302,
      "kid_std": 2.8808802910956104e-05
    },
    "class_aware": {
      "text_alignment_mean": 0.24339789152145386,
      "text_alignment_median": 0.2443898767232895,
      "img_centroid_dist_mean": 0.8011883497238159,
      "img_centroid_dist_median": 0.7998766899108887
    }
  },
  "textures": {
    "global": {
      "knn_mean": 0.9056300520896912,
      "knn_median": 0.908414363861084,
      "fid": 0.5245911736313638,
      "kid_mean": 0.001609389636790972,
      "kid_std": 1.4399154157529053e-05
    },
    "class_aware": {
      "text_alignment_mean": 0.20202159881591797,
      "text_alignment_median": 0.20135286450386047,
      "img_centroid_dist_mean": 1.0002655982971191,
      "img_centroid_dist_median": 1.0026624202728271
    }
  }
}