{
  "tinyimagenet": {
    "global": {
      "knn_mean": 0.6127794981002808,
      "knn_median": 0.6147512197494507,
      "fid": 0.003625745191183966,
      "kid_mean": -8.480171301172845e-08,
      "kid_std": 1.135289905255953e-06
    },
    "class_aware": {
      "text_alignment_mean": 0.28588852286338806,
      "text_alignment_median": 0.287515252828598,
      "img_centroid_dist_mean": 0.6318762898445129,
      "img_centroid_dist_median": 0.629356324672699
    }
  },
  "cifar100": {
    "global": {
      "knn_mean": 0.7565248012542725,
      "knn_median": 0.7546765804290771,
      "fid": 0.2223768047154821,
      "kid_mean": 0.0007516693069794033,
      "kid_std": 8.661199536517645e-06
    },
    "class_aware": {
      "text_alignment_mean": 0.27208662033081055,
      "text_alignment_median": 0.27259132266044617,
      "img_centroid_dist_mean": 0.795621931552887,
      "img_centroid_dist_median": 0.7948958873748779
    }
  },
  "cifar10": {
    "global": {
      "knn_mean": 0.7686002850532532,
      "knn_median": 0.7716920375823975,
      "fid": 0.32199488564609063,
      "kid_mean": 0.0009096184758596149,
      "kid_std": 1.140517103931021e-05
    },
    "class_aware": {
      "text_alignment_mean": 0.2712238132953644,
      "text_alignment_median": 0.27074241638183594,
      "img_centroid_dist_mean": 0.7979236245155334,
      "img_centroid_dist_median": 0.8022788166999817
    }
  },
  "isun": {
    "global": {
      "knn_mean": 0.6894194483757019,
      "knn_median": 0.6903004050254822,
      "fid": 0.38075737819650723,
      "kid_mean": 0.0011937586510002607,
      "kid_std": 1.780691432713878e-05
    },
    "class_aware": {
      "text_alignment_mean": 0.2531791031360626,
      "text_alignment_median": 0.25245538353919983,
      "img_centroid_dist_mean": 0.7063448429107666,
      "img_centroid_dist_median": 0.7060897350311279
    }
  },
  "lsun_resize": {
    "global": {
      "knn_mean": 0.705621600151062,
      "knn_median": 0.703746497631073,
      "fid": 0.40394930152766395,
      "kid_mean": 0.0012654969153723617,
      "kid_std": 2.1845155416498645e-05
    },
    "class_aware": {
      "text_alignment_mean": 0.25004351139068604,
      "text_alignment_median": 0.24955357611179352,
      "img_centroid_dist_mean": 0.7186059355735779,
      "img_centroid_dist_median": 0.71797776222229
    }
  },
  "lsun_cropped": {
    "global": {
      "knn_mean": 0.6826284527778625,
      "knn_median": 0.679092526435852,
      "fid": 0.49891554831107404,
      "kid_mean": 0.0016101775596473367,
      "kid_std": 2.3567296078576678e-05
    },
    "class_aware": {
      "text_alignment_mean": 0.25939837098121643,
      "text_alignment_median": 0.2599112391471863,
      "img_centroid_dist_mean": 0.7503055930137634,
      "img_centroid_dist_median": 0.7439481019973755
    }
  },
  "places365": {
    "global": {
      "knn_mean": 0.8868092894554138,
      "knn_median": 0.8877675533294678,
      "fid": 0.3887066980879763,
      "kid_mean": 0.0014101722037589681,
      "kid_std": 1.6811982812499494e-05
    },
    "class_aware": {
      "text_alignment_mean": 0.23553325235843658,
      "text_alignment_median": 0.23270320892333984,
      "img_centroid_dist_mean": 0.984641969203949,
      "img_centroid_dist_median": 0.9847179055213928
    }
  },
  "svhn": {
    "global": {
      "knn_mean": 0.7494969964027405,
      "knn_median": 0.7422721982002258,
      "fid": 0.7947685457450632,
      "kid_mean": 0.0025219231606484448,
      "kid_std": 2.254727544011289e-05
    },
    "class_aware": {
      "text_alignment_mean": 0.25912341475486755,
      "text_alignment_median": 0.26020005345344543,
      "img_centroid_dist_mean": 0.8725507259368896,
      "img_centroid_dist_median": 0.8720782995223999
    }
  },
  "textures": {
    "global": {
      "knn_mean": 0.8367854356765747,
      "knn_median": 0.8366020917892456,
      "fid": 0.46972872521790987,
      "kid_mean": 0.0014288996039496826,
      "kid_std": 1.7759248536503065e-05
    },
    "class_aware": {
      "text_alignment_mean": 0.24716417491436005,
      "text_alignment_median": 0.2447529435157776,
      "img_centroid_dist_mean": 0.9317408204078674,
      "img_centroid_dist_median": 0.9325922727584839
    }
  }
}