{
  "cifar100": {
    "global": {
      "knn_mean": 0.5426511764526367,
      "knn_median": 0.5392093062400818,
      "fid": 0.0029475119183651954,
      "kid_mean": -3.3363365234961864e-08,
      "kid_std": 9.107792990577287e-07
    },
    "class_aware": {
      "text_alignment_mean": 0.26979881525039673,
      "text_alignment_median": 0.273258775472641,
      "img_centroid_dist_mean": 0.5692151188850403,
      "img_centroid_dist_median": 0.5621099472045898
    }
  },
  "cifar10": {
    "global": {
      "knn_mean": 0.6589375138282776,
      "knn_median": 0.6579886674880981,
      "fid": 0.15440248947976257,
      "kid_mean": 0.00015012507097854843,
      "kid_std": 7.143547508557825e-06
    },
    "class_aware": {
      "text_alignment_mean": 0.22131229937076569,
      "text_alignment_median": 0.22048673033714294,
      "img_centroid_dist_mean": 0.6973020434379578,
      "img_centroid_dist_median": 0.6981157064437866
    }
  },
  "tinyimagenet": {
    "global": {
      "knn_mean": 0.780215322971344,
      "knn_median": 0.7821675539016724,
      "fid": 0.225354693378448,
      "kid_mean": 0.00076163499181094,
      "kid_std": 7.802754846313622e-06
    },
    "class_aware": {
      "text_alignment_mean": 0.23455917835235596,
      "text_alignment_median": 0.23242205381393433,
      "img_centroid_dist_mean": 0.8241748213768005,
      "img_centroid_dist_median": 0.8248718976974487
    }
  },
  "isun": {
    "global": {
      "knn_mean": 0.6308764219284058,
      "knn_median": 0.6309348344802856,
      "fid": 0.3458332991446553,
      "kid_mean": 0.001045602743360714,
      "kid_std": 1.849387152721122e-05
    },
    "class_aware": {
      "text_alignment_mean": 0.24444976449012756,
      "text_alignment_median": 0.24384480714797974,
      "img_centroid_dist_mean": 0.6731007099151611,
      "img_centroid_dist_median": 0.6770609021186829
    }
  },
  "lsun_resize": {
    "global": {
      "knn_mean": 0.6543678641319275,
      "knn_median": 0.651412844657898,
      "fid": 0.37997552167279863,
      "kid_mean": 0.0011463142527903792,
      "kid_std": 1.701720279068975e-05
    },
    "class_aware": {
      "text_alignment_mean": 0.23548610508441925,
      "text_alignment_median": 0.2347853183746338,
      "img_centroid_dist_mean": 0.6941823959350586,
      "img_centroid_dist_median": 0.6926504373550415
    }
  },
  "lsun_cropped": {
    "global": {
      "knn_mean": 0.6316127181053162,
      "knn_median": 0.6302529573440552,
      "fid": 0.3800956442292055,
      "kid_mean": 0.0010739776712136617,
      "kid_std": 1.4682268283077419e-05
    },
    "class_aware": {
      "text_alignment_mean": 0.2424779087305069,
      "text_alignment_median": 0.24300748109817505,
      "img_centroid_dist_mean": 0.6803044676780701,
      "img_centroid_dist_median": 0.6803324222564697
    }
  },
  "places365": {
    "global": {
      "knn_mean": 0.949537992477417,
      "knn_median": 0.9518270492553711,
      "fid": 0.5467252400283016,
      "kid_mean": 0.0019537150553110474,
      "kid_std": 2.0345358179357582e-05
    },
    "class_aware": {
      "text_alignment_mean": 0.20055939257144928,
      "text_alignment_median": 0.19753161072731018,
      "img_centroid_dist_mean": 1.0340044498443604,
      "img_centroid_dist_median": 1.0357627868652344
    }
  },
  "svhn": {
    "global": {
      "knn_mean": 0.6406739354133606,
      "knn_median": 0.631273090839386,
      "fid": 0.5619900127361448,
      "kid_mean": 0.0014510741345516998,
      "kid_std": 2.3902422711215155e-05
    },
    "class_aware": {
      "text_alignment_mean": 0.2304331511259079,
      "text_alignment_median": 0.23148810863494873,
      "img_centroid_dist_mean": 0.7412283420562744,
      "img_centroid_dist_median": 0.7358012795448303
    }
  },
  "textures": {
    "global": {
      "knn_mean": 0.8819677233695984,
      "knn_median": 0.8833180665969849,
      "fid": 0.48313838185267755,
      "kid_mean": 0.0014593076158739126,
      "kid_std": 1.5097578523314816e-05
    },
    "class_aware": {
      "text_alignment_mean": 0.2103915959596634,
      "text_alignment_median": 0.20912352204322815,
      "img_centroid_dist_mean": 0.9527385234832764,
      "img_centroid_dist_median": 0.9549592733383179
    }
  }
}