{
  "cifar10": {
    "global": {
      "knn_mean": 0.5261839628219604,
      "knn_median": 0.5240322351455688,
      "fid": 0.0025959291436317023,
      "kid_mean": -1.1419905316500944e-07,
      "kid_std": 1.2016799634682766e-06
    },
    "class_aware": {
      "text_alignment_mean": 0.25225433707237244,
      "text_alignment_median": 0.255858838558197,
      "img_centroid_dist_mean": 0.6014514565467834,
      "img_centroid_dist_median": 0.599808394908905
    }
  },
  "cifar100": {
    "global": {
      "knn_mean": 0.6993569135665894,
      "knn_median": 0.6935983896255493,
      "fid": 0.15419826899501038,
      "kid_mean": 0.00014742860708151007,
      "kid_std": 7.187871658152397e-06
    },
    "class_aware": {
      "text_alignment_mean": 0.18317028880119324,
      "text_alignment_median": 0.18143101036548615,
      "img_centroid_dist_mean": 0.780785858631134,
      "img_centroid_dist_median": 0.7836414575576782
    }
  },
  "tinyimagenet": {
    "global": {
      "knn_mean": 0.8248801827430725,
      "knn_median": 0.8303290605545044,
      "fid": 0.32647314955835466,
      "kid_mean": 0.0009196995547870391,
      "kid_std": 8.141202932659355e-06
    },
    "class_aware": {
      "text_alignment_mean": 0.1769493669271469,
      "text_alignment_median": 0.17188496887683868,
      "img_centroid_dist_mean": 0.9072083234786987,
      "img_centroid_dist_median": 0.9159804582595825
    }
  },
  "isun": {
    "global": {
      "knn_mean": 0.6773816347122192,
      "knn_median": 0.6766048669815063,
      "fid": 0.4338327109341763,
      "kid_mean": 0.0012759524377663745,
      "kid_std": 1.771078564085824e-05
    },
    "class_aware": {
      "text_alignment_mean": 0.19994351267814636,
      "text_alignment_median": 0.2000179886817932,
      "img_centroid_dist_mean": 0.7962857484817505,
      "img_centroid_dist_median": 0.7964019775390625
    }
  },
  "lsun_resize": {
    "global": {
      "knn_mean": 0.7000944018363953,
      "knn_median": 0.6990488767623901,
      "fid": 0.46852349064850773,
      "kid_mean": 0.0013804391108713787,
      "kid_std": 2.1462997104238503e-05
    },
    "class_aware": {
      "text_alignment_mean": 0.18980878591537476,
      "text_alignment_median": 0.1888122707605362,
      "img_centroid_dist_mean": 0.8142002820968628,
      "img_centroid_dist_median": 0.8122693300247192
    }
  },
  "lsun_cropped": {
    "global": {
      "knn_mean": 0.6752960085868835,
      "knn_median": 0.6710641384124756,
      "fid": 0.4853169022681508,
      "kid_mean": 0.0014013003518655775,
      "kid_std": 1.8109393558752694e-05
    },
    "class_aware": {
      "text_alignment_mean": 0.19235624372959137,
      "text_alignment_median": 0.19315868616104126,
      "img_centroid_dist_mean": 0.7963371276855469,
      "img_centroid_dist_median": 0.7929498553276062
    }
  },
  "places365": {
    "global": {
      "knn_mean": 1.0159823894500732,
      "knn_median": 1.0212652683258057,
      "fid": 0.6343281816811999,
      "kid_mean": 0.0020800604105234567,
      "kid_std": 1.7597684833805995e-05
    },
    "class_aware": {
      "text_alignment_mean": 0.14349663257598877,
      "text_alignment_median": 0.13886934518814087,
      "img_centroid_dist_mean": 1.1192132234573364,
      "img_centroid_dist_median": 1.125807523727417
    }
  },
  "svhn": {
    "global": {
      "knn_mean": 0.6891545057296753,
      "knn_median": 0.6799324750900269,
      "fid": 0.6332126664131172,
      "kid_mean": 0.001725021056136109,
      "kid_std": 2.5995945898665368e-05
    },
    "class_aware": {
      "text_alignment_mean": 0.2006014883518219,
      "text_alignment_median": 0.2018260359764099,
      "img_centroid_dist_mean": 0.8272116780281067,
      "img_centroid_dist_median": 0.8234447240829468
    }
  },
  "textures": {
    "global": {
      "knn_mean": 0.9439519643783569,
      "knn_median": 0.9478129148483276,
      "fid": 0.622823690341864,
      "kid_mean": 0.001813003776176112,
      "kid_std": 1.4977686685789415e-05
    },
    "class_aware": {
      "text_alignment_mean": 0.14716368913650513,
      "text_alignment_median": 0.14700013399124146,
      "img_centroid_dist_mean": 1.029525637626648,
      "img_centroid_dist_median": 1.0322184562683105
    }
  }
}