{
  "cifar100": {
    "global": {
      "knn_mean": 0.5756391882896423,
      "knn_median": 0.574927568435669,
      "fid": 0.0032619128939130894,
      "kid_mean": -1.1694838456755008e-07,
      "kid_std": 9.379972778983981e-07
    },
    "class_aware": {
      "text_alignment_mean": 0.29569873213768005,
      "text_alignment_median": 0.2986416220664978,
      "img_centroid_dist_mean": 0.6025905609130859,
      "img_centroid_dist_median": 0.5975973606109619
    }
  },
  "cifar10": {
    "global": {
      "knn_mean": 0.690628707408905,
      "knn_median": 0.6862372159957886,
      "fid": 0.15898852467178803,
      "kid_mean": 0.0001660989768225729,
      "kid_std": 8.301370910131484e-06
    },
    "class_aware": {
      "text_alignment_mean": 0.25061479210853577,
      "text_alignment_median": 0.24910418689250946,
      "img_centroid_dist_mean": 0.7268065214157104,
      "img_centroid_dist_median": 0.7247117161750793
    }
  },
  "tinyimagenet": {
    "global": {
      "knn_mean": 0.7982500195503235,
      "knn_median": 0.8013644218444824,
      "fid": 0.2234746660075728,
      "kid_mean": 0.0007542847251319618,
      "kid_std": 7.971519947483167e-06
    },
    "class_aware": {
      "text_alignment_mean": 0.24884894490242004,
      "text_alignment_median": 0.24804405868053436,
      "img_centroid_dist_mean": 0.8435523509979248,
      "img_centroid_dist_median": 0.8441145420074463
    }
  },
  "isun": {
    "global": {
      "knn_mean": 0.6762886047363281,
      "knn_median": 0.6781259179115295,
      "fid": 0.38294106095798675,
      "kid_mean": 0.0011828549734274319,
      "kid_std": 1.839220591077691e-05
    },
    "class_aware": {
      "text_alignment_mean": 0.25161486864089966,
      "text_alignment_median": 0.2509085536003113,
      "img_centroid_dist_mean": 0.7128493189811707,
      "img_centroid_dist_median": 0.715696394443512
    }
  },
  "lsun_resize": {
    "global": {
      "knn_mean": 0.7015849351882935,
      "knn_median": 0.7017452120780945,
      "fid": 0.42041099850837393,
      "kid_mean": 0.0012965941971558247,
      "kid_std": 1.734880493102824e-05
    },
    "class_aware": {
      "text_alignment_mean": 0.24379092454910278,
      "text_alignment_median": 0.2424193173646927,
      "img_centroid_dist_mean": 0.738822340965271,
      "img_centroid_dist_median": 0.7393125295639038
    }
  },
  "lsun_cropped": {
    "global": {
      "knn_mean": 0.6499966979026794,
      "knn_median": 0.6485940217971802,
      "fid": 0.39991498060721836,
      "kid_mean": 0.0011399808523198996,
      "kid_std": 1.58852635876386e-05
    },
    "class_aware": {
      "text_alignment_mean": 0.2636495530605316,
      "text_alignment_median": 0.26479676365852356,
      "img_centroid_dist_mean": 0.7120368480682373,
      "img_centroid_dist_median": 0.7112998366355896
    }
  },
  "places365": {
    "global": {
      "knn_mean": 0.9641400575637817,
      "knn_median": 0.9653239250183105,
      "fid": 0.5456193359463264,
      "kid_mean": 0.0019294271605819091,
      "kid_std": 1.699586698988809e-05
    },
    "class_aware": {
      "text_alignment_mean": 0.2247859388589859,
      "text_alignment_median": 0.22142115235328674,
      "img_centroid_dist_mean": 1.0567599534988403,
      "img_centroid_dist_median": 1.0566552877426147
    }
  },
  "svhn": {
    "global": {
      "knn_mean": 0.6826258301734924,
      "knn_median": 0.6806290149688721,
      "fid": 0.6222221051240691,
      "kid_mean": 0.0017063464099246594,
      "kid_std": 2.7479832449011693e-05
    },
    "class_aware": {
      "text_alignment_mean": 0.2488708645105362,
      "text_alignment_median": 0.24878570437431335,
      "img_centroid_dist_mean": 0.7788575291633606,
      "img_centroid_dist_median": 0.7778047323226929
    }
  },
  "textures": {
    "global": {
      "knn_mean": 0.9020161628723145,
      "knn_median": 0.9050165414810181,
      "fid": 0.5232132717074854,
      "kid_mean": 0.001611239246181313,
      "kid_std": 1.814504152774748e-05
    },
    "class_aware": {
      "text_alignment_mean": 0.23872599005699158,
      "text_alignment_median": 0.23844286799430847,
      "img_centroid_dist_mean": 0.9779684543609619,
      "img_centroid_dist_median": 0.9804708361625671
    }
  }
}