source_dataset,model_1,model_2,spearman_rho,spearman_p,kendall_tau,kendall_p,n_ood_sets
cifar10,ViT-B-32,ViT-B-16,0.9047619047619048,0.0020082755054294677,0.7857142857142856,0.005505952380952381,8
cifar100,ViT-B-32,ViT-B-16,0.9761904761904763,3.3143960262001043e-05,0.9285714285714285,0.0003968253968253968,8
supercifar100,ViT-B-32,ViT-B-16,1.0,0.0,0.9999999999999998,4.96031746031746e-05,8
tinyimagenet,ViT-B-32,ViT-B-16,0.9761904761904763,3.3143960262001043e-05,0.9285714285714285,0.0003968253968253968,8
