group,meta_mean_regret,meta_mean_norm_regret,single_mean_regret,single_mean_norm_regret,meta_wins,clique_hit_rate
all,3.754572547158833,0.015532421062445692,1.3783380301063108,0.007242453384352885,0.18064516129032257,0.23225806451612904
far,4.615806308411294,0.013877120154313855,2.0124620510220423,0.012155487494488594,0.17419354838709677,0.18064516129032257
mid,2.488648019528599,0.010663856116487316,1.554940101281701,0.0071768773181651434,0.0967741935483871,0.14838709677419354
near,5.314858155277964,0.023161616414267512,1.5666721184887076,0.008919916966864372,0.14838709677419354,0.0967741935483871
