group,meta_mean_norm_regret,single_mean_norm_regret,meta_wins_rate,clique_hit_rate
all,0.015433388522577338,0.007242453384352886,0.22083333333333333,0.18055555555555555
far,0.01638845526580911,0.01859949230537751,0.32708333333333334,0.14652777777777776
mid,0.012444167287036224,0.012224584938504134,0.2708333333333333,0.125
near,0.03179273304477947,0.01591415628988166,0.2986111111111111,0.12569444444444444
