dataset,dropout,n_paradigms,mean_pairwise_l2,per_metric_std
cifar10,False,3,0.17628688013042473,"[0.0033288963758136116, 0.02397239403125805, 0.0019431884476301968, 0.005435221046281206, 0.061209322666115576, 0.0034644582344678233, 0.07990774592263639, 0.029680953069126544]"
cifar10,True,3,0.568178497230461,"[0.007723726849969209, 0.035098967970500994, 0.028057906465291875, 0.1583929244252953, 0.13021879910031006, 0.18466325735365355, 0.15520448714515384, 0.08146537795246968]"
cifar100,False,3,0.34191096541962973,"[0.005545338510977889, 0.05668634662089842, 0.04193064070883654, 0.05339176216210195, 0.06275908156796048, 0.04172518237738106, 0.06213890262658001, 0.16377652730515177]"
cifar100,True,3,1.918131785449212,"[0.03660990765472806, 0.5518650658210976, 0.8803448208911968, 0.33033967313818186, 0.4067080906047868, 0.36937706207574433, 0.4333172517045563, 0.09698424945491022]"
supercifar,False,3,0.8015707305698433,"[0.04993264682641881, 0.23183350126698246, 0.04591976921981157, 0.27104566350501136, 0.10296531621899609, 0.27648154295187993, 0.09949082564852949, 0.25344290743353903]"
supercifar,True,3,1.9674416310362284,"[0.6065583836139854, 0.4893693514198949, 0.3508897909493095, 0.48822991717189806, 0.3645232908554028, 0.4478038648897982, 0.26932548350560154, 0.5916601058366879]"
tinyimagenet,False,3,0.24331727391012783,"[0.0005017927536273168, 0.0909510337882179, 0.11316213565693402, 0.02036960565430288, 0.01849790829757942, 0.019436791950334386, 0.02225911177952957, 0.018848557645132394]"
tinyimagenet,True,3,0.6676212674073013,"[0.0034086547746339153, 0.24581317932759317, 0.3481992840124198, 0.031679509871529385, 0.025010427915182386, 0.04312107980403507, 0.03153483650659501, 0.040505832762774155]"
