dataset,dropout,n_rewards,rewards,mean_pairwise_l2,per_metric_std
cifar10,False,4,"[2.2, 3.0, 6.0, 10.0]",0.46810888695712455,"[0.005451653098635777, 0.03808661755031165, 0.006218538952639503, 0.1312442177268365, 0.15551504102658356, 0.156919882919497, 0.187743889862757, 0.07381167042262621]"
cifar10,True,4,"[2.2, 3.0, 6.0, 10.0]",1.4783918414119348,"[0.01101513657953599, 0.11969373496234395, 0.051186144886436157, 0.6296786690409264, 0.3310528297887778, 0.6860984259976393, 0.39084920288706, 0.17127992269854683]"
cifar100,False,5,"[6.0, 10.0, 12.0, 15.0, 20.0]",0.32800002565558933,"[0.00504322081233371, 0.06766973972613187, 0.0751000665089558, 0.05956138322910685, 0.058012195607397926, 0.05089305489155854, 0.05613770832282099, 0.2158010914147973]"
cifar100,True,5,"[6.0, 10.0, 12.0, 15.0, 20.0]",4.850600201919116,"[0.06917421175297647, 1.8634248687275214, 2.1833835156004353, 1.0765843148192245, 1.6557390709103044, 1.2790661049318206, 2.039375879639746, 0.37035309751689055]"
supercifar,False,7,"[2.2, 3.0, 6.0, 10.0, 12.0, 15.0, 20.0]",2.3312138904434243,"[0.167845960681486, 0.741185310500888, 0.0965113664502551, 0.9850217291490666, 0.5368989608501697, 1.008911434392177, 0.5362182798894399, 1.0451673538937225]"
supercifar,True,7,"[2.2, 3.0, 6.0, 10.0, 12.0, 15.0, 20.0]",4.940423755756354,"[2.1410151227117074, 1.176225272504787, 1.292992256030199, 1.2065850632458806, 1.1825802613739373, 1.035521212224003, 0.7826693416484808, 1.719508263615329]"
tinyimagenet,False,4,"[10.0, 12.0, 15.0, 20.0]",0.524767199036362,"[0.0007641077293259947, 0.21725329889403672, 0.28955860013984475, 0.015092850423075295, 0.011144027846413225, 0.0058888615656316765, 0.009672870556825508, 0.017015340353664764]"
tinyimagenet,True,4,"[10.0, 12.0, 15.0, 20.0]",0.8369302133304889,"[0.0028844692405569114, 0.34723373593643336, 0.44710135797314554, 0.011092916238767805, 0.05801919943351987, 0.01438595362058644, 0.03637732389944868, 0.013887248280996724]"
