dataset,dropout,n_rewards,within_dg_l2,between_paradigm_l2,ratio_within_over_between
cifar10,False,4,0.46810888695712455,0.17628688013042473,2.6553813114781835
cifar10,True,4,1.4783918414119348,0.568178497230461,2.6019848491596096
cifar100,False,5,0.32800002565558933,0.34191096541962973,0.9593141455789012
cifar100,True,5,4.850600201919116,1.918131785449212,2.5288148805600144
supercifar,False,7,2.3312138904434243,0.8015707305698433,2.9083071543619674
supercifar,True,7,4.940423755756354,1.9674416310362284,2.511090381448466
tinyimagenet,False,4,0.524767199036362,0.24331727391012783,2.1567198686854887
tinyimagenet,True,4,0.8369302133304889,0.6676212674073013,1.2536002883501551
