{
  "tinyimagenet": {
    "global": {
      "knn_mean": 0.48155298829078674,
      "knn_median": 0.4826112985610962,
      "fid": 0.0032087807144417385,
      "kid_mean": -5.231286431595095e-08,
      "kid_std": 5.858709900760677e-07
    },
    "class_aware": {
      "text_alignment_mean": 0.24255876243114471,
      "text_alignment_median": 0.24221819639205933,
      "img_centroid_dist_mean": 0.4849827289581299,
      "img_centroid_dist_median": 0.4834369719028473
    }
  },
  "cifar100": {
    "global": {
      "knn_mean": 0.565069854259491,
      "knn_median": 0.561301052570343,
      "fid": 0.17760965329558873,
      "kid_mean": 0.0003638873829425915,
      "kid_std": 5.014200074969549e-06
    },
    "class_aware": {
      "text_alignment_mean": 0.2396782785654068,
      "text_alignment_median": 0.23753418028354645,
      "img_centroid_dist_mean": 0.5713291764259338,
      "img_centroid_dist_median": 0.564213752746582
    }
  },
  "cifar10": {
    "global": {
      "knn_mean": 0.566302478313446,
      "knn_median": 0.5671391487121582,
      "fid": 0.225333613441688,
      "kid_mean": 0.00038683925907412764,
      "kid_std": 4.141190848154571e-06
    },
    "class_aware": {
      "text_alignment_mean": 0.24001754820346832,
      "text_alignment_median": 0.23841899633407593,
      "img_centroid_dist_mean": 0.570241391658783,
      "img_centroid_dist_median": 0.5655932426452637
    }
  },
  "isun": {
    "global": {
      "knn_mean": 0.5303550958633423,
      "knn_median": 0.5278517007827759,
      "fid": 0.2243938334939744,
      "kid_mean": 0.00040679458549425896,
      "kid_std": 6.829840028578321e-06
    },
    "class_aware": {
      "text_alignment_mean": 0.21065489947795868,
      "text_alignment_median": 0.21036437153816223,
      "img_centroid_dist_mean": 0.5275534987449646,
      "img_centroid_dist_median": 0.5227150321006775
    }
  },
  "lsun_resize": {
    "global": {
      "knn_mean": 0.5418888926506042,
      "knn_median": 0.5389171242713928,
      "fid": 0.24065924642164085,
      "kid_mean": 0.00042431921136985905,
      "kid_std": 7.273965962068921e-06
    },
    "class_aware": {
      "text_alignment_mean": 0.2068614512681961,
      "text_alignment_median": 0.2064749002456665,
      "img_centroid_dist_mean": 0.5378270745277405,
      "img_centroid_dist_median": 0.5336068868637085
    }
  },
  "lsun_cropped": {
    "global": {
      "knn_mean": 0.5772041082382202,
      "knn_median": 0.5672132968902588,
      "fid": 0.2990556720067944,
      "kid_mean": 0.0005722045364227046,
      "kid_std": 7.521527646475054e-06
    },
    "class_aware": {
      "text_alignment_mean": 0.22664284706115723,
      "text_alignment_median": 0.22787785530090332,
      "img_centroid_dist_mean": 0.5940973162651062,
      "img_centroid_dist_median": 0.5813785195350647
    }
  },
  "places365": {
    "global": {
      "knn_mean": 0.7548710703849792,
      "knn_median": 0.7520288825035095,
      "fid": 0.26203999491831553,
      "kid_mean": 0.0005507301637575068,
      "kid_std": 1.073233990322151e-05
    },
    "class_aware": {
      "text_alignment_mean": 0.21524885296821594,
      "text_alignment_median": 0.21367350220680237,
      "img_centroid_dist_mean": 0.7999491691589355,
      "img_centroid_dist_median": 0.7968512773513794
    }
  },
  "svhn": {
    "global": {
      "knn_mean": 0.6023151278495789,
      "knn_median": 0.5975546836853027,
      "fid": 0.5334625642634384,
      "kid_mean": 0.0011262880250092699,
      "kid_std": 9.051896512989375e-06
    },
    "class_aware": {
      "text_alignment_mean": 0.22338230907917023,
      "text_alignment_median": 0.22234246134757996,
      "img_centroid_dist_mean": 0.7015846967697144,
      "img_centroid_dist_median": 0.6989322900772095
    }
  },
  "textures": {
    "global": {
      "knn_mean": 0.7226976156234741,
      "knn_median": 0.721452534198761,
      "fid": 0.3171249620895407,
      "kid_mean": 0.0006993933614095126,
      "kid_std": 5.834178925189748e-06
    },
    "class_aware": {
      "text_alignment_mean": 0.2195127159357071,
      "text_alignment_median": 0.21766921877861023,
      "img_centroid_dist_mean": 0.7565755248069763,
      "img_centroid_dist_median": 0.7531198263168335
    }
  }
}