{
  "cifar100": {
    "global": {
      "knn_mean": 0.3976520895957947,
      "knn_median": 0.3923426866531372,
      "fid": 0.002259741790739327,
      "kid_mean": -3.648874395523194e-08,
      "kid_std": 4.827855282323605e-07
    },
    "class_aware": {
      "text_alignment_mean": 0.250705748796463,
      "text_alignment_median": 0.25189292430877686,
      "img_centroid_dist_mean": 0.4094856083393097,
      "img_centroid_dist_median": 0.3993181586265564
    }
  },
  "cifar10": {
    "global": {
      "knn_mean": 0.46473705768585205,
      "knn_median": 0.45842498540878296,
      "fid": 0.07370137791472507,
      "kid_mean": 4.2208720294096835e-05,
      "kid_std": 2.1797398918283436e-06
    },
    "class_aware": {
      "text_alignment_mean": 0.22417345643043518,
      "text_alignment_median": 0.22396251559257507,
      "img_centroid_dist_mean": 0.4787977635860443,
      "img_centroid_dist_median": 0.46804553270339966
    }
  },
  "tinyimagenet": {
    "global": {
      "knn_mean": 0.6288323998451233,
      "knn_median": 0.6294967532157898,
      "fid": 0.17772349705007176,
      "kid_mean": 0.00036389363255467266,
      "kid_std": 5.116344203079379e-06
    },
    "class_aware": {
      "text_alignment_mean": 0.20578618347644806,
      "text_alignment_median": 0.20329642295837402,
      "img_centroid_dist_mean": 0.6503474712371826,
      "img_centroid_dist_median": 0.6489870548248291
    }
  },
  "isun": {
    "global": {
      "knn_mean": 0.49062925577163696,
      "knn_median": 0.48801493644714355,
      "fid": 0.19529317895267095,
      "kid_mean": 0.00041905623526659495,
      "kid_std": 6.287862778231052e-06
    },
    "class_aware": {
      "text_alignment_mean": 0.2005164474248886,
      "text_alignment_median": 0.1996334195137024,
      "img_centroid_dist_mean": 0.509586751461029,
      "img_centroid_dist_median": 0.5056887269020081
    }
  },
  "lsun_resize": {
    "global": {
      "knn_mean": 0.5053587555885315,
      "knn_median": 0.5014784336090088,
      "fid": 0.21720923543807447,
      "kid_mean": 0.00045636075975418855,
      "kid_std": 6.609919665211143e-06
    },
    "class_aware": {
      "text_alignment_mean": 0.19424259662628174,
      "text_alignment_median": 0.19349950551986694,
      "img_centroid_dist_mean": 0.5254493355751038,
      "img_centroid_dist_median": 0.5210332870483398
    }
  },
  "lsun_cropped": {
    "global": {
      "knn_mean": 0.5103037357330322,
      "knn_median": 0.5007354617118835,
      "fid": 0.17709571366968624,
      "kid_mean": 0.00032451310464214344,
      "kid_std": 4.11423046281997e-06
    },
    "class_aware": {
      "text_alignment_mean": 0.21911120414733887,
      "text_alignment_median": 0.22006377577781677,
      "img_centroid_dist_mean": 0.5251415371894836,
      "img_centroid_dist_median": 0.514029324054718
    }
  },
  "places365": {
    "global": {
      "knn_mean": 0.8119950890541077,
      "knn_median": 0.8077797889709473,
      "fid": 0.4129624166901795,
      "kid_mean": 0.0008584832495994199,
      "kid_std": 1.1346708039568712e-05
    },
    "class_aware": {
      "text_alignment_mean": 0.2074759304523468,
      "text_alignment_median": 0.2062932401895523,
      "img_centroid_dist_mean": 0.8529473543167114,
      "img_centroid_dist_median": 0.8493704199790955
    }
  },
  "svhn": {
    "global": {
      "knn_mean": 0.5743129849433899,
      "knn_median": 0.5722769498825073,
      "fid": 0.3752512741139332,
      "kid_mean": 0.000801240943397028,
      "kid_std": 9.31869011999796e-06
    },
    "class_aware": {
      "text_alignment_mean": 0.2161557972431183,
      "text_alignment_median": 0.21592821180820465,
      "img_centroid_dist_mean": 0.6258585453033447,
      "img_centroid_dist_median": 0.6254343390464783
    }
  },
  "textures": {
    "global": {
      "knn_mean": 0.747133195400238,
      "knn_median": 0.7492160201072693,
      "fid": 0.34749536225043476,
      "kid_mean": 0.0007454170240415348,
      "kid_std": 7.817819725176265e-06
    },
    "class_aware": {
      "text_alignment_mean": 0.2081933468580246,
      "text_alignment_median": 0.20624327659606934,
      "img_centroid_dist_mean": 0.7708507180213928,
      "img_centroid_dist_median": 0.7706022262573242
    }
  }
}