feature_set,matched_family,median_rho_matched,median_rho_unmatched,gap_matched_minus_unmatched
NC,feature,0.2417412480428228,0.1636958258808299,0.0780454221619929
HL,head,0.27368850640484244,0.5148080245584727,-0.2411195181536303
