feature_set,csf_family,median_spearman,q25_spearman,q75_spearman,median_r2,n_csfs,n_cells
HL,feature,0.5148080245584727,0.2211760138638468,0.7120514239251656,-0.16699416156561409,9,72
HL,head,0.27368850640484244,0.00011974177436152329,0.530466220941143,-0.1376235882930018,11,88
NC,feature,0.2417412480428228,-0.05274225012153923,0.4451005718621698,-0.33975910314130886,9,72
NC,head,0.1636958258808299,-0.18970588235294117,0.3484362434849815,-0.6025828264400397,11,88
