,group,methods,avg_rank
0,0,GEN,0.27777777777777773
1,0,Confidence,0.36666666666666664
2,0,MSR,0.5111111111111112
3,0,CTM,0.6555555555555556
4,0,fDBD,0.7666666666666667
5,0,Energy,0.9222222222222223
