,group,methods,avg_rank
0,0,GEN,0.27466666666666667
1,0,Confidence,0.41600000000000004
2,0,MSR,0.456
3,0,CTM,0.656
4,0,fDBD,0.7973333333333333
