methods,CTM,Confidence,GEN,MSR,fDBD
CTM,1.0,0.19501552810007564,0.03841743433750804,0.4995758943632592,0.31981335592809335
Confidence,0.19501552810007564,1.0,0.31981335592809335,0.4995758943632592,0.03841743433750804
GEN,0.03841743433750804,0.31981335592809335,1.0,0.11507711358252196,0.007669728020954256
MSR,0.4995758943632592,0.4995758943632592,0.11507711358252196,1.0,0.11507711358252196
fDBD,0.31981335592809335,0.03841743433750804,0.007669728020954256,0.11507711358252196,1.0
