feature,lr_mean_abs_coef,rf_gini_importance,lr_rank,rf_rank
equiangular_wc,0.41404365965049494,0.17791997926795475,6,1
equiangular_uc,0.408860026781397,0.15043273533209822,7,2
equinorm_uc,0.5689113173254616,0.14497890322853976,3,3
self_duality,0.46786753122123165,0.13283291723877905,4,4
var_collapse,0.7105135816455054,0.13247585088682057,2,5
equinorm_wc,0.7687307271278174,0.11032263818483491,1,6
max_equiangular_uc,0.43577013541708354,0.0757418331227842,5,7
max_equiangular_wc,0.260445475350004,0.0752951427381885,8,8
