,var_collapse,equiangular_uc,equiangular_wc,equinorm_uc,equinorm_wc,max_equiangular_uc,max_equiangular_wc,self_duality
KPCA RecError global,-1.0039112753408175,0.18975149736318825,-0.056918638439770824,-0.7722822805123426,-0.40644769072361614,0.23428681649327432,0.27986115780689774,-0.12834430925529208
Residual,0.4900241139846262,-0.18446374770112325,-0.14314881130391605,0.42298889784372473,-0.4135538862948974,-0.225965646596827,-0.1614232382341441,0.15560245366162243
pNML,0.513887161356191,-0.005287749662065009,0.20006744974368706,0.34929338266861754,0.8200015770185136,-0.00832116989644724,-0.11843791957275358,-0.027258144406330474
