feature,lr_mean_abs_coef,rf_gini_importance,lr_rank,rf_rank
equinorm_wc,0.5058056129004751,0.15708639537877725,1,1
var_collapse,0.47744997444920817,0.15252190634790141,3,2
self_duality,0.4787622063926789,0.14541329758231247,2,3
equiangular_uc,0.2953658059152212,0.13473686114740122,6,4
max_equiangular_uc,0.2714114185822805,0.11856164171260694,8,5
equiangular_wc,0.3039523837644672,0.11652083171618281,5,6
max_equiangular_wc,0.33435135815793715,0.09218063090851798,4,7
equinorm_uc,0.28675864549245833,0.08297843520629986,7,8
