,var_collapse,equiangular_uc,equiangular_wc,equinorm_uc,equinorm_wc,max_equiangular_uc,max_equiangular_wc,self_duality
CTM,-1.303447510261535,1.2321141882118216,-0.5887966319328147,0.9246027538733158,-0.6336915631075426,0.9161750693485151,-0.7215895972796001,-1.4089781837326223
CTMmean,-1.0077040153410584,-0.017556310454923972,0.08884638951132331,0.3636662800818851,1.6690961995266453,-0.029309645654641323,0.1211577643032759,1.069010947534139
CTMmeanOC,-1.0077040153410584,-0.017556310454923972,0.08884638951132331,0.3636662800818851,1.6690961995266453,-0.029309645654641323,0.1211577643032759,1.069010947534139
Energy,2.186425994351954,-0.8454418743152328,0.29288647505146853,-1.0189665863615471,-0.8421584584224414,-0.6131610806655114,0.3551440159709365,0.1122993350465041
GE,1.573652804751505,0.06951697016229604,-0.5945557597393316,-0.6792305891973666,-1.1133722088512366,0.1174518230983582,-0.871773367342272,1.565353134384921
NNGuide,-1.303447510261535,1.2321141882118216,-0.5887966319328147,0.9246027538733158,-0.6336915631075426,0.9161750693485151,-0.7215895972796001,-1.4089781837326223
fDBD,-1.0077040153410584,-0.017556310454923972,0.08884638951132331,0.3636662800818851,1.6690961995266453,-0.029309645654641323,0.1211577643032759,1.069010947534139
