,var_collapse,equiangular_uc,equiangular_wc,equinorm_uc,equinorm_wc,max_equiangular_uc,max_equiangular_wc,self_duality
CTM,-0.3717201907253805,-0.5353962142970897,-0.7838592654933444,-0.4025465614865878,-0.2730351161461033,-0.643189031236345,-0.824978618268555,-0.11409857765897556
CTMmean,-0.3717201907253805,-0.5353962142970897,-0.7838592654933444,-0.4025465614865878,-0.2730351161461033,-0.643189031236345,-0.824978618268555,-0.11409857765897556
CTMmeanOC,1.1084768331711732,-0.3532079328753754,-0.6406152984583254,-0.49849725403129064,-0.7527997573696996,-0.34041778880705664,-0.6981791712624963,0.6269945936100753
Energy,0.8857619663386782,0.06203664379991059,0.8016697094924516,-0.29657402507642266,-0.5524081154541621,0.395658840581163,0.9578001631646123,-0.8155159352740717
KPCA RecError global,1.1084768331711732,-0.3532079328753754,-0.6406152984583254,-0.49849725403129064,-0.7527997573696996,-0.34041778880705664,-0.6981791712624963,0.6269945936100753
MLS,0.8857619663386782,0.06203664379991059,0.8016697094924516,-0.29657402507642266,-0.5524081154541621,0.395658840581163,0.9578001631646123,-0.8155159352740717
NNGuide,0.8857619663386782,0.06203664379991059,0.8016697094924516,-0.29657402507642266,-0.5524081154541621,0.395658840581163,0.9578001631646123,-0.8155159352740717
NeCo,0.8857619663386782,0.06203664379991059,0.8016697094924516,-0.29657402507642266,-0.5524081154541621,0.395658840581163,0.9578001631646123,-0.8155159352740717
fDBD,0.6801952779431434,0.1910541018553928,-0.6832358383102666,0.28931097055604976,0.13717828730725173,-0.05113209695104855,-0.8810854695205836,1.8221635126076967
