feature,lr_mean_abs_coef,rf_gini_importance,lr_rank,rf_rank
equiangular_wc,0.355880570533737,0.17901738338243456,5,1
self_duality,0.5046054072389252,0.1535830062829274,2,2
max_equiangular_wc,0.3901115874954221,0.14991006961727338,4,3
max_equiangular_uc,0.3362432134920536,0.14098559216931747,6,4
equiangular_uc,0.3317019749801444,0.12128564048305682,7,5
equinorm_wc,0.5187181898885705,0.10357675858390589,1,6
equinorm_uc,0.21390485561562386,0.09660114399035598,8,7
var_collapse,0.406560120257753,0.0550404054907286,3,8
