method,var_collapse,equiangular_uc,equiangular_wc,equinorm_uc,equinorm_wc,max_equiangular_uc,max_equiangular_wc,self_duality
CTM,-0.05771463967204839,-0.00979056836937787,-0.06133852861319973,-0.0024990370520217623,-0.0069556890018726645,-0.011734539009284934,-0.04203238221026051,-0.055934616071934284
CTMmean,-0.0109766306266403,-0.013704788551409483,-0.014113971843644829,-0.0498522111058876,-0.06000007788856192,-0.021843174874885074,-0.012775376350156145,-0.06873376875881476
CTMmeanOC,-0.0109766306266403,-0.013704788551409483,-0.014113971843644829,-0.0498522111058876,-0.06000007788856192,-0.021843174874885074,-0.012775376350156145,-0.06873376875881476
Energy,0.001214620183840126,-0.0022075844027889245,0.0003889537927867448,0.0007705867287681239,0.004926712149216502,-0.008434553222845462,-0.0006851746128703921,0.005526439383893278
GE,-0.07037581866662754,-0.04520784724379085,-0.01624490244152348,-0.007213406212217249,-0.005904495188028363,-0.0757961680840118,-0.017979981232520793,-0.016027380931280023
NNGuide,-0.05771463967204839,-0.00979056836937787,-0.06133852861319973,-0.0024990370520217623,-0.0069556890018726645,-0.011734539009284934,-0.04203238221026051,-0.055934616071934284
fDBD,-0.0109766306266403,-0.013704788551409483,-0.014113971843644829,-0.0498522111058876,-0.06000007788856192,-0.021843174874885074,-0.012775376350156145,-0.06873376875881476
