feature,lr_mean_abs_coef,rf_gini_importance,lr_rank,rf_rank
var_collapse,0.4974773909644941,0.184456262391063,3,1
equiangular_wc,0.6926308653275499,0.16774149096522392,2,2
equinorm_uc,0.4382507539612837,0.14665601170409256,4,3
self_duality,0.36551070480481684,0.12247820226594845,8,4
max_equiangular_uc,0.4349872087770247,0.11299816573863652,5,5
equiangular_uc,0.4181057592804138,0.10835343974047676,7,6
equinorm_wc,0.7148532200870099,0.0902003088804204,1,7
max_equiangular_wc,0.42878459195611296,0.0671161183141385,6,8
