feature,lr_mean_abs_coef,rf_gini_importance,lr_rank,rf_rank
equinorm_wc,1.3569061006884529,0.23522542013224276,1,1
self_duality,0.6057800060346242,0.1885190874908661,6,2
var_collapse,0.6785419273763732,0.1378492595772568,5,3
equiangular_uc,0.8511396365421072,0.10743944186460577,3,4
max_equiangular_uc,0.5087701555822578,0.09630164849839341,7,5
equiangular_wc,0.7363882294201077,0.08843053574861803,4,6
max_equiangular_wc,0.9514485367108004,0.07402938805637556,2,7
equinorm_uc,0.40639888793303935,0.07220521863164163,8,8
