,var_collapse,equiangular_uc,equiangular_wc,equinorm_uc,equinorm_wc,max_equiangular_uc,max_equiangular_wc,self_duality
CTM,-0.9130185637392644,-0.03297639383334432,-0.7375465982717491,-0.052939821189532346,-0.5306283738638814,-0.2548966412690261,-0.7516546189960746,-0.7868179677338129
CTMmean,-0.2220279356643684,0.39091487923265805,-0.2397896116142453,0.715254865935023,1.0051630391426338,0.3242920970655937,-0.10167866103141406,0.7148561143048063
CTMmeanOC,-0.2220279356643684,0.39091487923265805,-0.2397896116142453,0.715254865935023,1.0051630391426338,0.3242920970655937,-0.10167866103141406,0.7148561143048063
Energy,1.0591892894343349,-0.18417267638891008,0.8031752560447177,-0.5840286650795923,-0.529630002031761,0.09030213579125759,0.6363661090406072,0.08851624434617933
GE,1.1308801177443406,0.6227401495477816,0.2992574229310113,-0.38933043331182793,-0.8910247194382356,0.9301632624855396,-0.13919182413367723,0.3125362650646841
NNGuide,-0.9130185637392644,-0.03297639383334432,-0.7375465982717491,-0.052939821189532346,-0.5306283738638814,-0.2548966412690261,-0.7516546189960746,-0.7868179677338129
fDBD,-0.2220279356643684,0.39091487923265805,-0.2397896116142453,0.715254865935023,1.0051630391426338,0.3242920970655937,-0.10167866103141406,0.7148561143048063
