method,var_collapse,equiangular_uc,equiangular_wc,equinorm_uc,equinorm_wc,max_equiangular_uc,max_equiangular_wc,self_duality,dropout
CTM,-0.029782281783800334,-0.04604930582709682,-0.041458550876213564,-0.01781926244483454,-0.011264260121216474,-0.03975907378267085,-0.049716359475322394,-0.06452430209460668,-7.660359423849145e-05
CTMmean,0.005466435786619,-0.017361231660510675,-0.00888953467142765,-0.008017863649540763,-0.023740786818785633,0.00846904030882295,-0.007315432864997346,-0.00026808588910997953,-0.00034254054107006057
CTMmeanOC,-0.029782281783800334,-0.04604930582709682,-0.041458550876213564,-0.01781926244483454,-0.011264260121216474,-0.03975907378267085,-0.049716359475322394,-0.06452430209460668,-7.660359423849145e-05
Confidence,-0.027139723315959072,-0.024777905329924837,-0.016035310920208396,-0.04871902652172148,-0.08405514519269629,-0.016287288145398246,-0.0125135387746445,-0.07312114291114245,-0.0014509188883045942
Energy,-0.052009174952837994,-0.007764763563894236,-0.015136122579257547,-0.024296686691333544,-0.010281459206434055,-0.010866119224760504,-0.014824301365050084,-0.01678961391197707,0.00026824149554515527
GE,-0.052009174952837994,-0.007764763563894236,-0.015136122579257547,-0.024296686691333544,-0.010281459206434055,-0.010866119224760504,-0.014824301365050084,-0.01678961391197707,0.00026824149554515527
Maha,-0.052009174952837994,-0.007764763563894236,-0.015136122579257547,-0.024296686691333544,-0.010281459206434055,-0.010866119224760504,-0.014824301365050084,-0.01678961391197707,0.00026824149554515527
NNGuide,-0.021060067632880982,-0.01697454145478379,-0.023737413969587264,-0.01010510571799976,-0.043102261975759656,-0.0127763670430057,-0.027686651097046457,-0.09544918525131502,-0.0010834058576213949
fDBD,-0.021060067632880982,-0.01697454145478379,-0.023737413969587264,-0.01010510571799976,-0.043102261975759656,-0.0127763670430057,-0.027686651097046457,-0.09544918525131502,-0.0010834058576213949
