method,var_collapse,equiangular_uc,equiangular_wc,equinorm_uc,equinorm_wc,max_equiangular_uc,max_equiangular_wc,self_duality
CTM,-0.0026097829866212224,0.0007642496392496368,-0.0002857142857142947,-1.1102230246251566e-17,0.0004843975468975482,-0.0011904761904761932,-3.9975649350670886e-05,0.0016273019260151622
Energy,0.0026097829866212176,-0.0007642496392496368,0.0002857142857142933,4.163336342344337e-18,-0.0004843975468975457,0.0011904761904761954,3.997564935065284e-05,-0.0016273019260151622
MLS,-0.0030886561355311353,-0.0410544467787115,-0.04500000000000002,-0.03371600877192983,-0.040000000000000015,-0.04375000000000001,-0.0008908883138275545,-0.04125000000000001
NNGuide,-0.07114220224273923,-0.022127995168080578,-0.02868801934245955,-0.0200833614722541,-0.01538671427005984,-0.02972134756089518,-0.04601529538585857,-0.020085064557652983
NeCo,0.0026097829866212176,-0.0007642496392496368,0.0002857142857142933,4.163336342344337e-18,-0.0004843975468975457,0.0011904761904761954,3.997564935065284e-05,-0.0016273019260151622
fDBD,-0.0030886561355311353,-0.0410544467787115,-0.04500000000000002,-0.03371600877192983,-0.040000000000000015,-0.04375000000000001,-0.0008908883138275545,-0.04125000000000001
