feature,lr_mean_abs_coef,rf_gini_importance,lr_rank,rf_rank
var_collapse,0.7981819101212181,0.23805707214209818,2,1
max_equiangular_wc,0.8620668556934595,0.15459561436632338,1,2
equiangular_uc,0.24626766348888507,0.13753857567374708,8,3
max_equiangular_uc,0.40010901104027824,0.1360019526257097,6,4
equiangular_wc,0.748762644909268,0.13500169039910154,3,5
equinorm_uc,0.36418830021083315,0.11299134425631674,7,6
self_duality,0.729601510693565,0.0638710161624605,4,7
equinorm_wc,0.48872005512838945,0.02194273437424281,5,8
