,var_collapse,equiangular_uc,equiangular_wc,equinorm_uc,equinorm_wc,max_equiangular_uc,max_equiangular_wc,self_duality
CTM,-0.6457245443329417,-0.8679314934784811,-0.32861192786840115,-0.7104035922062178,-0.38583254971186703,-0.8200547032818719,-0.3274456290705783,-0.6654937685660018
Energy,0.39343363818811394,0.35665050579458235,0.7052447787466739,0.33200270943066185,0.2615420618026663,0.4035643821341371,0.7193142086511631,0.5315446971445416
Maha,-0.5383527464741478,0.6361194715497506,-0.3562431894527417,0.08803927734165477,-0.8143006096301028,0.4401819623923246,-0.429359636657382,-0.46801708047783963
NNGuide,0.6122559637313305,-0.18384461638987123,0.4050881115071791,-0.0618991903656735,0.27354517981333737,0.044284538381362544,0.5930812584128426,-0.6307106107562518
fDBD,-0.15169329503984916,-0.18596265089693306,-0.45532301078364945,0.0770764182913585,0.9769272679499631,-0.24815024230421348,-0.45009124867466876,0.40537071566386446
pNML,0.33008098392749413,0.24496878342095105,0.029845237850938403,0.2751843775082148,-0.3118813502239974,0.1801740626782599,-0.10549895266137788,0.8273060469916863
