,var_collapse,equiangular_uc,equiangular_wc,equinorm_uc,equinorm_wc,max_equiangular_uc,max_equiangular_wc,self_duality
CTM,-0.6521436622798981,-0.858293195129393,-0.28600852207043026,-0.7190187556037427,-0.5159139341580543,-0.8032072654053147,-0.28586321609947707,-0.7179056519317918
Energy,0.351889825816092,0.22311860468685105,0.8513340554600659,0.2833524127536448,0.2777023953786986,0.34734987982321514,0.9119995135423863,0.40102861618816704
Maha,-0.5209300603201384,0.6614215251917429,-0.31035934968974366,0.08974698214975031,-0.8989806004650175,0.4709755723893199,-0.38164768416133943,-0.4901942483624019
NNGuide,0.6964037935346417,-0.019219906044322613,0.3144761456765037,-0.024696203344203336,0.10852713560732384,0.14139602171176174,0.45339104269159103,-0.5580190250420445
ViM,-0.1367814235615648,-0.13775693408943504,-0.3032659411477235,-0.0049520357067375466,0.6759052766565781,-0.1729706834012111,-0.29974921719549824,0.2650450225837493
fDBD,-0.11310527474053406,-0.1456868771673546,-0.34594818396018195,0.09952843447809494,0.7533788569673961,-0.200673298415662,-0.3452172796866462,0.2982436897260186
pNML,0.37466680155140203,0.27641678255191193,0.07977179573150965,0.27603916527319355,-0.4006191299869253,0.21712977329789102,-0.05291315909101622,0.8018015968383034
