feature,lr_mean_abs_coef,rf_gini_importance,lr_rank,rf_rank
var_collapse,1.3244815423805536,0.2490596025918762,1,1
equinorm_uc,1.17386979786755,0.2438641418066953,2,2
self_duality,0.4760972227287378,0.1882004297169935,5,3
max_equiangular_wc,0.7096096365381481,0.17829376318476295,3,4
equiangular_wc,0.17769101238745452,0.06369621043584632,8,5
equinorm_wc,0.49073159582390363,0.03509439951937896,4,6
max_equiangular_uc,0.3898587901057152,0.0273115155088268,7,7
equiangular_uc,0.3959765091351547,0.014479937235620091,6,8
