feature,lr_mean_abs_coef,rf_gini_importance,lr_rank,rf_rank
self_duality,0.3610039213723749,0.19638837804730197,7,1
var_collapse,0.907987105209416,0.17191580269803253,1,2
max_equiangular_wc,0.6158762085015983,0.1553810452019445,3,3
equinorm_uc,0.6776088003118572,0.1502316071413239,2,4
equinorm_wc,0.47694059789550636,0.12777260341674546,4,5
equiangular_wc,0.1408404603962863,0.124449806676277,8,6
max_equiangular_uc,0.43372823529971416,0.041670581032031674,5,7
equiangular_uc,0.3723645414615532,0.03219017578634292,6,8
