feature,lr_mean_abs_coef,rf_gini_importance,lr_rank,rf_rank
equiangular_wc,0.2540926575391184,0.1926417219769263,2,1
max_equiangular_wc,0.28658952317446135,0.1461257446636014,1,2
max_equiangular_uc,0.17004479185279417,0.14566291643229007,8,3
var_collapse,0.24159929484756779,0.12570896937772455,4,4
equiangular_uc,0.25384539549746327,0.12255570862135229,3,5
self_duality,0.23060798754901057,0.10762359774063647,6,6
equinorm_uc,0.23721030300749701,0.09732141681813611,5,7
equinorm_wc,0.2279669215277139,0.062359924369332964,7,8
