feature,lr_mean_abs_coef,rf_gini_importance,lr_rank,rf_rank
equiangular_wc,0.7256355113696028,0.15483076333740498,6,1
max_equiangular_wc,0.8785156947162502,0.13463683304550256,4,2
max_equiangular_uc,0.5889153199356661,0.13435138825985307,7,3
self_duality,0.9479392682478485,0.1287019243431751,3,4
equiangular_uc,0.520461074368874,0.12745291829229988,8,5
var_collapse,0.9880986031402367,0.11722632221563063,2,6
equinorm_uc,1.2421293742992887,0.10981189800565368,1,7
equinorm_wc,0.8695958913276509,0.09298795250048013,5,8
