feature,lr_mean_abs_coef,rf_gini_importance,lr_rank,rf_rank
var_collapse,1.3502142132384631,0.33248153268224645,1,1
equinorm_wc,0.9041010395910376,0.11811639101031493,3,2
equiangular_uc,0.4521527914223721,0.1040603810624675,6,3
equiangular_wc,0.4468861525750095,0.09844767522439976,7,4
max_equiangular_uc,0.2783764893878685,0.09624298034578944,8,5
self_duality,1.2925269708597407,0.08810136402609067,2,6
max_equiangular_wc,0.4535523870173965,0.0815969780443382,5,7
equinorm_uc,0.5614582459812226,0.08095269760435321,4,8
