feature,rf_gini_importance,rf_rank
equinorm_wc,0.3859741072305031,1
var_collapse,0.17281681241781083,2
self_duality,0.14402601780361413,3
equiangular_uc,0.0758228624197339,4
equinorm_uc,0.06823573061789905,5
max_equiangular_uc,0.06172605806124521,6
equiangular_wc,0.052781141142745416,7
max_equiangular_wc,0.038483115389032076,8
dropout,0.0001341549174163294,9
