feature,rf_gini_importance,rf_rank
equiangular_wc,0.20453141014867282,1
equiangular_uc,0.19498438528354428,2
max_equiangular_wc,0.16429924261236223,3
self_duality,0.11981454432494167,4
equinorm_uc,0.10426091715746252,5
max_equiangular_uc,0.10153501845113146,6
var_collapse,0.061820444853174825,7
equinorm_wc,0.04686679843173522,8
dropout,0.0018872387369750514,9
