feature,lr_mean_abs_coef,rf_gini_importance,lr_rank,rf_rank
equinorm_wc,0.4632085491256392,0.15961561491477494,4,1
self_duality,0.3115772227144231,0.14376167573654663,7,2
max_equiangular_wc,0.5196554110807687,0.14253444074057317,2,3
max_equiangular_uc,0.3192433080606122,0.11794722102172037,6,4
equiangular_uc,0.3233777389832183,0.1176360093735012,5,5
equiangular_wc,0.2722786838755783,0.11103880851555066,8,6
var_collapse,0.5913599013297076,0.1040101439260931,1,7
equinorm_uc,0.5136999653113177,0.10345608577123987,3,8
