feature,lr_mean_abs_coef,rf_gini_importance,lr_rank,rf_rank
equinorm_wc,1.3083439524834126,0.20890116539386427,1,1
self_duality,0.782840171815433,0.17153202931875516,5,2
equinorm_uc,0.29070131453093684,0.12643219700308733,8,3
var_collapse,0.9326077746926655,0.12077656974748387,3,4
equiangular_wc,0.7329199985295604,0.11364865979301174,6,5
max_equiangular_wc,0.9325733999528499,0.09569862873755212,4,6
max_equiangular_uc,0.6435961856303483,0.08595575397167407,7,7
equiangular_uc,0.9403970860400762,0.07705499603457147,2,8
