,var_collapse,equiangular_uc,equiangular_wc,equinorm_uc,equinorm_wc,max_equiangular_uc,max_equiangular_wc,self_duality
GE,1.3034534906780106,-0.15686191874909966,-0.026910047574413648,1.3974777305185653,-0.4259207748615298,-0.20615422917085155,-0.6929857473351773,0.438104736830872
GradNorm,1.3034534906780106,-0.15686191874909966,-0.026910047574413648,1.3974777305185653,-0.4259207748615298,-0.20615422917085155,-0.6929857473351773,0.438104736830872
Residual,-1.3034534906780109,0.15686191874909963,0.02691004757441363,-1.3974777305185653,0.4259207748615297,0.20615422917085158,0.6929857473351771,-0.43810473683087203
ViM,-0.695004599055435,-1.0110682603049752,0.582370762918847,-1.4560974998574494,-0.3299529581562656,-0.7955688611036402,1.0899063653855308,0.05803102907246712
pNML,-0.8795731045744433,0.8709721851395077,-0.44112457685927153,-0.44755534125924923,0.2787761332617626,1.0186962428696766,2.0105583579847592,-0.3554565297490629
