method,var_collapse,equiangular_uc,equiangular_wc,equinorm_uc,equinorm_wc,max_equiangular_uc,max_equiangular_wc,self_duality
CTM,-0.030241903745792505,-0.02082737949326449,-0.04715340554220669,-0.02102373660974253,-0.05756038019256515,-0.02041062389796116,-0.02660653513185669,-0.02155103538661086
CTMmean,-0.012943083124427787,-0.018181682236059926,-0.025996071301626185,-0.017142828094883718,-0.09330182607035403,-0.016451420816161254,-0.015964033291933778,-0.050269055064553356
CTMmeanOC,-0.012943083124427787,-0.018181682236059926,-0.025996071301626185,-0.017142828094883718,-0.09330182607035403,-0.016451420816161254,-0.015964033291933778,-0.050269055064553356
Energy,-0.011184507674247947,0.005873215149648501,-0.005700683723825646,0.006021446314039896,0.004652854243171048,0.007143877854848374,-0.006618759096446161,-0.0010624430671880678
GE,-0.05213337868684971,-0.02085251540377912,-0.05925221281843317,-0.020879622524255282,-0.015503006392040011,-0.022866610904272423,-0.04434865497107006,-0.020663998299300223
NNGuide,-0.030241903745792505,-0.02082737949326449,-0.04715340554220669,-0.02102373660974253,-0.05756038019256515,-0.02041062389796116,-0.02660653513185669,-0.02155103538661086
fDBD,-0.012943083124427787,-0.018181682236059926,-0.025996071301626185,-0.017142828094883718,-0.09330182607035403,-0.016451420816161254,-0.015964033291933778,-0.050269055064553356
