feature,lr_mean_abs_coef,rf_gini_importance,lr_rank,rf_rank
max_equiangular_wc,0.40636521569105727,0.16584153580495178,3,1
equiangular_wc,0.3653267963312254,0.1463994641939072,4,2
var_collapse,0.6601766573220434,0.1378497651831936,1,3
equinorm_wc,0.6378621169152711,0.12719952317349764,2,4
self_duality,0.3153998091840757,0.12184153820286113,5,5
equiangular_uc,0.21385569662076817,0.10608581838172552,7,6
equinorm_uc,0.18510953600261482,0.1002145674063228,8,7
max_equiangular_uc,0.23530158918367206,0.09456778765354022,6,8
