,var_collapse,cdnv_score,bias_collapse,equiangular_uc,equiangular_wc,equinorm_uc,equinorm_wc,max_equiangular_uc,max_equiangular_wc,self_duality,w_etf_diff,M_etf_diff,wM_etf_diff
CTM,-0.32761447718348696,-0.013470114275174758,-0.3617279983241661,-0.14723283077329094,-0.034587581184952136,-0.3953492630376956,-0.2360214599440579,-0.019248918038693635,-0.08581135232227406,-0.4213462021004545,0.12069869574729217,0.05699814583466826,0.0725040161162568
CTMmeanOC,-0.016682403916740023,0.23464447536880567,0.3626023423111414,0.2538082620871732,-0.1621579667684179,0.270201080654152,0.4253729497081221,0.20896220353033532,-0.004982323383682578,0.2889221968394896,0.08328011664140607,0.15799870586341283,0.13245825097053432
ViM,0.3442968811002268,-0.221174361093631,-0.0008743439869754945,-0.1065754313138825,0.1967455479533697,0.12514818238354336,-0.1893514897640644,-0.18971328549164201,0.0907936757059562,0.13242400526096462,-0.20397881238869828,-0.21499685169808117,-0.20496226708679122
