feature,lr_mean_abs_coef,rf_gini_importance,lr_rank,rf_rank
self_duality,0.7723710222529401,0.2566173363496201,3,1
equinorm_wc,1.6269795960297138,0.2066754559884571,1,2
equinorm_uc,0.8145016554463492,0.18686776045800568,2,3
max_equiangular_uc,0.26128737383059647,0.12330021804680462,8,4
equiangular_uc,0.48620923853668047,0.10163908129884466,5,5
var_collapse,0.6825096189118595,0.09889200082177683,4,6
max_equiangular_wc,0.39459609469644824,0.015306058559404681,6,7
equiangular_wc,0.3917695584176954,0.010702088477086234,7,8
