feature,lr_mean_abs_coef,rf_gini_importance,lr_rank,rf_rank
var_collapse,0.6025287416117905,0.19972597738957198,3,1
equiangular_wc,0.6426010609277769,0.17891630047101223,2,2
max_equiangular_uc,0.42930123708324835,0.1530046513349087,6,3
equinorm_uc,0.5445850464601055,0.1375228850030208,4,4
self_duality,0.27465090627083955,0.09360186381016465,8,5
equiangular_uc,0.4281015506376034,0.08772435061249644,7,6
equinorm_wc,0.6629910082294044,0.08161412139411407,1,7
max_equiangular_wc,0.43108319610157886,0.06788984998471116,5,8
