feature,lr_mean_abs_coef,rf_gini_importance,lr_rank,rf_rank
self_duality,0.7957548633461711,0.2591522332272682,3,1
equinorm_wc,1.6525588535823852,0.20412624993136774,1,2
equinorm_uc,0.8196855475563315,0.19475026325537492,2,3
equiangular_uc,0.5097529685262844,0.1235559346456039,5,4
var_collapse,0.5422503956665011,0.10711756642767555,4,5
max_equiangular_uc,0.30671281117593563,0.08167534169775433,8,6
max_equiangular_wc,0.3981954754178318,0.015155664354393618,6,7
equiangular_wc,0.38457332519222415,0.014466746460561756,7,8
