feature,lr_mean_abs_coef,rf_gini_importance,lr_rank,rf_rank
equiangular_uc,0.4062173501149876,0.1448481954109217,8,1
max_equiangular_uc,0.47816828093663066,0.14011626014351497,5,2
equinorm_wc,0.6725857530442306,0.13509892900499124,1,3
equiangular_wc,0.4282511364476866,0.13473943859873722,7,4
self_duality,0.5953879405016612,0.12695014737884286,2,5
max_equiangular_wc,0.4557802165880243,0.12515793582694199,6,6
var_collapse,0.5724344084830771,0.09788534630454017,4,7
equinorm_uc,0.5860603350991619,0.09520374733150985,3,8
