feature,lr_mean_abs_coef,rf_gini_importance,lr_rank,rf_rank
self_duality,1.0099519798984695,0.19398549465986684,2,1
max_equiangular_wc,1.114492037303715,0.15934740870219483,1,2
equinorm_wc,0.810419883658321,0.12315475786807167,5,3
equiangular_uc,0.9482814112304248,0.11515243801081293,3,4
max_equiangular_uc,0.7331369939312407,0.11303907069165815,7,5
var_collapse,0.8690382342043469,0.1078299534801436,4,6
equiangular_wc,0.804819897183186,0.10272752064756191,6,7
equinorm_uc,0.5339695421818248,0.08476335593969012,8,8
