feature,lr_mean_abs_coef,rf_gini_importance,lr_rank,rf_rank
equiangular_wc,0.272714654242178,0.19583884303001947,4,1
self_duality,0.3546315995608611,0.1688835061384244,1,2
equinorm_uc,0.21505748287594467,0.125569934552973,5,3
max_equiangular_uc,0.1990408898686485,0.12101926561057857,7,4
equinorm_wc,0.20844977560822198,0.11935456933181326,6,5
equiangular_uc,0.1632761343898702,0.10075440164218533,8,6
var_collapse,0.3013949961978272,0.08646635487254199,2,7
max_equiangular_wc,0.27661104924473845,0.08211312482146405,3,8
