,var_collapse,cdnv_score,bias_collapse,equiangular_uc,equiangular_wc,equinorm_uc,equinorm_wc,max_equiangular_uc,max_equiangular_wc,self_duality,w_etf_diff,M_etf_diff,wM_etf_diff
CTMmean,-0.5318571473573518,0.3606162473145447,-0.12258627995848728,-0.25607547138126924,-0.22747101113570448,-0.16471420862886654,-0.03037396630034895,-0.2927625227850792,-0.21548186502377073,-0.4034129833290892,0.389793389105569,0.33072645373378395,0.33754103963724136
NNGuide,0.33790711906626103,-0.36528249813335983,-0.30301153988636237,0.1794130537063265,0.5496468297446763,0.05142321475836807,-0.07261081202648098,0.3198666311430967,0.6251188680970843,-0.29391146081641834,-0.2168995774146292,-0.320090358780216,-0.2808921659841141
fDBD,0.1939500282910914,0.004666250818814874,0.42559781984484973,0.07666241767494288,-0.3221758186089713,0.11329099387049871,0.10298477832682998,-0.027104108358017177,-0.4096370030733133,0.6973244441455082,-0.17289381169094006,-0.01063609495356811,-0.056648873653127534
