feature,lr_mean_abs_coef,rf_gini_importance,lr_rank,rf_rank
equiangular_wc,1.2176461719545881,0.21230161497692634,4,1
self_duality,2.7697611970456655,0.20153329260083072,1,2
equiangular_uc,0.4641056303225854,0.15021276372408063,7,3
max_equiangular_wc,1.5234065437846778,0.14494318156948982,2,4
equinorm_uc,1.1998237963112375,0.10521940579869049,5,5
max_equiangular_uc,0.23972466015745572,0.09358179167233124,8,6
var_collapse,1.463839592395793,0.0574570610644443,3,7
equinorm_wc,1.168256633150831,0.03475088859320659,6,8
