feature,lr_mean_abs_coef,rf_gini_importance,lr_rank,rf_rank
var_collapse,0.39688197319836777,0.1885577947178045,1,1
equiangular_wc,0.3560383626867103,0.17983396090158982,2,2
max_equiangular_uc,0.19642377583511925,0.11969932710976562,6,3
max_equiangular_wc,0.15897868928158973,0.11389999609494401,8,4
equinorm_uc,0.31535867529901124,0.1133643873812308,4,5
equiangular_uc,0.2192633574722588,0.10714568904416202,5,6
self_duality,0.17085473983732377,0.10406076797742418,7,7
equinorm_wc,0.3276453636351244,0.07343807677307918,3,8
