feature,lr_mean_abs_coef,rf_gini_importance,lr_rank,rf_rank
equiangular_wc,0.7517191213875466,0.16199763202715295,5,1
max_equiangular_wc,0.934278656420756,0.15620310333892337,3,2
equiangular_uc,0.6005183058295487,0.15190861480555704,7,3
max_equiangular_uc,0.508164316811539,0.12443104325960057,8,4
var_collapse,0.847068669212852,0.11367208840286354,4,5
self_duality,0.9913050388580191,0.10243385009804745,2,6
equinorm_wc,0.7367881969608058,0.0969904064317511,6,7
equinorm_uc,1.0313807427002921,0.09236326163610414,1,8
