feature,lr_mean_abs_coef,rf_gini_importance,lr_rank,rf_rank
var_collapse,0.8951391886887969,0.2800522057085127,3,1
equinorm_uc,0.4817928107416425,0.1478218967824186,4,2
equiangular_wc,0.46226830076812947,0.13605447258907263,6,3
max_equiangular_wc,0.46464518902970386,0.10694124567239532,5,4
self_duality,1.2849900685484863,0.09783655814949097,2,5
max_equiangular_uc,0.3878717862192893,0.09088587614315963,7,6
equinorm_wc,1.324717480790813,0.08875950817611694,1,7
equiangular_uc,0.2300005737177106,0.051648236778833206,8,8
