,var_collapse,equiangular_uc,equiangular_wc,equinorm_uc,equinorm_wc,max_equiangular_uc,max_equiangular_wc,self_duality
CTM,-0.12563397335566498,-0.18377251437830272,0.23352447964921724,-0.11683706585821914,-0.4759968352018386,-0.1730970840671857,0.13186215665183046,-0.38565474123103255
CTMmeanOC,-0.7013123392412288,0.24759110984140312,-0.47426934827981765,0.5190152898409547,0.3372298656388896,0.13200090124718422,-0.1465773085033734,0.0207123584312014
Confidence,0.5246987396339011,-0.5503997125037573,0.056953007950589836,-0.7421140563641843,-0.13603979853462075,-0.4993439523354763,-0.29775461807148185,-0.20904218282904008
Maha,0.42559756382573355,0.12689617304377593,0.503118842191061,-0.053884077423566545,-0.3585426031398874,0.24538110249010545,0.28546632703189867,0.12509405960223197
NNGuide,-0.12334999086274025,0.35968494399688095,-0.31932698151104977,0.39381990980501475,0.6333493712374569,0.2950590326653725,0.027003442891126595,0.44889050602663955
