method,var_collapse,equiangular_uc,equiangular_wc,equinorm_uc,equinorm_wc,max_equiangular_uc,max_equiangular_wc,self_duality,dropout
CTM,-0.03126416521696271,-0.017658643319465206,-0.04367622187805958,-0.01741341329375506,-0.07678485499421989,-0.015199494878117462,-0.023817222706242015,-0.018714648812148436,-0.00047133490102965026
CTMmean,-0.013717304299362482,-0.014842034788402866,-0.013818732639864531,-0.008012876169433579,-0.1293099485074616,-0.007709814390582404,-0.014370808328591667,-0.04751223680378844,-8.124407251245506e-05
CTMmeanOC,-0.013717304299362482,-0.014842034788402866,-0.013818732639864531,-0.008012876169433579,-0.1293099485074616,-0.007709814390582404,-0.014370808328591667,-0.04751223680378844,-8.124407251245506e-05
Energy,-0.007184408209077617,0.004962432816252447,-0.003001958639882622,0.0037856999784753,0.0024001387670167674,0.002450703880094844,-0.003613431438646652,0.0008372388916876881,-0.00038641604592015873
GE,-0.07184900802149848,-0.013078416946489372,-0.05543641653855543,-0.02093826820675608,-0.01574880349272536,-0.014843341676444197,-0.04196957282196993,-0.017746222444868818,-0.0003899498506923428
NNGuide,-0.03126416521696271,-0.017658643319465206,-0.04367622187805958,-0.01741341329375506,-0.07678485499421989,-0.015199494878117462,-0.023817222706242015,-0.018714648812148436,-0.00047133490102965026
fDBD,-0.013717304299362482,-0.014842034788402866,-0.013818732639864531,-0.008012876169433579,-0.1293099485074616,-0.007709814390582404,-0.014370808328591667,-0.04751223680378844,-8.124407251245506e-05
