feature,lr_mean_abs_coef,rf_gini_importance,lr_rank,rf_rank
equinorm_wc,0.5466677180123424,0.18962132767432716,2,1
equiangular_wc,0.13337829982912464,0.17632951389489815,6,2
var_collapse,0.6692741835605448,0.1620822740477937,1,3
self_duality,0.10373496910774832,0.13284820868884945,8,4
max_equiangular_wc,0.1865741052045985,0.13146654167124194,4,5
equinorm_uc,0.5148548536748949,0.11274909993728141,3,6
max_equiangular_uc,0.15619121099551617,0.05349835364327506,5,7
equiangular_uc,0.1265009982421255,0.04140468044233316,7,8
