feature,lr_mean_abs_coef,rf_gini_importance,lr_rank,rf_rank
var_collapse,0.8295861071774786,0.2276082266931308,1,1
equiangular_wc,0.7354493436849153,0.20894181066275544,2,2
equinorm_uc,0.6192999843402602,0.14485611912495644,3,3
max_equiangular_wc,0.43408569056547425,0.09047391780599141,5,4
self_duality,0.19324681200787658,0.08888636316072486,8,5
max_equiangular_uc,0.3340453956153665,0.08799816330546208,7,6
equinorm_wc,0.596902743235256,0.08037147951528274,4,7
equiangular_uc,0.3888179699635549,0.07086391973169633,6,8
