,var_collapse,equiangular_uc,equiangular_wc,equinorm_uc,equinorm_wc,max_equiangular_uc,max_equiangular_wc,self_duality
CTM,-0.42117108666685854,0.08488068300111766,-0.44299854848907094,0.16511931000266633,-0.024282182601976485,-0.049244897417498365,-0.45604307002751626,-0.23429258580960055
CTMmean,-0.09331798417123886,0.162727457198723,-0.06475623926857885,0.28440951053056873,0.42159754803424043,0.11875990687457261,-0.04233162949163247,0.34706872937616784
Energy,0.27481411825671137,-0.409296641665491,0.32913069724854843,-0.36133415113527345,-0.14262166516319955,-0.2888438701241969,0.4001553738181677,-0.1509873174373153
pNML,0.23967495258138527,0.1616885014656496,0.1786240905091007,-0.0881946693979617,-0.2546937002690641,0.21932886066712193,0.09821932570098081,0.03821117387074787
