feature,lr_mean_abs_coef,rf_gini_importance,lr_rank,rf_rank
self_duality,0.4694386810133428,0.1554286962118773,2,1
max_equiangular_uc,0.4184334481400348,0.1405978513441106,5,2
equiangular_uc,0.46264659173305706,0.13770006198287885,3,3
equiangular_wc,0.16848360298794168,0.1334721643879238,8,4
equinorm_wc,0.3657487673072676,0.1297275984829751,6,5
var_collapse,0.4381319214112935,0.10618617062315289,4,6
equinorm_uc,0.5135490614436217,0.10523060892050197,1,7
max_equiangular_wc,0.20639889942569017,0.09165684804657938,7,8
