feature,rf_gini_importance,rf_rank
equinorm_wc,0.361569499000708,1
self_duality,0.23589567157002198,2
equiangular_uc,0.07554656605077582,3
var_collapse,0.07537378795169261,4
equinorm_uc,0.06977025972003141,5
max_equiangular_uc,0.06856634426297031,6
equiangular_wc,0.06730325908673448,7
max_equiangular_wc,0.04334611682151444,8
dropout,0.0026284955355509194,9
