,var_collapse,equiangular_uc,equiangular_wc,equinorm_uc,equinorm_wc,max_equiangular_uc,max_equiangular_wc,self_duality
CTM,-1.047781876866719,-0.662340007693273,-1.0496783509951,-0.685289479159362,0.0793461259824969,-0.7014589408506263,-1.0742140130151525,-0.3549766783065411
Energy,1.1750153921833764,0.5640039012443916,0.48778018355203473,0.2997173077350825,-0.26582039717728284,0.5071193139566561,0.3307255038144322,1.322411552214098
Maha,-0.8365728918400327,1.1089520447492336,-0.6424759049988468,0.21245734017332799,-1.3080832437707248,0.7150497085560573,-0.8086938039164879,-0.4591241682061156
NNGuide,0.73748801423008,-0.2036214083915373,0.45071529434073077,0.09540416312890862,0.21956071474532404,0.024323146412741754,0.6362559924488294,-0.6210545758861918
NeCo,0.10313491200159454,0.18924580510006442,0.9451383209931614,0.3465529916057595,0.47985436244174645,0.46570858812118704,1.1104419121395273,-0.05494821340092295
fDBD,-0.1312835497082999,-0.996240335008879,-0.19147954289198113,-0.26884232348371595,0.7951424377784456,-1.0107418161960144,-0.1945155914711481,0.16769208358567472
