feature,lr_mean_abs_coef,rf_gini_importance,lr_rank,rf_rank
var_collapse,0.9267307280175014,0.1861240475872829,1,1
max_equiangular_wc,0.8599991143028982,0.16969285531068737,2,2
self_duality,0.2818863296808405,0.16799744435134267,7,3
equinorm_uc,0.6036639518069512,0.15026844310720408,3,4
equiangular_wc,0.14851475634202413,0.11718697569316282,8,5
equinorm_wc,0.4735126834891355,0.10863211663280957,5,6
max_equiangular_uc,0.5141934435549912,0.05176993797959664,4,7
equiangular_uc,0.42488836241136874,0.048328179337914015,6,8
