feature,lr_mean_abs_coef,rf_gini_importance,lr_rank,rf_rank
equiangular_wc,0.4513521402186647,0.1737491883145563,5,1
self_duality,0.6860122351405734,0.16243501502104937,2,2
max_equiangular_wc,0.533887986976908,0.14888777841271242,3,3
max_equiangular_uc,0.4153199510900631,0.14828647487441524,6,4
equiangular_uc,0.47886726008435665,0.13000262303635124,4,5
var_collapse,0.7753677088065576,0.09725853774255004,1,6
equinorm_uc,0.33460760211921375,0.08918610927125613,8,7
equinorm_wc,0.36653202505944543,0.050194273327109365,7,8
