feature,rf_gini_importance,rf_rank
equinorm_wc,0.27186181224935996,1
var_collapse,0.1285962897778522,2
equiangular_wc,0.12344043581092802,3
self_duality,0.12120079794296075,4
max_equiangular_wc,0.09126762176641481,5
max_equiangular_uc,0.08828264046785125,6
equinorm_uc,0.0865712567577304,7
equiangular_uc,0.08587183378579617,8
dropout,0.002907311441106409,9
