method,var_collapse,equiangular_uc,equiangular_wc,equinorm_uc,equinorm_wc,max_equiangular_uc,max_equiangular_wc,self_duality
CTM,-0.003577960726317913,-0.0021096362761583924,0.002865624375964728,-0.006152172488754744,-0.0034307378701852027,0.0036286165926669198,0.002095744167028806,0.005388855559089105
Energy,-0.015189484452195074,0.00424964731586694,-0.0043783833002223466,0.0017090690164351823,0.005964948714371915,0.003440799234696221,0.0015581429198490994,-0.0011047394488020586
fDBD,-0.008835519699424178,-0.024341159892595075,-0.03136388473242999,-0.002822017700603196,-0.0616892421205628,-0.021346128730697293,-0.033700371395920234,-0.06348500906110048
