feature,lr_mean_abs_coef,rf_gini_importance,lr_rank,rf_rank
self_duality,0.2627780854223102,0.17798401302782516,4,1
var_collapse,0.5293023725622963,0.14513842928339935,1,2
max_equiangular_wc,0.34392290940681314,0.14046383827789496,3,3
equiangular_wc,0.21743345702053746,0.1184771845215577,6,4
equinorm_wc,0.23377547391309833,0.11512503123142016,5,5
equinorm_uc,0.3978036333574347,0.10989565894976491,2,6
max_equiangular_uc,0.18450561868338677,0.09713534794638277,8,7
equiangular_uc,0.20678463229434657,0.09578049676175503,7,8
