feature,lr_mean_abs_coef,rf_gini_importance,lr_rank,rf_rank
self_duality,1.1903639420724308,0.39222216493737316,2,1
equiangular_wc,0.9132869433612436,0.13796122236345087,5,2
var_collapse,1.2828900596249013,0.12181529071129507,1,3
max_equiangular_wc,1.1184333048586255,0.11697138006112247,3,4
max_equiangular_uc,0.4851777383916443,0.0697579434407282,8,5
equinorm_wc,0.9469544742984063,0.06069323583088248,4,6
equinorm_uc,0.6877540260072423,0.0533892342034503,6,7
equiangular_uc,0.6317811811000479,0.04718952845169733,7,8
