feature,lr_mean_abs_coef,rf_gini_importance,lr_rank,rf_rank
equiangular_wc,0.6491990590808531,0.2304043510821157,1,1
max_equiangular_wc,0.617111451112637,0.1576299858920725,2,2
equinorm_uc,0.366402481095813,0.13752877365004912,8,3
equinorm_wc,0.569668690962851,0.12702029203426016,3,4
var_collapse,0.39501084489898336,0.11919181086742342,7,5
max_equiangular_uc,0.5374735407862257,0.08854478501398409,4,6
self_duality,0.46424466269416276,0.08278673520010084,6,7
equiangular_uc,0.5164923682386949,0.05689326625999423,5,8
