,var_collapse,equiangular_uc,equiangular_wc,equinorm_uc,equinorm_wc,max_equiangular_uc,max_equiangular_wc,self_duality
CTM,-0.3307566622257943,0.8238679286388666,0.26377564229403855,-0.09403970524365686,-0.28574719939969295,0.4953326627607424,0.17772427732496118,-2.6333042993893185
CTMmeanOC,-1.0370425235083631,0.02610641898812551,0.17848356327099635,0.4547507987709394,1.3871929299513797,0.029296633642653926,0.2596106732578892,1.4035698599327917
Energy,1.9228028630007277,-0.4787649539185366,0.0814146813550725,-1.3772646348025386,-0.9791090161358565,-0.365750672604727,0.012197279068422747,0.4416911327666572
GE,1.7150969281001507,-0.6089467811189706,-0.5512289208028348,-0.11838827386753166,-0.8510692369060624,-0.3370784362246923,-0.575660979030853,1.4750519768613541
Maha,1.7150969281001507,-0.6089467811189706,-0.5512289208028348,-0.11838827386753166,-0.8510692369060624,-0.3370784362246923,-0.575660979030853,1.4750519768613541
NNGuide,-1.0370425235083631,0.02610641898812551,0.17848356327099635,0.4547507987709394,1.3871929299513797,0.029296633642653926,0.2596106732578892,1.4035698599327917
NeCo,1.7150969281001507,-0.6089467811189706,-0.5512289208028348,-0.11838827386753166,-0.8510692369060624,-0.3370784362246923,-0.575660979030853,1.4750519768613541
fDBD,-1.0370425235083631,0.02610641898812551,0.17848356327099635,0.4547507987709394,1.3871929299513797,0.029296633642653926,0.2596106732578892,1.4035698599327917
