feature,lr_mean_abs_coef,rf_gini_importance,lr_rank,rf_rank
self_duality,1.4911923094249993,0.3135911350747763,1,1
var_collapse,0.981804991726128,0.1700034812369616,3,2
equinorm_wc,1.4182726883000032,0.15963630110753807,2,3
equiangular_uc,0.23655716481760916,0.11984238641951064,8,4
max_equiangular_uc,0.3656291529936055,0.08806470690251227,6,5
equiangular_wc,0.43300894981896115,0.06350714636853706,4,6
max_equiangular_wc,0.26524072739640825,0.05083463737042071,7,7
equinorm_uc,0.3903429849526375,0.03452020551974327,5,8
