feature,lr_mean_abs_coef,rf_gini_importance,lr_rank,rf_rank
var_collapse,0.464954808221315,0.19563333446790052,1,1
equiangular_uc,0.17908049988422983,0.14887859683996002,5,2
self_duality,0.316569053178747,0.148288428569898,2,3
max_equiangular_uc,0.1395389314222785,0.14392963070548068,7,4
equiangular_wc,0.16259978485254836,0.11104935164664857,6,5
equinorm_uc,0.25812296329322876,0.0947035052380179,4,6
equinorm_wc,0.263840550625888,0.08479703357132502,3,7
max_equiangular_wc,0.11323740967608786,0.07272011896076934,8,8
