,var_collapse,equiangular_uc,equiangular_wc,equinorm_uc,equinorm_wc,max_equiangular_uc,max_equiangular_wc,self_duality
CTM,-0.37672023290810636,-0.13416101158294977,-0.33383137829140797,-0.10105964392828588,-0.24111971728271026,-0.21540176202350625,-0.3336155667301741,-0.38405260355554294
CTMmean,-0.44188676087578754,0.008074238862085753,-0.4093029864999307,0.2870242272372711,0.47507762963707045,-0.10689392683794685,-0.32014712924862554,0.1646308621139326
Energy,0.26388541198115834,-0.723391328488118,0.48718369981049137,-0.42928106223879536,-0.04702739467528739,-0.6136193063541552,0.6637722743196725,-0.24658471950878344
KPCA RecError global,0.1822445598684593,0.33611033757876274,0.02620532732195904,-0.17472231739550856,-0.6526996027696972,0.3630346625120202,-0.17322837766856064,-0.288909467469213
ViM,0.5481687568368347,0.3422018520993375,0.4168992857333267,-0.12761714254841175,-0.3301852279754862,0.46412740635112326,0.2601714845871616,0.17267127593817158
fDBD,-0.17569173490255974,0.17116591153088204,-0.18715394807443891,0.5456559388737308,0.795954313066111,0.10875292635246413,-0.09695268525947472,0.5822446524814344
