feature,rf_gini_importance,rf_rank
max_equiangular_wc,0.30663359001723484,1
equinorm_uc,0.23679804392638445,2
var_collapse,0.19273471652542548,3
self_duality,0.12125631097666104,4
equiangular_uc,0.06458772373113439,5
equiangular_wc,0.041363772980684686,6
max_equiangular_uc,0.02028875247472517,7
equinorm_wc,0.01534507573146278,8
dropout,0.0009920136362873157,9
