,var_collapse,equiangular_uc,equiangular_wc,equinorm_uc,equinorm_wc,max_equiangular_uc,max_equiangular_wc,self_duality
CTM,-1.4989362593359548,-0.1952775166104277,-0.23116106411129117,0.038007333693860376,0.2567957234823419,-0.35250802926780755,-0.23565563498055414,-0.7134974039785095
Energy,1.4989362593359548,0.1952775166104277,0.2311610641112913,-0.03800733369386042,-0.2567957234823419,0.35250802926780744,0.2356556349805542,0.7134974039785094
GE,-0.20504783081327602,0.5598567158995854,0.1819857316620074,0.6300551152460835,0.6883115920588067,0.44993559366542163,0.12083482389474662,0.6948339442917546
GradNorm,1.0484489278777245,-0.4116543758434714,-0.7345424148031111,-0.52449137388219,-0.5652594134853798,-0.38493895454671323,-0.7574162970056593,0.43782795967567323
MLS,0.47937393262271216,0.4670706202097985,0.8504504077499586,0.341707998409339,0.1650556103466818,0.6060715611098,0.8853529248935739,0.15877464644577133
NNGuide,0.47937393262271216,0.4670706202097985,0.8504504077499586,0.341707998409339,0.1650556103466818,0.6060715611098,0.8853529248935739,0.15877464644577133
NeCo,0.47937393262271216,0.4670706202097985,0.8504504077499586,0.341707998409339,0.1650556103466818,0.6060715611098,0.8853529248935739,0.15877464644577133
