,var_collapse,equiangular_uc,equiangular_wc,equinorm_uc,equinorm_wc,max_equiangular_uc,max_equiangular_wc,self_duality
CTMmeanOC,-1.4085937491907259,1.3524348706793752,-0.7808148716396182,0.27943806726348963,0.7499748796733993,1.12467703384517,-0.7761051933500319,-0.6280671663202013
KPCA RecError global,-1.3034534906780109,0.15686191874909963,0.02691004757441363,-1.3974777305185653,0.4259207748615297,0.20615422917085158,0.6929857473351771,-0.43810473683087203
Residual,1.3034534906780106,-0.15686191874909966,-0.026910047574413648,1.3974777305185653,-0.4259207748615298,-0.20615422917085155,-0.6929857473351773,0.438104736830872
ViM,1.3034534906780106,-0.15686191874909966,-0.026910047574413648,1.3974777305185653,-0.4259207748615298,-0.20615422917085155,-0.6929857473351773,0.438104736830872
pNML,1.3034534906780106,-0.15686191874909966,-0.026910047574413648,1.3974777305185653,-0.4259207748615298,-0.20615422917085155,-0.6929857473351773,0.438104736830872
