,var_collapse,equiangular_uc,equiangular_wc,equinorm_uc,equinorm_wc,max_equiangular_uc,max_equiangular_wc,self_duality
CTM,-1.3423582847492903,-0.30716449510757327,-0.2985053082444167,-0.044869853639800596,0.30998781297818606,-0.4230718625146967,-0.2860514861115943,-0.7249878906071061
Energy,1.34235828474929,0.30716449510757327,0.29850530824441673,0.04486985363980057,-0.309987812978186,0.42307186251469675,0.28605148611159426,0.7249878906071061
GE,-0.3436137325281003,0.5100328082842622,0.1973286706494906,0.6580212290229404,0.73343277365502,0.3607859890043019,0.12002836476524857,0.7304474950098142
GradNorm,1.1084768331711732,-0.3532079328753755,-0.6406152984583253,-0.49849725403129075,-0.7527997573696995,-0.3404177888070568,-0.6981791712624966,0.6269945936100753
MLS,0.37172019072538054,0.5353962142970898,0.7838592654933443,0.40254656148658785,0.2730351161461034,0.643189031236345,0.8249786182685551,0.11409857765897564
NNGuide,0.37172019072538054,0.5353962142970898,0.7838592654933443,0.40254656148658785,0.2730351161461034,0.643189031236345,0.8249786182685551,0.11409857765897564
NeCo,0.37172019072538054,0.5353962142970898,0.7838592654933443,0.40254656148658785,0.2730351161461034,0.643189031236345,0.8249786182685551,0.11409857765897564
