feature,lr_mean_abs_coef,rf_gini_importance,lr_rank,rf_rank
equiangular_wc,0.5201000518445721,0.1556076371487281,7,1
equiangular_uc,0.6653453423142853,0.1530726992651817,3,2
max_equiangular_uc,0.5484579905696113,0.14586622039815572,6,3
self_duality,0.8079511627435249,0.13571658544359042,2,4
var_collapse,1.1519986271124616,0.12703031507460977,1,5
max_equiangular_wc,0.6392881229586556,0.11829402242441187,4,6
equinorm_uc,0.32597697225405087,0.09160832028626574,8,7
equinorm_wc,0.5848133944000874,0.07280419995905683,5,8
