feature,lr_mean_abs_coef,rf_gini_importance,lr_rank,rf_rank
self_duality,0.2544315715454636,0.21210527140906849,8,1
var_collapse,0.8047754032973978,0.18442764901638475,1,2
max_equiangular_wc,0.6419790170261785,0.12253744931176674,2,3
equinorm_wc,0.3529579991141697,0.11714194774210906,4,4
equinorm_uc,0.5525839571034952,0.11025266164999965,3,5
equiangular_wc,0.2844252513358906,0.10022625170032758,7,6
max_equiangular_uc,0.3513564447057705,0.07990937463493576,5,7
equiangular_uc,0.29261952758579995,0.07339939453540795,6,8
