,var_collapse,equiangular_uc,equiangular_wc,equinorm_uc,equinorm_wc,max_equiangular_uc,max_equiangular_wc,self_duality
CTM,-2.1726561283568437,-0.035906336935849374,-0.321559654401259,0.44743543537688063,-0.3381861241944343,-0.29429563808325354,-0.37276902759660885,-1.1533971416662019
Energy,2.047436951428951,-0.3541295985380181,0.3358788364376984,-1.0477243078798049,-1.113200745720894,0.007282460322774767,0.31209068832716924,0.13760273311051088
MLS,2.172656128356844,0.03590633693584937,0.321559654401259,-0.44743543537688035,0.33818612419443406,0.29429563808325354,0.3727690275966088,1.1533971416662019
NNGuide,0.3421846278046326,-0.7610068652688083,0.8414684402416863,-0.8929749154759966,2.2795186317457135,-0.570944241538835,1.2756155364745405,0.46171161377346254
NeCo,1.4326150008999772,0.6451472236390405,-1.0069446692677329,0.2987078545480867,0.33197533747539615,0.4848999780270141,-1.169535888145881,1.9050133299329275
PCE,-0.21597019869135595,0.4858453368377199,-0.28252316861849,0.7443535154955466,1.6306584360069258,0.31551254129850104,-0.20036665692632016,1.0438037082982632
PE,-0.21597019869135595,0.4858453368377199,-0.28252316861849,0.7443535154955466,1.6306584360069258,0.31551254129850104,-0.20036665692632016,1.0438037082982632
fDBD,-0.21597019869135595,0.4858453368377199,-0.28252316861849,0.7443535154955466,1.6306584360069258,0.31551254129850104,-0.20036665692632016,1.0438037082982632
