feature,lr_mean_abs_coef,rf_gini_importance,lr_rank,rf_rank
var_collapse,0.6278278813285688,0.1753997738949229,2,1
equiangular_wc,0.6404268125805017,0.15392343356706567,1,2
max_equiangular_uc,0.2576782238750355,0.14068185702228747,7,3
equiangular_uc,0.30572784709644085,0.13333027356199745,6,4
equinorm_uc,0.4621629294184299,0.12756078177391952,4,5
self_duality,0.20357719774383135,0.10843263337463024,8,6
max_equiangular_wc,0.4252721385674529,0.08933232722970699,5,7
equinorm_wc,0.4819533372180994,0.07133891957546976,3,8
