feature,lr_mean_abs_coef,rf_gini_importance,lr_rank,rf_rank
equinorm_wc,1.3688340892223925,0.22241423241790445,3,1
self_duality,1.6061704048241554,0.18419524013629798,2,2
var_collapse,2.274320721675427,0.12279688623744255,1,3
max_equiangular_wc,1.0381078507841643,0.10577350441341289,6,4
equiangular_wc,0.571216757954793,0.10555012424999127,8,5
equiangular_uc,1.0941741963005873,0.10534218659030642,5,6
max_equiangular_uc,0.7159683936498943,0.10011376499787848,7,7
equinorm_uc,1.2889295600385213,0.05381406095676607,4,8
