,var_collapse,cdnv_score,bias_collapse,equiangular_uc,equiangular_wc,equinorm_uc,equinorm_wc,max_equiangular_uc,max_equiangular_wc,self_duality,w_etf_diff,M_etf_diff,wM_etf_diff
CTM,0.18007581663866612,0.05300476793219284,-0.47002253762766005,0.04872524454424301,-0.46998667102750485,-0.6364691398319123,-1.0506120598630657,0.10883414669750965,-0.656394958772878,-0.6602751824207025,0.4542892588178955,0.3474794217196898,0.35641750517515375
CTMmeanOC,0.13016424142856592,0.5770368634975791,-0.019748621264137813,0.2536391887781019,-0.5379952398813923,0.1624781645648637,0.5271068460633125,0.15408407687707745,-0.4744603354330249,0.4327691025275742,-0.12206647031100563,0.19521507032572097,0.06405371830460807
Energy,0.29833082259119315,-0.08675500232805747,0.5709783871863886,-0.47495645040316026,0.9233261752693113,-0.2590714567206838,-0.4303628334260298,-0.49661091418088127,0.8490728232173863,0.2752908025990849,0.11929829521841238,-0.16390850396031004,-0.020310134017033847
NNGuide,0.06330477742014058,0.13654924071791805,-0.6807353466157058,0.3521515554343124,0.28106479905398024,0.10539198630345802,0.7118253397044857,0.5275358536715742,0.5867451684273582,-0.26578758240196476,-0.31947468957119457,-0.1508923790677383,-0.235162843737406
ViM,-0.2501597654054288,-0.5157437997952702,0.2062673938043267,0.14630333642184834,-0.43811365338341124,0.23953880839280378,-0.4663645328619852,0.013199925336564115,-0.5422700962389897,0.15870547801601625,-0.44079260017073196,-0.3147720171328977,-0.36077454764719225
fDBD,-0.42171589267313786,-0.16409207002436188,0.39326072451678834,-0.32586287477534565,0.2417045899690174,0.38813163729147093,0.708407240383284,-0.3070430884018447,0.23730739880014903,0.05929738167999058,0.3087462060166251,0.08687840811553581,0.1957763019218713
