feature,lr_mean_abs_coef,rf_gini_importance,lr_rank,rf_rank
max_equiangular_uc,0.3366981421108882,0.1550313036935054,5,1
equiangular_wc,0.3309214860834327,0.15335074934967238,6,2
max_equiangular_wc,0.3554966418262417,0.13866122202776238,4,3
self_duality,0.4891173600664101,0.13763187891605108,1,4
equiangular_uc,0.32630172384467704,0.1298374890124875,7,5
equinorm_wc,0.48645001686873296,0.10473505973543903,2,6
equinorm_uc,0.22467528758635513,0.09584474215908997,8,7
var_collapse,0.4426884980978297,0.08490755510599227,3,8
