,var_collapse,equiangular_uc,equiangular_wc,equinorm_uc,equinorm_wc,max_equiangular_uc,max_equiangular_wc,self_duality
CTM,-1.477992409907891,-0.16151277525993715,-0.7139657315776181,-0.048158392631196034,-0.6959287355380331,-0.29064382485812135,-0.8747477188285898,-0.0698574396933321
Confidence,-0.0053263961130958215,0.17761862563804162,-0.1662943838600709,-0.21730259461189239,-1.0769610883007277,0.22258163214145307,-0.10236411735067587,-0.7384905275432398
Energy,1.3632577506421917,-0.3943386882954395,0.4655918266800018,-0.24774005773615185,0.07639070153523025,-0.28682107885276453,0.5797468426421738,-0.36993753220934344
GradNorm,-0.1549657654888833,0.24288645982760668,0.4809208542503604,0.4248708991319911,0.302548599008368,0.2642410976058305,0.518404362043559,0.47957473942461193
fDBD,-0.2701719221755949,-0.23178605417050743,-0.4016137240806252,-0.13918729204153213,1.123774529158502,-0.2730988651096716,-0.40105925160747213,0.3249526442837194
pNML,0.5451987430432741,0.3671324322602349,0.33536115858795096,0.22751743788878104,0.2701759941366589,0.3637410390732733,0.2800198831010052,0.3737581157375829
