,var_collapse,equiangular_uc,equiangular_wc,equinorm_uc,equinorm_wc,max_equiangular_uc,max_equiangular_wc,self_duality
CTM,-0.4366192009757729,-0.12485854807423197,-0.2024961142123869,0.11328561121100264,-0.09706998955232439,-0.15962674915633848,-0.2712539025624645,-0.30543642077204053
NNGuide,0.5378015682248309,-0.0565975773178981,0.3133423645758998,-0.3202607835078694,-0.17896574782900068,0.007394055471423844,0.2298298188724355,0.09162728655659994
fDBD,-0.10118236724905792,0.18145612539212977,-0.11084625036351305,0.20697517229686652,0.27603573738132503,0.15223269368491432,0.04142408369002888,0.2138091342154406
