feature,lr_mean_abs_coef,rf_gini_importance,lr_rank,rf_rank
max_equiangular_uc,0.6504383835144292,0.193396123668272,3,1
equiangular_uc,0.592117201629042,0.1858963638372372,4,2
equiangular_wc,0.4940538036768148,0.16825414025246932,5,3
equinorm_uc,0.42033920408544434,0.1539682322072703,7,4
max_equiangular_wc,0.672440128498949,0.14363821740414018,2,5
equinorm_wc,0.7203707544868923,0.06961303370940665,1,6
self_duality,0.474892999119828,0.051447717636878866,6,7
var_collapse,0.3586910456044393,0.03378617128432552,8,8
