,var_collapse,equiangular_uc,equiangular_wc,equinorm_uc,equinorm_wc,max_equiangular_uc,max_equiangular_wc,self_duality
PE,0.9350565935690857,-0.23172757859381085,0.014636953801935568,0.6221045875494366,-0.4093118037400127,-0.26478858365450036,-0.4111348443729726,0.1948473461720825
ViM,-0.8222583502238959,0.08205217100683661,-0.06539570075415518,-0.4905204644228182,-0.01651045860095038,0.008631363593288938,-0.5459545427125424,0.17829753640406606
pNML,-0.11279824334518997,0.14967540758697404,0.05075874695221956,-0.13158412312661844,0.42582226234096304,0.25615722006121106,0.9570893870855145,-0.3731448825761487
