feature,lr_mean_abs_coef,rf_gini_importance,lr_rank,rf_rank
self_duality,2.2886849822142112,0.22658611255957323,1,1
equiangular_wc,0.8768708828476974,0.15469241491309652,6,2
equinorm_uc,1.4098195645962526,0.14111187111472132,2,3
max_equiangular_uc,0.3648126825934978,0.12342262149476067,8,4
max_equiangular_wc,1.3810133843384538,0.11827018265676768,4,5
var_collapse,1.2922498758512386,0.09778828536174082,5,6
equiangular_uc,0.7078946395087545,0.09214395074716064,7,7
equinorm_wc,1.4063529989326118,0.04598456115217914,3,8
