,var_collapse,equiangular_uc,equiangular_wc,equinorm_uc,equinorm_wc,max_equiangular_uc,max_equiangular_wc,self_duality
GradNorm,0.6371639186078677,0.055624118793513165,-0.07040906855698374,0.28871718031236476,-0.19201599383398857,0.05519234719468805,-0.25372321972028683,0.15824616215602433
KPCA RecError global,0.42144082651672476,-0.12087988258997337,-0.06366254826799936,0.5068900864025043,-0.27553495399220806,-0.14714690557857046,-0.15743644854805006,0.17023894195594824
Residual,-1.0401934029983892,0.3579451457951798,-0.3007952972160916,-0.5982887740963542,0.11093477554660704,0.31381889017208525,-0.27668615054528956,0.1970710667326474
pNML,-0.01841134212620346,-0.29268938199871997,0.43486691404107514,-0.1973184926185156,0.3566161722795897,-0.22186433178820325,0.6878458188136262,-0.5255561708446207
