feature,lr_mean_abs_coef,rf_gini_importance,lr_rank,rf_rank
equiangular_uc,0.4010534697565236,0.15094047076198575,7,1
equiangular_wc,0.4169174781619433,0.14411513327590691,6,2
max_equiangular_wc,0.4874817924926974,0.14332502663465718,5,3
var_collapse,0.5652092869213932,0.1318560375120618,2,4
equinorm_wc,0.49780056641745235,0.12371608278014298,4,5
max_equiangular_uc,0.36956401453108945,0.12277751086663495,8,6
self_duality,0.5536728434462744,0.10491288892773032,3,7
equinorm_uc,0.5938389687439198,0.07835684924088017,1,8
