,var_collapse,cdnv_score,bias_collapse,equiangular_uc,equiangular_wc,equinorm_uc,equinorm_wc,max_equiangular_uc,max_equiangular_wc,self_duality,w_etf_diff,M_etf_diff,wM_etf_diff
CTM,-0.3782952386173114,0.21014055418115254,-0.11364336432597875,-0.3656517103194874,-0.4694304228942201,-0.34109336236722054,-0.10714967705069381,-0.3718968234278727,-0.4661164026638579,-0.2759448439689661,0.14112988504402102,0.15467513371245611,0.13078994604041996
Energy,0.28272195247002196,-0.0836219844177965,0.0668441503871404,0.16660095826752322,-0.23637975355145724,-0.10363914662257594,-0.16671625047862143,0.12661137931142322,-0.29904510060179185,0.22102282095582285,-0.16276939530863044,-0.0457212244167092,-0.08041065889401368
NNGuide,0.08474042464968672,-0.28401280362495246,-0.26330456002517766,-0.03842205969029165,0.3267602286125538,0.08394938520802478,-0.06022227766689715,0.050496926167141465,0.37718221875379077,-0.21592172944151522,-0.15842257367755808,-0.24925328362560392,-0.21364021837816144
NeCo,0.0605457293724731,-0.019496692287290843,0.12328279112494263,0.09202463127089941,0.30347247043546266,0.07593479724238714,0.09594189844391977,0.09427454764142404,0.3259398784877068,0.05426918182456597,0.03824381725573141,-0.02357078826751925,0.003948698401991167
fDBD,-0.04971286787487073,0.17699092614888706,0.18682098283907297,0.14544818047135574,0.07557747739766073,0.28484832653938413,0.2381463067522921,0.10051397030788416,0.0620394060241512,0.21657457063009197,0.14181826668643624,0.16387016259737702,0.15931223282976448
