,var_collapse,equiangular_uc,equiangular_wc,equinorm_uc,equinorm_wc,max_equiangular_uc,max_equiangular_wc,self_duality
CTM,-1.0311316213738584,1.8726486880452735,-1.0685638638920538,1.6460734552590126,-0.03382692457199874,0.7952211418025662,-1.4633167905738198,-3.19795450443377
Energy,3.203106114730913,-1.0964325995378246,0.7344793050475654,-2.29065889301649,-1.8444321637239411,0.3416330936470963,0.835959790852676,0.49974487668743256
MLS,1.0311316213738584,-1.8726486880452682,1.068563863892053,-1.6460734552590088,0.03382692457199963,-0.7952211418025615,1.463316790573818,3.1979545044337647
NNGuide,-1.2025617789582224,-1.583663039145277,0.7333792060931894,-1.3244894215148504,1.1396652887327958,-0.8945341046552615,1.9613424433062554,1.4057000538833837
NeCo,0.4879748005218214,-0.6246974030887213,-0.4031822058456459,-0.4775734963393346,0.48988547160087037,-0.4935861259862925,-0.4996931858430341,4.4024991640204485
PCE,-2.4172942713371457,-0.6024269502186603,-0.2457917627236255,0.2516403655842229,1.1224048152104398,-0.9117379826473253,0.3170213181935606,2.9130662839016495
PE,-2.4172942713371457,-0.6024269502186603,-0.2457917627236255,0.2516403655842229,1.1224048152104398,-0.9117379826473253,0.3170213181935606,2.9130662839016495
fDBD,-2.4172942713371457,-0.6024269502186603,-0.2457917627236255,0.2516403655842229,1.1224048152104398,-0.9117379826473253,0.3170213181935606,2.9130662839016495
