method,var_collapse,equiangular_uc,equiangular_wc,equinorm_uc,equinorm_wc,max_equiangular_uc,max_equiangular_wc,self_duality
CTM,-0.004180380277551428,0.005766516750708592,0.002585705236256577,-0.0038853490186647505,0.0028028765054028365,-0.002387100214855221,0.000514653222469101,-0.0020502555370990705
Energy,-0.0021359946443821626,-0.001766712948242354,0.0038888749683975324,-0.0016834348386636055,-0.002111324727801153,-0.0005470314094774678,-0.00177461501896682,0.004713571952469327
fDBD,-0.018454052476634595,-0.01515032462856789,-0.003219944839153913,-0.05511570876169037,-0.06370411901941231,-0.015513900640295541,-0.00036866547439941576,-0.07880661749317941
