,var_collapse,equiangular_uc,equiangular_wc,equinorm_uc,equinorm_wc,max_equiangular_uc,max_equiangular_wc,self_duality
CTM,0.05231705635167812,0.37989353700236883,-0.6396258142944123,-0.12544433040117664,-1.1057543880535312,0.3882635050044096,-0.884347326970501,-0.5622445809899376
Energy,0.2963620109998011,-0.2802836940487136,0.8560308876465738,-0.49183847129612596,-0.20867326357642837,-0.19753284763609275,0.8717390784701498,-0.13932650887619152
fDBD,-0.257175957739331,0.23421705423862096,-0.26464816853010864,0.674133594528446,1.046355321932969,0.1445325668005312,-0.15318177954716766,0.7005757698280071
