feature,lr_mean_abs_coef,rf_gini_importance,lr_rank,rf_rank
equiangular_wc,0.6882330865064059,0.16252187475474958,6,1
max_equiangular_wc,0.9034163568418838,0.14143606753749435,4,2
var_collapse,1.1533508571402957,0.13678830700897648,2,3
equiangular_uc,0.635494632136255,0.1367199859900117,7,4
max_equiangular_uc,0.5596470644109193,0.13326455664690667,8,5
self_duality,0.98457577743239,0.10031218802494937,3,6
equinorm_wc,0.8117795277657331,0.09744780419040235,5,7
equinorm_uc,1.1849849747550267,0.09150921584650953,1,8
