feature,rf_gini_importance,rf_rank
var_collapse,0.3211686100546467,1
equiangular_wc,0.14057816335427248,2
self_duality,0.11289712292713484,3
equinorm_wc,0.11230104009071652,4
equinorm_uc,0.11182853176061162,5
max_equiangular_wc,0.09490238297210339,6
max_equiangular_uc,0.055546119659060214,7
equiangular_uc,0.04906418032919375,8
dropout,0.0017138488522604315,9
