,var_collapse,equiangular_uc,equiangular_wc,equinorm_uc,equinorm_wc,max_equiangular_uc,max_equiangular_wc,self_duality
CTM,-1.4959132535798028,-0.0849908315859537,-0.6587876038248307,0.04303875573880145,-0.8789035413094202,-0.210659857418995,-0.8199209035478406,-0.07379331682593908
Confidence,0.023112845393478226,0.2896183451266824,-0.1293853057396094,-0.20144232666395195,-1.0346828094363925,0.323669150623666,-0.09014453885541125,-0.6991971411250759
Energy,1.65234411757484,-0.1914952261498116,0.39404966346840975,-0.05639974882540893,0.006448207294849631,-0.20015075116148978,0.44318941949359597,0.013684469235289284
GradNorm,-0.2535455095790677,0.35194874473562204,0.5966953683231973,0.5122898522690432,0.27362162162705106,0.38223561692735025,0.6073553026022048,0.5737970338987074
NNGuide,0.305073008997812,-0.22601232200794638,0.10523535720206909,-0.18399026039294156,0.6472902122829882,-0.11104895322148894,0.16855092497737084,-0.17320896960121168
fDBD,-0.2310712088072604,-0.13906871011859281,-0.3078074794292361,-0.11349627212554186,0.9862263095409248,-0.1840452057490424,-0.30903020466991993,0.3587179244182311
