method,var_collapse,equiangular_uc,equiangular_wc,equinorm_uc,equinorm_wc,max_equiangular_uc,max_equiangular_wc,self_duality
CTM,-0.0845064610946093,-0.015942117889069365,-0.02313458263952351,-0.009652211212241722,-0.000529516929841485,-0.02827456282097439,-0.0043665363632597745,-0.08409401105048048
Energy,-0.0021359946443821626,-0.001766712948242354,0.0038888749683975324,-0.0016834348386636055,-0.002111324727801153,-0.0005470314094774678,-0.00177461501896682,0.004713571952469327
MLS,0.0845064610946093,0.015942117889069365,0.023134582639523518,0.009652211212241718,0.0005295169298414856,0.02827456282097437,0.0043665363632597745,0.08409401105048044
NNGuide,0.004180380277551439,-0.005766516750708653,-0.0025857052362565653,0.0038853490186647956,-0.002802876505402818,0.002387100214855213,-0.0005146532224691088,0.0020502555370990523
NeCo,0.004823048920629178,0.002812810985729817,0.0009289250650989019,-0.001982176653263164,-0.005453687683140375,0.007439770388232653,0.0072951794040602425,-0.017113870427347348
PCE,-0.018454052476634595,-0.01515032462856789,-0.003219944839153913,-0.05511570876169037,-0.06370411901941231,-0.015513900640295541,-0.00036866547439941576,-0.07880661749317941
PE,-0.018454052476634595,-0.01515032462856789,-0.003219944839153913,-0.05511570876169037,-0.06370411901941231,-0.015513900640295541,-0.00036866547439941576,-0.07880661749317941
fDBD,-0.018454052476634595,-0.01515032462856789,-0.003219944839153913,-0.05511570876169037,-0.06370411901941231,-0.015513900640295541,-0.00036866547439941576,-0.07880661749317941
