feature,lr_mean_abs_coef,rf_gini_importance,lr_rank,rf_rank
self_duality,1.2883337993727664,0.48724377265532276,1,1
var_collapse,0.936704507804176,0.11852147687371622,5,2
equiangular_uc,0.8318339382245444,0.07169319031698268,6,3
equiangular_wc,1.0895615789905038,0.0710174683162841,3,4
max_equiangular_uc,0.4700331431525192,0.07030274590741961,8,5
max_equiangular_wc,1.275125870336796,0.067496839700574,2,6
equinorm_uc,0.9782387783886126,0.06546941758952235,4,7
equinorm_wc,0.8143725287548789,0.04825508864017822,7,8
