,var_collapse,equiangular_uc,equiangular_wc,equinorm_uc,equinorm_wc,max_equiangular_uc,max_equiangular_wc,self_duality
CTM,-0.5740231066982978,0.5686630509678362,-0.4782849793866882,0.6311346903394076,-1.422183007398568,0.35765695325355623,-0.51629271532238,-0.7397738126124356
CTMmeanOC,-0.4271598817596292,-0.013493599065843059,-0.07401926772592148,0.3938157300317803,1.0505088094246475,-0.09257148171935412,-0.0415460791813354,0.3167126161628756
Energy,0.5643194090920696,-0.30462858050841657,0.3054834626117225,-0.7071492631332281,-0.6843659892405755,0.03629967553630407,0.3983470408708618,-0.284321595574398
NNGuide,-0.1426877836367891,-0.4822560855631717,0.7000258102994794,-0.4963577689582757,1.0072710119510209,-0.4522681535833745,0.7225709111282383,-0.17879640247600542
ViM,1.0067114178681915,0.2452058802088032,-0.37918777618873817,-0.21526233288376323,-1.0017420788904827,0.24345185992090637,-0.521534930021414,0.5694636974318616
fDBD,-0.4271600548655453,-0.0134906660392062,-0.07401724960985272,0.3938189446040797,1.0505112541539585,-0.09256885340803811,-0.04154422747397062,0.3167154970681028
