feature,lr_mean_abs_coef,rf_gini_importance,lr_rank,rf_rank
equiangular_wc,0.5913174745452443,0.19997746046720852,2,1
max_equiangular_uc,0.5077996520498004,0.1725206343899071,3,2
equiangular_uc,0.4480484838766175,0.16344431312395627,6,3
equinorm_uc,0.47004269459701126,0.12480192603890668,5,4
equinorm_wc,0.4730631685337521,0.10762314178026466,4,5
self_duality,0.43645110971177115,0.09853119054170609,8,6
max_equiangular_wc,0.6121321245834624,0.07698192260159521,1,7
var_collapse,0.44802500059517003,0.05611941105645544,7,8
