feature,lr_mean_abs_coef,rf_gini_importance,lr_rank,rf_rank
var_collapse,0.6166862506164318,0.16186953979092375,1,1
self_duality,0.42025953922502696,0.1472925484615307,2,2
equiangular_uc,0.31577346625040237,0.13320790092133275,5,3
equiangular_wc,0.2883074457859807,0.1294472255300883,7,4
max_equiangular_uc,0.31078284017862856,0.12883850134985864,6,5
max_equiangular_wc,0.262062513052971,0.11927132059215285,8,6
equinorm_uc,0.4137101641998375,0.09267576669095094,3,7
equinorm_wc,0.336165033614447,0.08739719666316217,4,8
