method,var_collapse,equiangular_uc,equiangular_wc,equinorm_uc,equinorm_wc,max_equiangular_uc,max_equiangular_wc,self_duality
GE,-0.07530615156577801,-0.007141642314870041,-0.0053156161042513155,-0.08179192639334791,-0.00310199114600565,-0.012810503375506271,-0.031824953443095376,-0.030082215657145434
GradNorm,-0.07530615156577801,-0.007141642314870041,-0.0053156161042513155,-0.08179192639334791,-0.00310199114600565,-0.012810503375506271,-0.031824953443095376,-0.030082215657145434
Residual,0.07530615156577804,0.007141642314870045,0.005315616104251313,0.0817919263933479,0.003101991146005645,0.012810503375506266,0.03182495344309538,0.030082215657145445
ViM,0.0009235259097170572,-0.0030516334401082547,-0.002490061917221267,0.004467286236590967,-0.0006237924055527836,-0.00023947037373717867,-0.0007147010920952547,-0.005396152917593199
pNML,0.012924308675903629,0.001936609886284067,-0.0046816474736333154,-0.0011640097431249454,-0.002276194855928633,0.000871021414802989,0.0019804733057534633,-0.0034655612100572613
