feature,lr_mean_abs_coef,rf_gini_importance,lr_rank,rf_rank
equinorm_wc,1.174893044022544,0.2968435125957688,2,1
var_collapse,1.4080320613613075,0.15981068692748715,1,2
self_duality,1.052364118348813,0.13933865568870268,3,3
max_equiangular_uc,0.23572559607986476,0.10865644662344215,8,4
equiangular_uc,0.30216167100472413,0.09884351645294459,6,5
equiangular_wc,0.2779396671556238,0.0720855734589849,7,6
equinorm_uc,0.640634664966427,0.06506559111818404,4,7
max_equiangular_wc,0.38686378267713084,0.05935601713448579,5,8
