,var_collapse,equiangular_uc,equiangular_wc,equinorm_uc,equinorm_wc,max_equiangular_uc,max_equiangular_wc,self_duality
GradNorm,1.0210535756482055,-0.0934813025947087,0.02279810794106096,0.3792325846182637,-0.30715736765260154,-0.1028207812179933,-0.5270091293509205,0.17099711847403606
KPCA RecError global,0.5809093135040396,-0.311666129195539,0.02419361386548943,0.710070537632183,-0.445129184734437,-0.3657319201067021,-0.28688002776919397,0.2129734899156785
Residual,-1.2307203202681787,0.1764260874444875,0.15410059662998893,-0.8008665860524196,0.3007712276999473,0.11881863586012431,-0.24985430862112046,0.07975909026696355
pNML,-0.3712425688840675,0.22872134434576227,-0.2010923184365398,-0.28843653619802806,0.45151532468709066,0.34973406546457103,1.063743465741235,-0.4637296986566795
