,var_collapse,equiangular_uc,equiangular_wc,equinorm_uc,equinorm_wc,max_equiangular_uc,max_equiangular_wc,self_duality
CTMmeanOC,-0.36218539862852284,0.4371393951066253,-0.2713316797416535,0.3547607195568424,0.7014044519890529,0.35461087918417317,0.1861384930153934,0.4337619813733026
GE,1.1428704853294507,-0.1566361659327583,-0.05526255170030426,0.8163472998523155,-0.4582244431966796,-0.18915381354087385,-0.4579480301165015,0.2929219903865725
KPCA RecError global,-0.8828480704943898,0.4104627358427021,-0.3827276268999956,-0.7980721616154325,-0.7046103691327579,0.4521525142656429,-0.32717533637203344,0.08280608417311512
ViM,-0.5157447627894938,-0.24936646034315912,-0.0922344332182536,-0.40785902009981045,-0.026755378320308932,-0.3303573124915564,-0.7157918714909011,0.08297568637556392
pNML,0.053150789406680596,-0.36328393769084705,0.5598371278176847,-0.19146062543218753,0.4250481029893969,-0.26994202082081475,0.9112233244090145,-0.6654203712635615
