,var_collapse,equiangular_uc,equiangular_wc,equinorm_uc,equinorm_wc,max_equiangular_uc,max_equiangular_wc,self_duality
CTM,0.23596783449627376,0.6257279138076474,-0.4562727513505932,-0.46223283544249055,-1.5242773085981385,0.7094365137661415,-0.9413786731127686,-0.5241448052879453
Energy,1.0591892894343349,-0.18417267638891008,0.8031752560447177,-0.5840286650795923,-0.529630002031761,0.09030213579125759,0.6363661090406072,0.08851624434617933
GE,1.1308801177443406,0.6227401495477816,0.2992574229310113,-0.38933043331182793,-0.8910247194382356,0.9301632624855396,-0.13919182413367723,0.3125362650646841
fDBD,-0.2220279356643684,0.39091487923265805,-0.2397896116142453,0.715254865935023,1.0051630391426338,0.3242920970655937,-0.10167866103141406,0.7148561143048063
