,var_collapse,equiangular_uc,equiangular_wc,equinorm_uc,equinorm_wc,max_equiangular_uc,max_equiangular_wc,self_duality
CTM,-0.5908300136677319,-0.40557584926747375,-0.6478873353343721,-0.30563107686675833,-0.010374939213280638,-0.497480025205937,-0.6580238604593953,-0.2971521669112381
Energy,0.44871446914432633,0.17700168076529396,0.19982698064408339,-0.1029763778754589,-0.09126531745158313,0.23520359175291478,0.16447053736587494,0.40971012444746613
NNGuide,0.5726761466868311,0.05717499953956529,0.5529332094007696,-0.051394774760973747,-0.4281977367755664,0.24638400517543116,0.6576109175217572,-0.5605917514305402
fDBD,-0.1414644776397569,0.28649370112305617,0.1424755319867581,0.48900485017413303,0.4663878846820292,0.20040901617403442,0.10667293077608098,0.4329355010870455
