feature,lr_mean_abs_coef,rf_gini_importance,lr_rank,rf_rank
self_duality,0.49947936809968757,0.1506946343618587,3,1
max_equiangular_wc,0.46053449204491753,0.1502293746942778,4,2
equinorm_wc,0.5425507986260261,0.14635385370671677,2,3
equiangular_wc,0.41180027048686446,0.1357442466525872,5,4
var_collapse,0.5813356261641058,0.13048525478941972,1,5
equiangular_uc,0.3541090146875083,0.11034727476721336,6,6
max_equiangular_uc,0.3452468440447919,0.10047474180060997,7,7
equinorm_uc,0.2863708475832712,0.07567061922731635,8,8
