,var_collapse,equiangular_uc,equiangular_wc,equinorm_uc,equinorm_wc,max_equiangular_uc,max_equiangular_wc,self_duality
KPCA RecError global,-1.5394907246652987,0.40230054875884674,0.15448084855672212,-0.7989214950152246,-0.010987607472869736,0.30606594414215754,0.07887790315741483,0.2808365048814968
Residual,0.8114069124645804,-0.18229085603982464,-0.21327094225805585,0.4192350744125942,-0.5338857660258662,-0.23748368908024767,-0.2480425245282736,0.20357806403273768
pNML,0.728083812200717,-0.22000969271902293,0.05879009370133373,0.37968642060263313,0.5448733734987353,-0.06858225506191061,0.16916462137085767,-0.48441456891423323
