,var_collapse,cdnv_score,bias_collapse,equiangular_uc,equiangular_wc,equinorm_uc,equinorm_wc,max_equiangular_uc,max_equiangular_wc,self_duality,w_etf_diff,M_etf_diff,wM_etf_diff
CTM,0.11855887102290205,0.016961524836094834,-0.3572269310115351,-0.08529936724427431,-0.3509101873151654,-0.09464170206069661,-0.6364878927724918,-0.0012284951355951664,-0.436665605714293,-0.32177198378133853,0.14586850954094516,0.0988083587282289,0.1076562472779765
CTMmean,-0.13568464545614586,0.16657921744143217,0.20423185495129595,0.08037404600123635,-0.2469574020761575,0.5166348374526418,0.4972957408718272,0.044651636908986256,-0.18271623548121815,0.4049048585847674,0.026919784595744876,0.10472956017478446,0.07984742723159034
Energy,-0.16906012847965643,-0.2258903559499826,-0.07934870364870876,-0.27391991028462565,0.4382283816220061,-0.3067230445085236,-0.17877243148390629,-0.2870807460860671,0.48168609850773675,-0.19875971188429933,-0.22103324924963735,-0.2664966606172499,-0.24585135069500622
pNML,0.18618590291290013,0.04234961367245552,0.23234377970894796,0.2788452315276636,0.15963920776931675,-0.11527009088342179,0.31796458338457084,0.243657604312676,0.13769574268777432,0.11562683708087043,0.048244955112947206,0.06295874171423654,0.05834767618543935
