,var_collapse,equiangular_uc,equiangular_wc,equinorm_uc,equinorm_wc,max_equiangular_uc,max_equiangular_wc,self_duality
CTM,1.2025617789582217,1.5836630391452775,-0.7333792060931879,1.3244894215148508,-1.1396652887327963,0.8945341046552614,-1.9613424433062567,-1.4057000538833841
Energy,3.203106114730913,-1.0964325995378246,0.7344793050475654,-2.29065889301649,-1.8444321637239411,0.3416330936470963,0.835959790852676,0.49974487668743256
fDBD,-2.4172942713371457,-0.6024269502186603,-0.2457917627236255,0.2516403655842229,1.1224048152104398,-0.9117379826473253,0.3170213181935606,2.9130662839016495
