feature,lr_mean_abs_coef,rf_gini_importance,lr_rank,rf_rank
self_duality,0.9928166356305118,0.2447215038613497,3,1
equinorm_wc,1.1616302839189563,0.18096193251600046,1,2
equinorm_uc,0.6709173118930362,0.16716295247589918,4,3
equiangular_uc,0.4112040464788407,0.14568763469894155,7,4
max_equiangular_uc,0.3247819474938293,0.11691262500753748,8,5
var_collapse,1.1019324291151644,0.10136733343566953,2,6
equiangular_wc,0.4593725950756382,0.024247384591689087,6,7
max_equiangular_wc,0.5129850173649712,0.01893863341291313,5,8
