feature,lr_mean_abs_coef,rf_gini_importance,lr_rank,rf_rank
equiangular_wc,0.5075988541829515,0.2020302311015939,2,1
max_equiangular_wc,0.5194113037600198,0.16613285084338475,1,2
max_equiangular_uc,0.35742695392820845,0.14328134257969627,6,3
equiangular_uc,0.40002924905738324,0.11724946485442589,4,4
var_collapse,0.3590611634846637,0.11480784870513443,5,5
self_duality,0.25276088611420255,0.10439117320543087,8,6
equinorm_uc,0.2792874706545237,0.08830152467137732,7,7
equinorm_wc,0.4643462748172807,0.06380556403895651,3,8
