feature,rf_gini_importance,rf_rank
self_duality,0.2550977081575884,1
var_collapse,0.17469199934607413,2
equinorm_wc,0.16233859733484757,3
equiangular_wc,0.09161029979747609,4
max_equiangular_wc,0.08667959240981585,5
equiangular_uc,0.08310863221554829,6
max_equiangular_uc,0.07521971088946335,7
equinorm_uc,0.06692434461868708,8
dropout,0.004329115230499218,9
