,var_collapse,cdnv_score,bias_collapse,equiangular_uc,equiangular_wc,equinorm_uc,equinorm_wc,max_equiangular_uc,max_equiangular_wc,self_duality,w_etf_diff,M_etf_diff,wM_etf_diff
CTM,-0.3081888316190011,0.20978426708953163,-0.06671834504532397,-0.1657349143457277,-0.2652924596658406,-0.2528455329617012,-0.41568280699749716,-0.229537057328336,-0.2832388195681489,-0.48563284188816846,0.32635344874669503,0.2488477099184593,0.2706405796190076
CTMmean,-0.0821468541884448,0.10142017258616436,0.2515658943836197,0.15286266421585867,-0.007135407156631544,0.14357897284073806,0.4080803606055225,0.08391906112831701,0.02513785910359775,0.2441071304979837,0.07083065761788533,0.10300261221610346,0.09740908926865915
Energy,0.00221893142919661,-0.21431901331763364,-0.2391071365021141,-0.4874143090747858,0.17522093468932032,-0.2930052686006582,-0.06348315239499043,-0.4599883019994846,0.28231490521619756,-0.24137437744778306,-0.22131093693041717,-0.2580899233355919,-0.24448143004843323
ViM,0.45302007736355476,-0.23102397284696535,-0.21777767655205046,0.4369986997353285,0.2542050988461725,-0.023507959679235187,-0.3215750229025809,0.5335653520983691,0.083338168145149,0.12374038598877395,-0.17183901818846375,-0.15028916720473445,-0.16335475671483551
fDBD,-0.06490332298530513,0.13413854648890278,0.27203726371586867,0.06328785946932633,-0.15699816671302036,0.4257797884008567,0.3926606216895462,0.0720409461011348,-0.10755211289679502,0.3591597028491943,-0.004034151245699848,0.056528768405763166,0.03978651787560156
