feature,rf_gini_importance,rf_rank
max_equiangular_wc,0.16894112699964925,1
var_collapse,0.16460460831578028,2
self_duality,0.16126474934004703,3
equiangular_wc,0.13450050221970797,4
equinorm_wc,0.12155389581930823,5
max_equiangular_uc,0.09153124134373188,6
equinorm_uc,0.08113606782050896,7
equiangular_uc,0.07190492169752886,8
dropout,0.004562886443737685,9
