feature,lr_mean_abs_coef,rf_gini_importance,lr_rank,rf_rank
max_equiangular_wc,0.6506350515145356,0.16154106615197797,3,1
var_collapse,1.043813743021239,0.15845910654080797,1,2
equiangular_wc,0.6105383880285276,0.15224266044379292,5,3
self_duality,0.6137677605923014,0.12850060314596934,4,4
equinorm_uc,0.329274490948855,0.11561866554793161,8,5
max_equiangular_uc,0.4485418619392482,0.10784738311185384,6,6
equiangular_uc,0.38679518065000074,0.1055026166166581,7,7
equinorm_wc,0.7779492934248048,0.07028789844100831,2,8
