,var_collapse,equiangular_uc,equiangular_wc,equinorm_uc,equinorm_wc,max_equiangular_uc,max_equiangular_wc,self_duality
CTM,0.09627548664823024,0.8955832008896115,-0.2904262049391686,-0.24715851822352639,-1.48541132217519,0.869592852063663,-0.738728813055854,-0.6124845359306929
Energy,0.9229611168684919,-0.07707408340165599,0.8890878996941313,-0.4731731700295023,-0.49029712464023295,0.16287026210037092,0.8004460680434655,-0.005536764423991322
GE,0.8462094573255129,0.782759008286115,0.5207537841817523,-0.08504978100883194,-0.6750120499281033,0.960106222840547,0.19826551513943633,0.21964043078960052
fDBD,-0.2977470160000245,0.22277750240465727,-0.30221713488552365,0.7196146825751946,1.0893251022995527,0.12805994856124023,-0.1784255334623853,0.7458006210025073
