,var_collapse,equiangular_uc,equiangular_wc,equinorm_uc,equinorm_wc,max_equiangular_uc,max_equiangular_wc,self_duality
CTM,-0.26882685343258395,-0.8319807710213715,-0.5402372217129302,-0.5944325371837127,0.04502599422546779,-0.8142864793855688,-0.5396916862255903,-0.3276523579021676
CTMmean,-1.806113732593337,-0.21518294024858997,-0.364149981906877,-0.25422292967567633,-0.2446269414191433,-0.27241563078043773,-0.3923588646174048,-0.6933109049984689
Energy,1.0256402041364994,0.3103504736757252,0.9934803583947538,0.24743989507147104,0.3101926472299554,0.5528778776714887,1.0685247181537025,0.4550959807037457
Maha,-0.5805899247353065,1.2640934473939496,-0.5186501678182476,0.23909542867015707,-1.3191226774801208,0.9531886190832691,-0.614582056788132,-0.7703980341125303
NNGuide,0.25714194358537523,0.00037646800539981615,1.1406218043475111,0.3876891419980891,0.574683547449504,0.28036607919757267,1.4489133568012376,-0.8445767768672773
ViM,-0.11053118471167421,-0.10383879504364203,-0.38311239130358443,0.0793253120168193,0.9655301496069923,-0.15161528174272615,-0.3740610456845829,0.44139809294631666
fDBD,0.4351863566629918,-0.935649017738855,-0.2969287955415929,-0.4218754149399078,0.5386834317669487,-0.9053635367426075,-0.2851107991998378,0.14942958671346349
pNML,1.0480931910880409,0.5118311349773865,-0.031023604459031136,0.3169811040427614,-0.8703661513796148,0.3572483526990141,-0.3116336224393924,1.5900144135169194
