feature,lr_mean_abs_coef,rf_gini_importance,lr_rank,rf_rank
self_duality,0.3229430459428226,0.18771596783124056,4,1
var_collapse,1.0263271497768656,0.14677464236978893,1,2
equinorm_wc,0.3632489156658238,0.145509303276036,3,3
equiangular_wc,0.14218062817203722,0.13735426227238856,8,4
max_equiangular_wc,0.16536168301884868,0.12442194048081998,7,5
equinorm_uc,0.5326143300101506,0.12361692993314985,2,6
equiangular_uc,0.2682003658392314,0.0685024865616516,5,7
max_equiangular_uc,0.20404396276143863,0.06610446727492454,6,8
