feature,lr_mean_abs_coef,rf_gini_importance,lr_rank,rf_rank
self_duality,0.5598484111850951,0.2310013116222971,3,1
equinorm_wc,0.7988246705066034,0.16243424040602683,1,2
equinorm_uc,0.42691915636063266,0.14269505392717113,6,3
equiangular_wc,0.5506935177228065,0.11843566295083226,4,4
var_collapse,0.6015298185261947,0.11196857329409377,2,5
max_equiangular_uc,0.275452032764637,0.09241738294287774,7,6
max_equiangular_wc,0.45501609400134396,0.07510170635930374,5,7
equiangular_uc,0.2240155967797314,0.0659460684973975,8,8
