feature,lr_mean_abs_coef,rf_gini_importance,lr_rank,rf_rank
var_collapse,1.313747235006508,0.32546364576852455,2,1
max_equiangular_uc,0.24502606812093852,0.10480543827774244,8,2
equiangular_wc,0.3167909719838256,0.10415866622554246,7,3
equiangular_uc,0.4009740603598364,0.1003286869254019,4,4
equinorm_wc,0.9974553395134845,0.09521767192439887,3,5
self_duality,1.4638576178173017,0.09309516424015594,1,6
equinorm_uc,0.3988401947452011,0.09213885842335046,5,7
max_equiangular_wc,0.33696706415745137,0.08479186821488341,6,8
