feature,lr_mean_abs_coef,rf_gini_importance,lr_rank,rf_rank
equiangular_wc,0.29597427182894054,0.2029838357246108,3,1
self_duality,0.29374414233372514,0.13738407310627185,4,2
equinorm_uc,0.2081058759245155,0.11802640022473908,6,3
max_equiangular_uc,0.1599928636609263,0.11659066202795139,8,4
var_collapse,0.31880621816307747,0.11341179061548953,2,5
max_equiangular_wc,0.3210787701384842,0.11218064168734199,1,6
equiangular_uc,0.19706798289984043,0.10598622503356206,7,7
equinorm_wc,0.21875034406239308,0.09343637158003326,5,8
