feature,lr_mean_abs_coef,rf_gini_importance,lr_rank,rf_rank
equiangular_wc,0.8683769708548191,0.18504151513144537,4,1
equiangular_uc,0.7195186846886916,0.18106047433076836,5,2
max_equiangular_wc,1.1490762071104532,0.17298853117008037,2,3
max_equiangular_uc,0.44665771447176816,0.13502000033298925,7,4
self_duality,1.3104665627907568,0.11580770129088895,1,5
equinorm_uc,0.3787222968651853,0.09056657704476057,8,6
var_collapse,0.9554776878097212,0.06734973008099591,3,7
equinorm_wc,0.6796203249231828,0.052165470618071204,6,8
