feature,lr_mean_abs_coef,rf_gini_importance,lr_rank,rf_rank
self_duality,1.013693265338889,0.2549158141412634,3,1
equinorm_wc,1.1694997375728542,0.17035993527609697,2,2
equinorm_uc,0.6819971738572194,0.16997837913777697,4,3
max_equiangular_uc,0.2500149861206084,0.15667437663800027,8,4
equiangular_uc,0.40349342284594636,0.11723705635250882,7,5
var_collapse,1.1895958898089074,0.10035901533583563,1,6
max_equiangular_wc,0.48024869907927664,0.016264391294780915,5,7
equiangular_wc,0.4561386444038432,0.014211031823736987,6,8
