feature,lr_mean_abs_coef,rf_gini_importance,lr_rank,rf_rank
equiangular_wc,0.31302840402584786,0.158791498252209,3,1
var_collapse,0.4644336317002763,0.15292011861348095,1,2
self_duality,0.21811396612909983,0.14802901714930053,7,3
max_equiangular_wc,0.28559338135361656,0.12264566663568653,4,4
max_equiangular_uc,0.24377285447565855,0.1092847044000522,5,5
equiangular_uc,0.20736229706245748,0.10759627948582111,8,6
equinorm_uc,0.22012225436985067,0.10460865385761328,6,7
equinorm_wc,0.3576205980460327,0.09612406160583636,2,8
