feature,lr_mean_abs_coef,rf_gini_importance,lr_rank,rf_rank
max_equiangular_uc,0.4914021866501785,0.19596659938414268,3,1
equiangular_uc,0.4338437032434603,0.16854512138097444,6,2
equiangular_wc,0.6363200529733061,0.15041822562473725,2,3
equinorm_uc,0.43469300250126125,0.12044387138794119,5,4
equinorm_wc,0.4143081226982821,0.10995520404829287,8,5
self_duality,0.4311523992492488,0.09791887038078537,7,6
max_equiangular_wc,0.6539872260097702,0.09402786056500732,1,7
var_collapse,0.43683349807871313,0.06272424722811897,4,8
