feature,lr_mean_abs_coef,rf_gini_importance,lr_rank,rf_rank
equiangular_uc,0.34205258883066203,0.15145696914959483,4,1
max_equiangular_uc,0.33674467172429046,0.1488961821952163,6,2
equiangular_wc,0.26759356703988013,0.14553261159291922,7,3
var_collapse,0.6622572140269722,0.142303940358448,1,4
self_duality,0.47741227892133004,0.12766381859042475,2,5
max_equiangular_wc,0.2630921193907937,0.11805239545241156,8,6
equinorm_uc,0.42678287726581343,0.1077582964126706,3,7
equinorm_wc,0.33919648987514633,0.05833578624831465,5,8
