feature,lr_mean_abs_coef,rf_gini_importance,lr_rank,rf_rank
equiangular_uc,0.39475399794190114,0.17247407948351612,6,1
equiangular_wc,0.5614573568482253,0.13697321665094953,3,2
self_duality,0.4337115216088229,0.13431595789690137,5,3
max_equiangular_uc,0.47972932715387856,0.13314365168063722,4,4
var_collapse,0.8127844393187209,0.1241545517033339,1,5
max_equiangular_wc,0.5722315950774622,0.11483816245764562,2,6
equinorm_uc,0.32224073596343017,0.11132788044372084,8,7
equinorm_wc,0.3231898976498451,0.07277249968329547,7,8
