,var_collapse,equiangular_uc,equiangular_wc,equinorm_uc,equinorm_wc,max_equiangular_uc,max_equiangular_wc,self_duality
CTM,-0.447848807774163,0.507612296021944,-0.4579860229294716,-0.2502394059120156,-1.1958804392296785,0.39281328352737704,-0.7293639345393667,-0.5267810617809607
CTMmean,-0.13998352174798087,0.3678816195099767,-0.6366898558540443,0.35790008136728796,0.5420596709532935,0.259674420709463,-0.6722574740454558,0.20245461501426082
CTMmeanOC,-0.6304689015084062,0.12645073890962524,-0.6356817518428299,0.32843823067653066,0.8256860875440478,-0.0789000939516283,-0.5340707838211929,0.35966626603042584
Energy,0.25273769911967925,-0.8223647108723051,0.515781560740947,-0.5262000656701511,-0.06366843395578799,-0.7119144474956326,0.6975496548286924,-0.3089182941283268
KPCA RecError global,0.394412595361857,0.8033883682299486,0.07644947813851498,0.019605492487291803,-1.2018132130533195,0.8974867226742184,-0.3009094975079712,-0.31002752351975
MLS,0.30129338766053876,-0.6717684633738144,0.411139511681319,-0.043714597318950915,-0.12565598547170403,-0.7346937275495864,0.6047016715726362,-0.21338792492080644
NeCo,0.25273769911967925,-0.8223647108723051,0.515781560740947,-0.5262000656701511,-0.06366843395578799,-0.7119144474956326,0.6975496548286924,-0.3089182941283268
ViM,0.8462094573255129,0.782759008286115,0.5207537841817523,-0.08504978100883194,-0.6750120499281033,0.960106222840547,0.19826551513943633,0.21964043078960052
fDBD,-0.16058632050661376,0.3411568874075929,0.009293753180167978,0.7862140383643348,0.8815768440238483,0.29337627562286667,0.07601818884040101,0.7038168470647483
