,var_collapse,equiangular_uc,equiangular_wc,equinorm_uc,equinorm_wc,max_equiangular_uc,max_equiangular_wc,self_duality
CTM,-1.7933582094178364,-0.02136288524746591,-0.003693061904928811,0.21061069805541843,-0.35267955545438767,-0.07241101738432597,0.00947514003104734,-0.5165267302094628
CTMmeanOC,-0.06514995847803541,-0.06018017285402225,-0.21533700286766935,0.02942316463296605,0.8090679063491594,-0.08586902904439922,-0.19567519529552238,0.38551649227682816
Confidence,-0.16412654496538545,-0.790614941802051,0.24453586680781567,-0.487868023372701,0.1243103936890307,-0.7379281720428938,0.15274079493620646,-0.24425533111769057
Energy,1.4909438516046503,0.3464753792747768,0.22791020699456818,-0.2636653940204571,-0.36178537149242923,0.3139962552981288,0.18495895886858305,0.6574033472104304
GradNorm,-0.4634024321204477,0.3854122074146546,0.693174248918444,0.5704296310596412,-0.11089373048956733,0.43156452669107187,0.7089852790097628,0.5619322857536081
Maha,0.6256099498527329,-0.39709502686972215,-0.729889192603166,-0.43561424412528,-0.34219493374496074,-0.3551369053215262,-0.6717506275012339,-0.02271952549164114
NNGuide,0.2558591885760678,0.36550420175222853,-0.04058797679695607,-0.5061337554446814,0.4248665087252465,0.26284850826690587,-0.012084729933897302,0.08769514134030146
ViM,0.11362415494825448,0.1718612383316016,-0.17611308854810812,0.8828179232150936,-0.19069121758209173,0.2429358335370387,-0.17664962011494587,-0.9090456797623739
