feature,lr_mean_abs_coef,rf_gini_importance,lr_rank,rf_rank
equiangular_wc,0.33300327247001044,0.22879888859821942,3,1
self_duality,0.3553666124938705,0.14130046165261392,1,2
max_equiangular_uc,0.2340215662409124,0.13658765150835703,5,3
var_collapse,0.3177041960990103,0.12309841016943597,4,4
equiangular_uc,0.18135076673699832,0.11189511190046135,6,5
equinorm_uc,0.1327298089832467,0.10082011190885437,8,6
max_equiangular_wc,0.339881056796486,0.09664358019985728,2,7
equinorm_wc,0.14769761141040824,0.06085578406220074,7,8
