feature,lr_mean_abs_coef,rf_gini_importance,lr_rank,rf_rank
equinorm_wc,1.2525608790130265,0.20117902897443554,1,1
self_duality,0.9091864107466412,0.17628623773377824,3,2
equinorm_uc,0.3176129440374393,0.1255368768524494,8,3
var_collapse,1.012655318860639,0.11696738595853319,2,4
equiangular_wc,0.6745897435230783,0.10666353715920854,6,5
max_equiangular_uc,0.6141578285748145,0.1033147407338707,7,6
max_equiangular_wc,0.8525855028332338,0.08721630690701891,5,7
equiangular_uc,0.879396380122968,0.0828358856807056,4,8
