,var_collapse,equiangular_uc,equiangular_wc,equinorm_uc,equinorm_wc,max_equiangular_uc,max_equiangular_wc,self_duality
CTM,-0.3421846278046324,0.7610068652688086,-0.8414684402416864,0.8929749154759973,-2.279518631745714,0.5709442415388347,-1.2756155364745405,-0.4617116137734627
Energy,2.047436951428951,-0.3541295985380181,0.3358788364376984,-1.0477243078798049,-1.113200745720894,0.007282460322774767,0.31209068832716924,0.13760273311051088
fDBD,-0.21597019869135595,0.4858453368377199,-0.28252316861849,0.7443535154955466,1.6306584360069258,0.31551254129850104,-0.20036665692632016,1.0438037082982632
