feature,rf_gini_importance,rf_rank
equiangular_uc,0.21012338705333886,1
max_equiangular_wc,0.17255412105387125,2
max_equiangular_uc,0.1431442440417272,3
var_collapse,0.14286014993124196,4
self_duality,0.14128931295193928,5
equinorm_uc,0.11455676979175367,6
equiangular_wc,0.0514877235712557,7
equinorm_wc,0.022452050370567737,8
dropout,0.001532241234304432,9
