feature,rf_gini_importance,rf_rank
equiangular_uc,0.23897456330700953,1
equiangular_wc,0.20688860380866564,2
max_equiangular_wc,0.15640666392175215,3
var_collapse,0.09981033660007417,4
self_duality,0.0859824405923135,5
max_equiangular_uc,0.08270784104928036,6
equinorm_uc,0.07047277539521625,7
equinorm_wc,0.05513679051454698,8
dropout,0.003619984811141408,9
