feature,lr_mean_abs_coef,rf_gini_importance,lr_rank,rf_rank
var_collapse,0.6449706918809923,0.22217039368379088,2,1
self_duality,0.6701581910630589,0.20749594369216504,1,2
max_equiangular_wc,0.46282985361218926,0.1326721512741561,3,3
equiangular_wc,0.38801382908098253,0.12828377833397306,4,4
max_equiangular_uc,0.19701833985899886,0.12251999322547504,6,5
equiangular_uc,0.14082879448480365,0.11374343240693104,7,6
equinorm_wc,0.23359415070244113,0.04131973742511672,5,7
equinorm_uc,0.1264806566415869,0.03179456995839206,8,8
