,var_collapse,equiangular_uc,equiangular_wc,equinorm_uc,equinorm_wc,max_equiangular_uc,max_equiangular_wc,self_duality
CTM,-0.4523225096848259,1.3064013215427246,-1.082901528568453,0.12923153749191996,-1.6430423933057292,0.8202263279635527,-1.4125007826705471,0.024762738228184138
CTMmean,-0.4523225096848259,1.3064013215427246,-1.082901528568453,0.12923153749191996,-1.6430423933057292,0.8202263279635527,-1.4125007826705471,0.024762738228184138
CTMmeanOC,1.4767283655157484,-0.041618302290060694,-0.5218839629511198,-0.33237112013932957,-1.3495205867665196,-0.16056239845853557,-0.7789323056360601,1.6165674434650186
Energy,1.1091482612837393,-0.8476741941633235,1.056006586328775,-0.5820736182284741,-0.0032853532562591996,-0.39192694596038713,1.3385966467324457,-1.4539207166462678
KPCA RecError global,1.4767283655157484,-0.041618302290060694,-0.5218839629511198,-0.33237112013932957,-1.3495205867665196,-0.16056239845853557,-0.7789323056360601,1.6165674434650186
MLS,1.1091482612837393,-0.8476741941633235,1.056006586328775,-0.5820736182284741,-0.0032853532562591996,-0.39192694596038713,1.3385966467324457,-1.4539207166462678
NNGuide,1.1091482612837393,-0.8476741941633235,1.056006586328775,-0.5820736182284741,-0.0032853532562591996,-0.39192694596038713,1.3385966467324457,-1.4539207166462678
NeCo,1.1091482612837393,-0.8476741941633235,1.056006586328775,-0.5820736182284741,-0.0032853532562591996,-0.39192694596038713,1.3385966467324457,-1.4539207166462678
fDBD,0.30460439475138734,-0.3889321378793599,-0.381795409339127,0.15700088361027192,0.11831555113911099,-0.4906341935601885,-0.6044331004510808,2.695855835145335
