,var_collapse,equiangular_uc,equiangular_wc,equinorm_uc,equinorm_wc,max_equiangular_uc,max_equiangular_wc,self_duality
CTM,-0.676341955694785,-0.38270769439216173,-0.56583936130514,-0.21233678596068367,-0.01907855791672751,-0.4987373523906161,-0.5908585809674205,-0.25954662735451484
Energy,0.21093880387939395,0.06835788615110686,-0.2040674247729188,0.10105176021253984,0.06035434959013543,-0.008373223853914267,-0.26908925329873146,0.6054124402872578
NNGuide,0.3975385982048212,0.049198224307205086,0.4137328485432454,-0.12294090586525855,-0.23992322794241183,0.212812462112983,0.49047793016264013,-0.41209407299496886
NeCo,0.06786455361056959,0.2651515839338497,0.35617393753481347,0.2342259316134024,0.1986474362690039,0.29429811413154755,0.3694699041035118,0.06622826006222544
