,var_collapse,equiangular_uc,equiangular_wc,equinorm_uc,equinorm_wc,max_equiangular_uc,max_equiangular_wc,self_duality
CTM,-0.28269680278950954,-0.8784307637269801,0.29321266523744155,-0.45511675112651195,-0.3862516038455394,-0.788693046143584,0.31445995156200357,-0.628505709351048
CTMmean,-1.3810661611505999,-0.1720432957934645,-0.13474853889734942,-0.05538215155464354,0.2394639090063797,-0.22584069640501686,-0.14298624059414872,-0.47100971800453895
CTMmeanOC,-0.6664179426105518,0.38560681023759175,0.6649273071568612,0.644328903794956,0.2692955147588503,0.3875009135068068,0.6543653475534106,0.5458716347478298
Maha,-0.3249178452510403,0.7955358782958774,-0.33533424689247954,0.15600533041213427,-0.7514577320512047,0.6125629328807812,-0.394769042035843,-0.4363843903338144
NNGuide,0.962086290801508,-0.130132447061043,0.5213465382424167,-0.12717162221726167,0.4427022697413861,0.18141053972550814,0.7671813979097674,-0.7198097695608687
fDBD,0.6676984877923675,-0.3873552003765073,-1.0251229339544907,-0.4519157176934982,0.4721898396675509,-0.4095183593417566,-1.035010541163123,0.525598423754637
pNML,1.0253139732078258,0.3868190184245259,0.015719209107599712,0.2892520083848252,-0.2859421972774224,0.24257771577726156,-0.16324087323206748,1.184239528747803
