feature,lr_mean_abs_coef,rf_gini_importance,lr_rank,rf_rank
max_equiangular_uc,0.5341661287012632,0.22328028470962596,4,1
equiangular_uc,0.5364698511151105,0.1886053495981397,3,2
max_equiangular_wc,0.633207285427905,0.16764588045844483,1,3
equinorm_uc,0.4238653132427418,0.14130411178409608,7,4
equiangular_wc,0.5723879934122091,0.12198223293301982,2,5
var_collapse,0.48712535439341104,0.0615328080132352,6,6
self_duality,0.3552852203121366,0.05016264376339006,8,7
equinorm_wc,0.5064260565546078,0.045486688740048443,5,8
