,var_collapse,equiangular_uc,equiangular_wc,equinorm_uc,equinorm_wc,max_equiangular_uc,max_equiangular_wc,self_duality
CTMmeanOC,-0.1622173587822882,0.5659457261521698,-0.4171476437692465,0.09869050440211298,0.18725376535952312,0.5938707610905894,0.29338021309164164,0.25036454343160436
GE,1.0247073329846135,-0.11838183340752181,-0.04886888362251691,0.7188164501321136,-0.4228774451225108,-0.14224423494085284,-0.39357670504758413,0.2585434406752084
KPCA RecError global,-0.6181639793616557,0.257888035910358,-0.21030132695231724,-0.31507176259841446,-0.10026205466964777,0.21219172914009815,-0.37409529379493695,0.23960822772822318
ViM,-0.2961046002499218,-0.41795198734077915,0.3096283991755276,-0.32191489444147536,0.11406542294510894,-0.4551970567626649,-0.21360947539180528,-0.22531368462863272
pNML,0.05177860540925189,-0.287499941314228,0.36668945516855433,-0.18052029749433793,0.22182031148752718,-0.20862119852717131,0.687901261142687,-0.5232025272064048
