,var_collapse,equiangular_uc,equiangular_wc,equinorm_uc,equinorm_wc,max_equiangular_uc,max_equiangular_wc,self_duality
CTM,-0.630465847231984,0.3990231437138119,-0.6848123685022188,-0.1551795542023932,-1.2024402528248472,0.30152596365752005,-0.9060999216016217,-0.8757373311524744
CTMmeanOC,0.13142184908651877,0.2736657364755505,-0.8291773827195169,0.2043738812127579,0.9620055053583226,0.12692329006693784,-0.7233128690613531,0.6309389523222217
Energy,0.6688056279749537,-0.5930164581749323,0.9297434605757456,-0.08205966848052977,-0.15952822468164102,-0.7134214226713628,0.8037957423740457,0.6881550260805318
NNGuide,0.6488042656082141,0.17888909481200016,0.09590331641431829,-0.3110104552103346,0.628687661142272,0.47979631013391905,0.4730595906690353,-0.5149861790867939
ViM,0.5555555027375689,0.06109697464823163,-0.4695072955257574,-0.12807367540587802,-0.6844729042816857,0.01366569960028038,-0.6236657016124048,0.4467603559382037
fDBD,-0.41932866814308933,-0.35898203486286867,0.1553167425802379,0.5526415912215557,1.3347223128267602,-0.3665909232576561,0.1560127779257239,0.3779340591827021
