,var_collapse,equiangular_uc,equiangular_wc,equinorm_uc,equinorm_wc,max_equiangular_uc,max_equiangular_wc,self_duality
CTM,-0.4523225096848259,1.3064013215427246,-1.082901528568453,0.12923153749191996,-1.6430423933057292,0.8202263279635527,-1.4125007826705471,0.024762738228184138
CTMmean,-1.445995320659211,1.2259887525658628,-0.6515211694035936,0.29026546032723277,-0.6376239326107729,0.8919622076209976,-0.7226415166309444,-1.3678949960599993
CTMmeanOC,-1.445995320659211,1.2259887525658628,-0.6515211694035936,0.29026546032723277,-0.6376239326107729,0.8919622076209976,-0.7226415166309444,-1.3678949960599993
Energy,0.45232250968482596,-1.3064013215427246,1.082901528568453,-0.12923153749192015,1.643042393305729,-0.8202263279635524,1.412500782670547,-0.024762738228183444
KPCA RecError global,1.4767283655157484,-0.041618302290060694,-0.5218839629511198,-0.33237112013932957,-1.3495205867665196,-0.16056239845853557,-0.7789323056360601,1.6165674434650186
NeCo,-0.8025678869600114,0.16997983023057409,0.056809102243257,0.7343125484470022,1.604512035478636,0.10000750182125058,0.06629611276035999,1.0532355524384631
