,var_collapse,equiangular_uc,equiangular_wc,equinorm_uc,equinorm_wc,max_equiangular_uc,max_equiangular_wc,self_duality
Residual,0.9536263668532678,-0.3045892429422005,0.6046399303132052,0.3748652733165418,0.3317169468007813,-0.18799455791923503,0.6768844228720706,-0.506426219454513
pNML,-0.9536263668532678,0.3045892429422005,-0.6046399303132052,-0.3748652733165418,-0.3317169468007813,0.18799455791923503,-0.6768844228720706,0.506426219454513
