,var_collapse,equiangular_uc,equiangular_wc,equinorm_uc,equinorm_wc,max_equiangular_uc,max_equiangular_wc,self_duality
CTM,-2.2634655035512203,0.06140951067599708,-0.2772745390288821,0.47790982518832564,-0.4221036561562237,-0.14898082173727412,-0.23821306156579075,-1.1844225541316658
Energy,2.2455514178843456,-0.343305765661398,0.292542120926712,-1.088034533835761,-1.059713563855011,0.011108143373149085,0.2542210413880289,0.21302573661238422
MLS,2.26346550355122,-0.06140951067599751,0.27727453902888205,-0.47790982518832525,0.42210365615622397,0.1489808217372739,0.2382130615657908,1.1844225541316658
NNGuide,0.26743214281315414,-0.9814231160400368,0.9662318231671979,-0.6138305550438826,2.1024747468365095,-0.7461048471247463,1.1579265472397624,0.3302295257201722
NeCo,1.290296936091077,0.5860045675751546,-1.0169035782698745,0.4094340187526218,0.3998353284637931,0.33706181562816095,-1.2368441462116664,2.12921759872641
PCE,-0.39551853819341415,0.398131637379662,-0.27296085160306555,0.796286210949613,1.6499223163716905,0.20262781312142097,-0.23885724488772464,1.022742717796271
PE,-0.39551853819341415,0.398131637379662,-0.27296085160306555,0.796286210949613,1.6499223163716905,0.20262781312142097,-0.23885724488772464,1.022742717796271
fDBD,-0.39551853819341415,0.398131637379662,-0.27296085160306555,0.796286210949613,1.6499223163716905,0.20262781312142097,-0.23885724488772464,1.022742717796271
