feature,lr_mean_abs_coef,rf_gini_importance,lr_rank,rf_rank
max_equiangular_wc,0.7904194056038517,0.16430163654337238,3,1
equiangular_wc,0.6901038309685555,0.16000810784339253,5,2
var_collapse,1.2029731537837416,0.14910292946128162,1,3
equiangular_uc,0.34878410901290113,0.12406627057806907,7,4
self_duality,0.7475309188073996,0.10777100248088026,4,5
equinorm_wc,0.876008399455463,0.1055901324202918,2,6
max_equiangular_uc,0.40369679424814325,0.10547904668412693,6,7
equinorm_uc,0.2759588899544238,0.08368087398858544,8,8
