feature,rf_gini_importance,rf_rank
self_duality,0.32038614268524196,1
var_collapse,0.12575100974169007,2
equiangular_uc,0.11998134276838113,3
max_equiangular_wc,0.11148296471023449,4
equiangular_wc,0.09000734606856371,5
equinorm_wc,0.0895817224992345,6
max_equiangular_uc,0.08546649263561674,7
equinorm_uc,0.05223903750187704,8
dropout,0.005103941389160465,9
