feature,lr_mean_abs_coef,rf_gini_importance,lr_rank,rf_rank
self_duality,0.5219993267096091,0.2669366832757298,6,1
equinorm_wc,1.604036875687737,0.1598269910261203,1,2
var_collapse,0.9695006996303047,0.1593539692766854,2,3
equinorm_uc,0.8327170999430858,0.15679668064285995,3,4
max_equiangular_uc,0.319946934539772,0.10274219186640965,8,5
equiangular_uc,0.5742868396936988,0.093149464839549,4,6
equiangular_wc,0.5105782652323252,0.035194048966192264,7,7
max_equiangular_wc,0.5503349445051718,0.025999970106453697,5,8
