feature,lr_mean_abs_coef,rf_gini_importance,lr_rank,rf_rank
var_collapse,0.7418435121555871,0.20865658082886507,1,1
equiangular_wc,0.6769822328458126,0.17909738297948172,2,2
max_equiangular_wc,0.5592863113429766,0.149827600662525,3,3
max_equiangular_uc,0.4264584862674313,0.1471671073791471,5,4
equiangular_uc,0.36486957043197704,0.11698016618287643,7,5
self_duality,0.18951835430075004,0.09642134517491495,8,6
equinorm_uc,0.41357587379762734,0.08639763693495414,6,7
equinorm_wc,0.5580257668340598,0.015452179857235676,4,8
