,var_collapse,equiangular_uc,equiangular_wc,equinorm_uc,equinorm_wc,max_equiangular_uc,max_equiangular_wc,self_duality
CTM,-1.8810137053834877,0.030325442218804174,-0.20758323738109496,0.3332838674180179,-0.5406534274521972,-0.12654065151131388,-0.17159540037285168,-1.0910675190320596
Energy,1.7947130818100718,-0.009679454081614794,-0.06048985293225288,-0.5026454211929057,-1.2505224524903757,0.19855504582488775,-0.08239519565480671,0.4552054671884367
NNGuide,0.4501895588287182,-0.1756981526883244,0.4131197651419395,-0.4161099042420766,0.326496464565852,-0.1108680168531298,0.3760743572692654,-0.05794843241725057
NeCo,-0.18194465961871145,0.07752800729442466,-0.07252200584698916,0.2927378631049118,0.7323414475723335,0.01942854741135776,-0.06104065439331537,0.34690719343519316
fDBD,-0.18194427563659163,0.07752415725671058,-0.07252466898160166,0.2927335949120529,0.7323379678043874,0.01942507512819859,-0.061043106848290944,0.3469032908256796
