feature,lr_mean_abs_coef,rf_gini_importance,lr_rank,rf_rank
equiangular_wc,0.3191858272771887,0.15165840489766927,5,1
max_equiangular_wc,0.3446975793191032,0.14075362537265687,4,2
equiangular_uc,0.28912618941580537,0.13063933026615096,6,3
var_collapse,0.5330636819252863,0.1295996122802727,1,4
self_duality,0.4489963734894472,0.1273292051271654,3,5
equinorm_wc,0.48146086483546435,0.1264056978864061,2,6
max_equiangular_uc,0.28192867267373994,0.10790600881606116,7,7
equinorm_uc,0.24472547288252114,0.08570811535361768,8,8
