feature,lr_mean_abs_coef,rf_gini_importance,lr_rank,rf_rank
self_duality,0.3169472081923766,0.22034219550764514,7,1
equinorm_uc,0.6999799230285485,0.18121367241969943,2,2
var_collapse,1.0818809744031936,0.1573084754613531,1,3
equinorm_wc,0.46711055907058335,0.12807235568926806,4,4
max_equiangular_wc,0.47771305386797575,0.12558279229452457,3,5
equiangular_wc,0.17206063036354016,0.09863894049700077,8,6
max_equiangular_uc,0.3747023219492639,0.05822621148280567,5,7
equiangular_uc,0.3342660185904482,0.030615356647703283,6,8
