feature,lr_mean_abs_coef,rf_gini_importance,lr_rank,rf_rank
equinorm_wc,1.1748930440225438,0.2968435125957688,2,1
var_collapse,1.4080320613613075,0.15981068692748715,1,2
self_duality,1.0523641183488135,0.13933865568870268,3,3
max_equiangular_uc,0.23572559607986468,0.10865644662344215,8,4
equiangular_uc,0.30216167100472396,0.09884351645294459,6,5
equiangular_wc,0.2779396671556237,0.0720855734589849,7,6
equinorm_uc,0.6406346649664271,0.06506559111818404,4,7
max_equiangular_wc,0.38686378267713073,0.05935601713448579,5,8
