feature,rf_gini_importance,rf_rank
self_duality,0.21006621854555899,1
var_collapse,0.17379018534683408,2
max_equiangular_wc,0.1355974126215826,3
equiangular_wc,0.12617558637006035,4
equiangular_uc,0.10313867308844162,5
max_equiangular_uc,0.09598470897923932,6
equinorm_uc,0.08086258302371478,7
equinorm_wc,0.07144396402980627,8
dropout,0.002940667994761955,9
