feature,lr_mean_abs_coef,rf_gini_importance,lr_rank,rf_rank
self_duality,0.25970851286404123,0.2143608320240622,5,1
var_collapse,0.8325874961205599,0.16158138649714157,1,2
equinorm_uc,0.8164827446881935,0.16037042217044947,2,3
equinorm_wc,0.390194901345792,0.14553652499542105,3,4
equiangular_wc,0.12896772691198916,0.13318192448445285,8,5
max_equiangular_wc,0.3289999501610282,0.11390781488489116,4,6
max_equiangular_uc,0.213415180570135,0.04013075364397424,6,7
equiangular_uc,0.17679647563290923,0.030930341299607512,7,8
