feature,lr_mean_abs_coef,rf_gini_importance,lr_rank,rf_rank
var_collapse,0.4473754346057145,0.18000168707515263,1,1
self_duality,0.20251950339085664,0.16620888811478138,6,2
equinorm_uc,0.3629721724417464,0.1544866758072078,2,3
equiangular_wc,0.2727029307884215,0.14418189935108744,4,4
max_equiangular_uc,0.16355180585120446,0.11509080724303838,8,5
equiangular_uc,0.20291207704809722,0.09266719385133655,5,6
max_equiangular_wc,0.19868035053268007,0.07493499760142296,7,7
equinorm_wc,0.30061146542405465,0.07242785095597298,3,8
