feature,rf_gini_importance,rf_rank
self_duality,0.3104039402287546,1
var_collapse,0.1864514927557164,2
equiangular_uc,0.13398027524712197,3
max_equiangular_uc,0.08645725864554205,4
equinorm_wc,0.08118493872001446,5
equinorm_uc,0.06575780546026459,6
max_equiangular_wc,0.06566050002664636,7
equiangular_wc,0.0611895982061194,8
dropout,0.008914190709820097,9
