feature,lr_mean_abs_coef,rf_gini_importance,lr_rank,rf_rank
equiangular_wc,0.56632070493145,0.1516590681048656,5,1
self_duality,0.7204506673798121,0.14614552021364519,3,2
max_equiangular_wc,0.6474469132617156,0.12872520140765326,4,3
equinorm_wc,0.7332862539233896,0.12719036131788694,2,4
var_collapse,0.9522778726698237,0.12696856287127434,1,5
max_equiangular_uc,0.43589423073376043,0.1181307128352922,6,6
equiangular_uc,0.4109449869609386,0.11448658885852753,7,7
equinorm_uc,0.2536870009804418,0.08669398439085492,8,8
