feature,lr_mean_abs_coef,rf_gini_importance,lr_rank,rf_rank
max_equiangular_uc,0.42810778093545343,0.1768740353686117,7,1
equiangular_wc,0.5857364346441372,0.17243534439633748,4,2
equiangular_uc,0.40156481094859264,0.16253845224591473,8,3
equinorm_uc,0.4891501710236689,0.1596242644711513,6,4
equinorm_wc,0.6029678958956884,0.1403606814163274,3,5
max_equiangular_wc,0.6177939553774636,0.10353169327089859,2,6
self_duality,0.5481989826802347,0.05632581178421456,5,7
var_collapse,0.7052325390448949,0.028309717046544277,1,8
