feature,lr_mean_abs_coef,rf_gini_importance,lr_rank,rf_rank
self_duality,0.547706018394079,0.2640242156156296,5,1
equinorm_wc,1.6744592711578445,0.17513594808966138,1,2
equinorm_uc,0.8950175796171163,0.16618250089094355,2,3
var_collapse,0.8685305926416463,0.15789237291027522,3,4
equiangular_uc,0.5336606002148488,0.08593620010112366,6,5
max_equiangular_uc,0.29791308105337017,0.05906036871101918,8,6
equiangular_wc,0.48662348176595827,0.05446438591930935,7,7
max_equiangular_wc,0.5960242939093433,0.03730400776203806,4,8
