feature,lr_mean_abs_coef,rf_gini_importance,lr_rank,rf_rank
self_duality,0.27540419672219496,0.18489438007628137,7,1
max_equiangular_wc,0.4731986364145726,0.14431263514669362,1,2
var_collapse,0.4608338417024887,0.1322057813466236,2,3
equinorm_wc,0.3151528444340473,0.11753095755911723,5,4
equiangular_wc,0.3926239294163951,0.11265288641487922,3,5
max_equiangular_uc,0.26423872915542246,0.11184014383254187,8,6
equiangular_uc,0.2795517729581142,0.11121894297033358,6,7
equinorm_uc,0.32465228183988526,0.08534427265352937,4,8
