,var_collapse,equiangular_uc,equiangular_wc,equinorm_uc,equinorm_wc,max_equiangular_uc,max_equiangular_wc,self_duality
CTM,-0.6401453293930348,-0.36139061258614547,-0.4877208919685564,-0.28004149066040995,0.019914790523781242,-0.3999821591523159,-0.48849948019502376,-0.33556805231910375
Energy,0.4639060360729143,0.14691288234853464,-0.25221478760379495,-0.1602878792040886,-0.2672191143768419,0.12598746742210817,-0.3141974451511866,0.26809711968545896
NNGuide,0.2975087370112806,-0.13127934466345556,0.36058030021485993,-0.07993531994679023,-0.2796567457791409,0.02199597946221326,0.4394070070200139,-0.3987923035152092
NeCo,0.03560077232349916,0.116500237382977,0.29385207048006956,0.11256066049565289,0.13941390254826863,0.10444920460800992,0.30868822276411734,0.11349138950688349
fDBD,-0.15687021601465856,0.22925683751808948,0.08550330887742195,0.4077040293156357,0.38754716708393266,0.14754950765998445,0.05460169556207902,0.3527718466419704
