feature,rf_gini_importance,rf_rank
self_duality,0.42629583113202096,1
equinorm_wc,0.18128081453829184,2
equiangular_uc,0.09001979607540048,3
max_equiangular_uc,0.07492772331499424,4
max_equiangular_wc,0.07103833048798797,5
var_collapse,0.06885078561910934,6
equiangular_wc,0.05614143196296193,7
equinorm_uc,0.024987691296639906,8
dropout,0.006457595572593239,9
