feature,rf_gini_importance,rf_rank
equinorm_wc,0.2617871851021427,1
self_duality,0.1625803282007846,2
equinorm_uc,0.1519368815940129,3
var_collapse,0.12307551489663786,4
max_equiangular_wc,0.08571908577088681,5
equiangular_wc,0.07854022514422422,6
max_equiangular_uc,0.07822903130057948,7
equiangular_uc,0.05363358508312692,8
dropout,0.004498162907604543,9
