feature,rf_gini_importance,rf_rank
self_duality,0.24624934913930974,1
equiangular_wc,0.17983806150708853,2
equinorm_uc,0.14675686095009569,3
max_equiangular_wc,0.1308818953744357,4
var_collapse,0.10188155985610373,5
equiangular_uc,0.08493147550555537,6
max_equiangular_uc,0.06656516000122895,7
equinorm_wc,0.025145356435363173,8
dropout,0.017750281230819027,9
