feature,lr_mean_abs_coef,rf_gini_importance,lr_rank,rf_rank
self_duality,0.24876325505076577,0.18463958460504043,5,1
max_equiangular_wc,0.6380595913903432,0.166104586227598,1,2
var_collapse,0.6233710623793906,0.15902162107744697,2,3
equinorm_wc,0.28388150822730873,0.15629639442598198,4,4
equinorm_uc,0.41473639169962445,0.10879918853584862,3,5
equiangular_wc,0.04359713383610344,0.10516772129877239,8,6
max_equiangular_uc,0.17652572243633347,0.06314384689486051,6,7
equiangular_uc,0.15448505239587385,0.056827056934451024,7,8
