feature,lr_mean_abs_coef,rf_gini_importance,lr_rank,rf_rank
max_equiangular_uc,0.5918931049472985,0.19795389406200506,3,1
equiangular_uc,0.5661876355478715,0.1807956373207106,4,2
var_collapse,0.7744823212058688,0.12762764686403988,1,3
self_duality,0.39246898762411997,0.12229166934486572,6,4
max_equiangular_wc,0.6938388013145752,0.10891280376601271,2,5
equiangular_wc,0.3914483878323302,0.09070502802197693,7,6
equinorm_uc,0.4894682463709328,0.08674794242821644,5,7
equinorm_wc,0.35171334593722264,0.08496537819217272,8,8
