feature,lr_mean_abs_coef,rf_gini_importance,lr_rank,rf_rank
self_duality,0.45151443174194833,0.1901116773154107,4,1
var_collapse,0.755249914023972,0.18433385858685752,2,2
equinorm_uc,0.5919079744849671,0.12577131922338294,3,3
equiangular_uc,0.36427699264039026,0.1207527035994789,7,4
equinorm_wc,0.7944603007025122,0.1158659820063524,1,5
max_equiangular_wc,0.4439668450758265,0.09235070443102252,5,6
max_equiangular_uc,0.19121141700331215,0.09043692352695533,8,7
equiangular_wc,0.40207948258564574,0.08037683131053977,6,8
