,var_collapse,equiangular_uc,equiangular_wc,equinorm_uc,equinorm_wc,max_equiangular_uc,max_equiangular_wc,self_duality
CTM,0.00430558870980145,0.6701909804559584,-0.577397271028881,0.4444139490551977,-1.108922549602782,0.4414346138447934,-0.6766773646413707,-0.43166078262360946
CTMmean,-1.3653989715722825,0.24067181025558698,-0.22153013052798068,0.7525140324403436,0.389287833952608,0.012188721683387999,-0.19183957195495036,-0.2037388189964611
CTMmeanOC,-1.3653943741021377,0.2406852825780422,-0.22151928312039543,0.7525274098861602,0.3892986071444517,0.012201714327012043,-0.19182937804954409,-0.20372394441399927
Confidence,0.45661594016634477,-0.43244918542151545,0.739893461107196,-1.0296174745311113,-0.44889197945974396,-0.07833278590867458,0.7667415140018858,-0.9669341809337226
Energy,1.014896116589119,-0.3887083502834465,0.21657143769351148,-0.6564973185304037,-0.6338509334135922,-0.04612151145861838,0.3296957883691048,0.16007705815243076
NNGuide,0.18313261936230674,-0.6001768947146608,0.6518530315418759,-0.5027265786828565,1.1564909644597945,-0.5400625023052482,0.6794300779323155,0.30028149131911136
fDBD,-0.29020631042146805,-0.03577354014193758,-0.10418576040512212,0.41817650655816646,1.2427637972531937,-0.10032886834070731,-0.0683390612323873,0.5012441209912105
pNML,1.3620493912683151,0.3055598972719743,-0.48368548526020305,-0.1787905261954969,-0.9861757403339307,0.29902061815805525,-0.6471820044250541,0.8444550565050416
