feature,lr_mean_abs_coef,rf_gini_importance,lr_rank,rf_rank
self_duality,0.27824180829236045,0.1741424367236258,5,1
equiangular_wc,0.3577355165349818,0.17148378702092337,3,2
equinorm_wc,0.48742032705195965,0.16477830802978585,1,3
max_equiangular_wc,0.3725090339488693,0.14989368923783153,2,4
equinorm_uc,0.28213279333904706,0.12272104133070698,4,5
max_equiangular_uc,0.13038914776945518,0.08607170843327376,7,6
var_collapse,0.10647264376028243,0.07245175279224979,8,7
equiangular_uc,0.1774297189226984,0.05845727643160303,6,8
