feature,lr_mean_abs_coef,rf_gini_importance,lr_rank,rf_rank
var_collapse,0.6667111386597164,0.16800226393405382,1,1
equiangular_wc,0.42481476399031115,0.14871039591759508,2,2
max_equiangular_uc,0.292254847314564,0.12571743157323098,7,3
equinorm_uc,0.40263593337762466,0.12181820582248798,4,4
equiangular_uc,0.3067903211635078,0.12150380320859594,5,5
max_equiangular_wc,0.3062626055001836,0.11852065807085214,6,6
self_duality,0.24025077122512611,0.10359200425185978,8,7
equinorm_wc,0.4230273841975113,0.0921352372213242,3,8
