,var_collapse,equiangular_uc,equiangular_wc,equinorm_uc,equinorm_wc,max_equiangular_uc,max_equiangular_wc,self_duality
CTM,-0.4523225096848259,1.306401321542725,-1.0829015285684527,0.12923153749191887,-1.6430423933057292,0.8202263279635539,-1.4125007826705476,0.02476273822818365
CTMmean,-0.4523225096848259,1.306401321542725,-1.0829015285684527,0.12923153749191887,-1.6430423933057292,0.8202263279635539,-1.4125007826705476,0.02476273822818365
CTMmeanOC,1.4767283655157484,-0.041618302290060374,-0.5218839629511199,-0.3323711201393295,-1.3495205867665194,-0.16056239845853537,-0.7789323056360604,1.6165674434650181
Energy,1.1091482612837393,-0.8476741941633233,1.0560065863287753,-0.5820736182284744,-0.0032853532562596333,-0.3919269459603873,1.3385966467324455,-1.4539207166462678
KPCA RecError global,1.4767283655157484,-0.041618302290060374,-0.5218839629511199,-0.3323711201393295,-1.3495205867665194,-0.16056239845853537,-0.7789323056360604,1.6165674434650181
MLS,1.1091482612837393,-0.8476741941633233,1.0560065863287753,-0.5820736182284744,-0.0032853532562596333,-0.3919269459603873,1.3385966467324455,-1.4539207166462678
NNGuide,1.1091482612837393,-0.8476741941633233,1.0560065863287753,-0.5820736182284744,-0.0032853532562596333,-0.3919269459603873,1.3385966467324455,-1.4539207166462678
NeCo,1.1091482612837393,-0.8476741941633233,1.0560065863287753,-0.5820736182284744,-0.0032853532562596333,-0.3919269459603873,1.3385966467324455,-1.4539207166462678
fDBD,0.30460439475138734,-0.3889321378793602,-0.3817954093391275,0.15700088361027104,0.11831555113911055,-0.4906341935601882,-0.6044331004510806,2.6958558351453363
