,var_collapse,equiangular_uc,equiangular_wc,equinorm_uc,equinorm_wc,max_equiangular_uc,max_equiangular_wc,self_duality
GE,1.1930623471468496,-0.16753933951109204,-0.07480848724668096,0.8534238976059619,-0.5018867570481989,-0.2048469991474616,-0.4742821691128455,0.31316539110634767
GradNorm,1.1930623471468496,-0.16753933951109204,-0.07480848724668096,0.8534238976059619,-0.5018867570481989,-0.2048469991474616,-0.4742821691128455,0.31316539110634767
Residual,-1.1930623471468496,0.16753933951109198,0.07480848724668106,-0.8534238976059619,0.501886757048199,0.2048469991474615,0.4742821691128455,-0.3131653911063477
ViM,-0.6305938919829853,-0.7278093666813683,0.47835811054377614,-0.7264347856492892,0.146253355117851,-0.7566914056702438,-0.099789694069713,-0.5212414212159636
pNML,-0.32312352124462657,0.6483474059279721,0.0067459625383100305,-0.106749434770648,0.732982905741266,0.8138284570372852,1.5524121357597251,-0.34689211859052094
