,var_collapse,cdnv_score,bias_collapse,equiangular_uc,equiangular_wc,equinorm_uc,equinorm_wc,max_equiangular_uc,max_equiangular_wc,self_duality,w_etf_diff,M_etf_diff,wM_etf_diff
CTM,-0.33939309099389314,0.1175179916422325,-0.14764963381685492,-0.17870614795488118,-0.09988999235116523,-0.04077799387957935,-0.2036313242139272,-0.2105413462818111,-0.1247646188387364,-0.32088398111741717,0.2814319153284542,0.2028517238992806,0.2303112575493948
CTMmean,-0.05557296109436691,0.16456100865052198,-0.024290990084725787,0.07662703623291245,-0.21933903695349904,0.2381518137438621,0.16612316236679997,0.04974222138785385,-0.21790167009268316,0.12389321885724322,0.09979860332535022,0.12934509089371302,0.11827056325062325
CTMmeanOC,0.03179436121366629,0.12939841932645552,0.4014548322982396,0.20868387945408734,0.009705775009707306,0.08928475625805467,0.2653014585441335,0.19664290162709194,0.17413820540597844,0.21276954317319638,0.01953275353975555,0.07533810695510532,0.058222785262433054
Maha,0.36317169087459367,-0.41147741961920986,-0.2295142083966585,-0.10660476773211824,0.3095232542949569,-0.2866585761223371,-0.22779329669700593,-0.035843776733134616,0.1685280835254413,-0.015778780913022105,-0.4007632721935602,-0.40753492174809897,-0.4068046060624513
