,var_collapse,cdnv_score,bias_collapse,equiangular_uc,equiangular_wc,equinorm_uc,equinorm_wc,max_equiangular_uc,max_equiangular_wc,self_duality,w_etf_diff,M_etf_diff,wM_etf_diff
CTM,-0.3106786812680952,0.14387592849237246,-0.10886630851705179,-0.3227033798842568,-0.5231146024081019,-0.29081755892684813,-0.07963324966712287,-0.3757463336107686,-0.5276906901783603,-0.1965441194784609,0.05463748644225366,0.11137930971417002,0.07799381414389911
Energy,0.2182831054544519,-0.03156798666992403,0.20866447840395091,0.06921131715089616,0.09619874081754469,-0.16262483494816599,-0.08430834344171281,0.10904188227367156,0.06498759405222779,0.23939200705860525,-0.023639919461111103,-0.03265182323624373,-0.015706886397710815
NNGuide,0.15593062120564297,-0.28827828916802334,-0.3099599629047116,0.11011185541889518,0.3435698442031335,0.14712147324884148,-0.10133774576393664,0.16913536625963552,0.3951609950811237,-0.2739868786295348,-0.17131721145611553,-0.23801918095255328,-0.21940166897285127
fDBD,-0.06353504539199901,0.1759703473455742,0.21016179301781213,0.14338020731446516,0.0833460173874235,0.30632092062617206,0.26527933887277166,0.09756908507746123,0.06754210104500871,0.23113899104939048,0.14031964447497194,0.15929169447462616,0.15711474122666239
