,var_collapse,equiangular_uc,equiangular_wc,equinorm_uc,equinorm_wc,max_equiangular_uc,max_equiangular_wc,self_duality
PCA RecError global,-0.1461863465539682,0.3532678570694774,0.8590290259994899,-0.19130719778418084,0.1927646605972341,0.29775253865805995,0.5532469085241783,0.4399743321569664
PE,1.2388657551434819,-0.3551590514548528,-0.10428600484457679,0.8667111162802588,-0.5720340654289358,-0.4158337842553708,-0.6414491751115086,0.298085042999083
ViM,-1.063048458454229,-0.24087027835068756,-0.8158578667430008,-0.1963290712246978,0.2713725882387347,-0.40464511951469295,-0.5920087788084958,-0.03081458959219366
pNML,-0.02963095013528401,0.24276147273605989,0.061114845588088176,-0.4790748472713815,0.10789681659297244,0.5227263651120034,0.6802110453958287,-0.7072447855638596
