method,var_collapse,equiangular_uc,equiangular_wc,equinorm_uc,equinorm_wc,max_equiangular_uc,max_equiangular_wc,self_duality,dropout
CTM,-0.018218114847338242,-0.012063274072680623,-0.010824585713945763,0.00024046364898869712,-0.007404092479189452,-0.006391986339566131,-0.0005100958426449917,-0.04736865061848181,0.0014403362648583557
Energy,-0.005466435786619024,0.01736123166051063,0.008889534671427638,0.008017863649540751,0.023740786818785584,-0.008469040308823016,0.007315432864997337,0.0002680858891099711,0.0003425405410700572
NNGuide,-0.005466435786619024,0.01736123166051063,0.008889534671427638,0.008017863649540751,0.023740786818785584,-0.008469040308823016,0.007315432864997337,0.0002680858891099711,0.0003425405410700572
NeCo,-0.052009174952837994,-0.007764763563894236,-0.015136122579257547,-0.024296686691333544,-0.010281459206434055,-0.010866119224760504,-0.014824301365050084,-0.01678961391197707,0.00026824149554515527
PCE,-0.021060067632880982,-0.01697454145478379,-0.023737413969587264,-0.01010510571799976,-0.043102261975759656,-0.0127763670430057,-0.027686651097046457,-0.09544918525131502,-0.0010834058576213949
PE,-0.021060067632880982,-0.01697454145478379,-0.023737413969587264,-0.01010510571799976,-0.043102261975759656,-0.0127763670430057,-0.027686651097046457,-0.09544918525131502,-0.0010834058576213949
fDBD,-0.021060067632880982,-0.01697454145478379,-0.023737413969587264,-0.01010510571799976,-0.043102261975759656,-0.0127763670430057,-0.027686651097046457,-0.09544918525131502,-0.0010834058576213949
