feature,rf_gini_importance,rf_rank
equinorm_uc,0.1956651911835533,1
self_duality,0.19173698266616518,2
var_collapse,0.17535738554061542,3
equinorm_wc,0.12293248079263415,4
equiangular_wc,0.10313798301695924,5
max_equiangular_wc,0.08262551433194372,6
equiangular_uc,0.06327007733042228,7
max_equiangular_uc,0.05996263318342846,8
dropout,0.005311751954278345,9
