,var_collapse,equiangular_uc,equiangular_wc,equinorm_uc,equinorm_wc,max_equiangular_uc,max_equiangular_wc,self_duality
CTM,-0.3717201907253804,-0.5353962142970896,-0.7838592654933444,-0.4025465614865879,-0.2730351161461034,-0.6431890312363451,-0.824978618268555,-0.11409857765897566
CTMmean,-1.3423582847492903,-0.30716449510757327,-0.2985053082444167,-0.044869853639800596,0.30998781297818606,-0.4230718625146967,-0.2860514861115943,-0.7249878906071061
CTMmeanOC,-1.3423582847492903,-0.30716449510757327,-0.2985053082444167,-0.044869853639800596,0.30998781297818606,-0.4230718625146967,-0.2860514861115943,-0.7249878906071061
Energy,0.9130018022839481,0.4355269308536307,0.42731038881158906,0.1909643967911698,-0.09349868654742251,0.515382750713372,0.444262924972668,0.4750846140795837
KPCA RecError global,0.4943296102443967,0.044915067325701545,-0.44483627407556553,0.0434995571238934,-0.01511635599148412,-0.04580313108328336,-0.55526600378886,1.0638290768643426
MLS,0.7432633562042602,0.11814379201612482,0.6060920383038333,-0.22522429114915204,-0.4758888006068946,0.424215553451906,0.7195769457938498,-0.7102513387527021
NNGuide,0.48225223411625506,0.13992476107062293,0.6950245260644413,0.08802507612287225,-0.19959724250117247,0.2616150370088365,0.7945840623507712,-0.30606047486868504
NeCo,0.1871053422628835,0.3838119858941577,0.44579834561062903,0.1619711062681872,0.25587458107191335,0.46287170885570694,0.44394839536770886,0.2247834482590233
fDBD,0.24971496759305586,0.018865176883143438,-0.22193692443444277,0.0893199412217693,0.11807130320832297,-0.023246695355777725,-0.2829843487609412,0.5803450661027111
