feature,lr_mean_abs_coef,rf_gini_importance,lr_rank,rf_rank
equiangular_wc,0.3800593760349306,0.17223688127464906,6,1
self_duality,0.5880738199333643,0.15899499872337527,1,2
max_equiangular_uc,0.3560683151953616,0.15680586518584408,7,3
equiangular_uc,0.4125795869217616,0.14972345258764858,5,4
max_equiangular_wc,0.4374651556880022,0.1325583726397849,4,5
equinorm_wc,0.504004836521989,0.08893970356898405,2,6
equinorm_uc,0.25743426085729687,0.08149080971032345,8,7
var_collapse,0.4452568619489796,0.05924991630939066,3,8
