feature,lr_mean_abs_coef,rf_gini_importance,lr_rank,rf_rank
var_collapse,0.9077247170166864,0.18965759906250715,1,1
self_duality,0.3023330056521788,0.1585310470150413,7,2
equinorm_uc,0.6116759639194719,0.1413362947481093,3,3
max_equiangular_wc,0.8151581808211678,0.11884392385575096,2,4
equiangular_wc,0.2236204275813187,0.11032458618982083,8,5
equinorm_wc,0.41969104156007053,0.10121287534580788,6,6
max_equiangular_uc,0.49483419589373606,0.09860843909677207,4,7
equiangular_uc,0.42666170685376126,0.0814852346861905,5,8
