feature,lr_mean_abs_coef,rf_gini_importance,lr_rank,rf_rank
equinorm_wc,0.5580128539666626,0.1696431553741297,2,1
max_equiangular_wc,0.431374999583577,0.16908330269513147,4,2
equiangular_wc,0.40027988347473326,0.16534660433618367,5,3
var_collapse,0.5967059690075004,0.11486531003262573,1,4
equiangular_uc,0.2621661117198852,0.10992975622299173,7,5
self_duality,0.4892485563912611,0.10126246184473296,3,6
max_equiangular_uc,0.28470743398204934,0.08848910539105367,6,7
equinorm_uc,0.2264437992677797,0.08138030410315124,8,8
