feature,lr_mean_abs_coef,rf_gini_importance,lr_rank,rf_rank
equiangular_wc,0.4512709133765823,0.15712473917355016,5,1
max_equiangular_uc,0.4578672234913922,0.14619349556752897,4,2
equiangular_uc,0.412649764840741,0.1436285582456147,7,3
self_duality,0.4052956565397353,0.14028747343369166,8,4
var_collapse,0.8487069499617961,0.13157639076224353,1,5
equinorm_wc,0.41439939227629286,0.1205640794395778,6,6
equinorm_uc,0.6182754350685495,0.10014313349368717,2,7
max_equiangular_wc,0.46477074464305373,0.060482129884106124,3,8
