feature,lr_mean_abs_coef,rf_gini_importance,lr_rank,rf_rank
self_duality,0.5884652553989869,0.20156255404967008,3,1
equiangular_uc,0.29223003590019353,0.16758422682579777,8,2
equinorm_wc,0.785342940946523,0.13042705241226266,1,3
max_equiangular_uc,0.35759071028737577,0.1274153976321372,7,4
equinorm_uc,0.4607147626536506,0.12594981475856842,5,5
equiangular_wc,0.47098495862313766,0.0930249981832588,4,6
var_collapse,0.6688843345214729,0.09104312530984181,2,7
max_equiangular_wc,0.36912902203723946,0.06299283082846324,6,8
