feature,lr_mean_abs_coef,rf_gini_importance,lr_rank,rf_rank
equiangular_wc,0.42653817460165466,0.1723522270346436,5,1
equiangular_uc,0.4124819559464702,0.14913720883668571,6,2
max_equiangular_wc,0.46801350639234135,0.14066430293530796,4,3
var_collapse,0.6206258413970532,0.14002038513075948,1,4
max_equiangular_uc,0.37294713030571347,0.11853924985516667,8,5
self_duality,0.5238009215552925,0.10935748852787604,3,6
equinorm_wc,0.4103162685780844,0.08847110638363187,7,7
equinorm_uc,0.6189860496024063,0.0814580312959287,2,8
