feature,lr_mean_abs_coef,rf_gini_importance,lr_rank,rf_rank
var_collapse,0.7981819101212182,0.23805707214210026,2,1
max_equiangular_wc,0.8620668556934594,0.15459561436632374,1,2
equiangular_uc,0.24626766348888507,0.1375385756737465,8,3
max_equiangular_uc,0.4001090110402782,0.13600195262570988,6,4
equiangular_wc,0.748762644909268,0.1350016903990957,3,5
equinorm_uc,0.3641883002108331,0.11299134425631757,7,6
self_duality,0.729601510693565,0.06387101616246503,4,7
equinorm_wc,0.48872005512838956,0.021942734374241324,5,8
