,var_collapse,equiangular_uc,equiangular_wc,equinorm_uc,equinorm_wc,max_equiangular_uc,max_equiangular_wc,self_duality
CTM,-0.4367959406122573,-0.3265522687797405,-0.545429308484356,-0.263653289223649,-0.01721306146092703,-0.3980817797372971,-0.5532220984894768,-0.22052538614500614
Energy,0.22826149977268453,0.09166829222497165,0.06576504456946515,-0.13022735888263412,-0.05285201721280831,0.11369757846032948,0.023328407399963433,0.34138231127841406
NNGuide,0.37452849262296956,0.008560581510497331,0.38811600574122956,-0.03623431764560624,-0.34683447254270844,0.14161274274372948,0.4709148747232808,-0.48873781297671604
fDBD,-0.16599405178339754,0.22632339504427135,0.0915482581736614,0.4301149657518894,0.4168995512164442,0.142771458533238,0.05897881636623279,0.3678808878433082
