feature,rf_gini_importance,rf_rank
var_collapse,0.23606199405538564,1
self_duality,0.1757477713607376,2
equiangular_wc,0.12423120616011603,3
equinorm_wc,0.12283132840560089,4
max_equiangular_wc,0.09566773507825571,5
equiangular_uc,0.08788744298163559,6
equinorm_uc,0.07863644103355322,7
max_equiangular_uc,0.07334628910680659,8
dropout,0.005589791817908691,9
