,var_collapse,equiangular_uc,equiangular_wc,equinorm_uc,equinorm_wc,max_equiangular_uc,max_equiangular_wc,self_duality
CTM,-1.1193065791204209,-0.8313114542211312,0.2340089979845396,-0.37945607362439787,-0.11301213005642154,-0.7838089261427321,0.2526460531106445,-0.8022315720697563
CTMmeanOC,-0.6953402637902762,0.3650642458564624,0.6360128039103766,0.6139201151100142,0.25487066719732326,0.36719231609657366,0.6262627841948876,0.51932722603043
Maha,-0.5114562835089747,0.7020091114404695,-0.3483361068216342,0.12259589046806126,-0.6839220950910415,0.5218342918957947,-0.4071113786878266,-0.5029447126473341
NNGuide,0.905295346866837,-0.16835835391183276,0.4840346187610779,-0.15506836328251208,0.4121097165370218,0.13426179702398647,0.7227551236251922,-0.7528604207046294
fDBD,0.4443086513690933,-0.43693197212010515,-0.9961166150035823,-0.4692983694507316,0.4326156914439913,-0.462150927127457,-1.00745801613766,0.39972256675210005
pNML,0.976499128183743,0.3695284229561388,-0.009603698830777867,0.26730680077956576,-0.3026618500308729,0.2226714482538341,-0.18709456610523714,1.1389869126391898
