,var_collapse,equiangular_uc,equiangular_wc,equinorm_uc,equinorm_wc,max_equiangular_uc,max_equiangular_wc,self_duality
CTM class avg,0.38297398703629654,-0.5938010944352031,0.16261255432768368,-1.0557030135902872,-0.5151232542026261,-0.3860300690926887,0.24212974202652388,-0.2629964146392806
CTM global,-0.8598612079902883,-0.34133646231117015,-0.2292930168433981,0.6720797840990933,0.03427699976981838,-0.43737067340635205,-0.35495916651920706,-0.7218648800808256
ViM,0.37061970587100407,0.45652587978189985,0.24582966996883154,0.21078967724906264,-0.31387901151522307,0.4102869591031672,0.16900744488134786,0.35450889208229674
pNML class pred,0.13907278474758508,0.45892293040395504,-0.03619917081185344,0.11562377083604351,0.5997158037414028,0.440046090957931,0.05949924427568188,0.5383845372509681
