,var_collapse,equiangular_uc,equiangular_wc,equinorm_uc,equinorm_wc,max_equiangular_uc,max_equiangular_wc,self_duality
CTM,-0.45054618722869877,0.4001779608721246,-0.33684163330433076,0.4562201246195735,-0.2745051118279911,0.17459273832188907,-0.40610136389866375,-0.31871789726830013
CTMmean,-0.6120455669289636,0.3704256073869835,-0.391559740993621,0.8355947869128469,0.4824568204227408,0.03246069317563837,-0.42054803617948494,0.2817260892256092
CTMmeanOC,-0.612030591747007,0.3704221405466844,-0.39155597556927196,0.835586675234008,0.4824454253576473,0.032459742949622436,-0.42054431122484287,0.2817190722287412
Energy,0.21120723741155537,-0.884017963381101,1.1584649316802051,-1.2398415281958322,-0.3614187809880643,-0.39429686332921926,1.3238332096198102,-1.5114849013200358
KPCA RecError global,0.5485446812638202,0.2659127305462323,-0.41871513695279416,-0.0023497418976484606,-0.40183148228474863,0.26023008350986526,-0.5016329152461004,0.7261663024734797
NNGuide,0.2112072374115534,-0.8840179633811024,1.158464931680203,-1.2398415281958322,-0.3614187809880636,-0.394296863329221,1.3238332096198073,-1.511484901320035
ViM,0.5485446812638205,0.2659127305462321,-0.41871513695279416,-0.0023497418976481223,-0.4018314822847484,0.2602300835098653,-0.5016329152461003,0.7261663024734797
fDBD,0.15511850855392184,0.09518475686394688,-0.35954223958759485,0.3569809534205352,0.8361033925932257,0.028620385191558705,-0.3972068774444254,1.3259099335070657
