,var_collapse,equiangular_uc,equiangular_wc,equinorm_uc,equinorm_wc,max_equiangular_uc,max_equiangular_wc,self_duality
CTMmeanOC,-0.35664856278233414,0.24431770293293026,-0.7290283473409623,0.705396595639724,1.1848249188306672,0.0760219576700767,0.19686186243779827,0.5939620693574327
GE,1.2751361850300982,-0.2445512539489946,0.0037101068304489274,0.8834978133045841,-0.5191671941850982,-0.28424921457821234,-0.5363390707581502,0.2851578701282267
KPCA RecError global,-0.6317657879394367,0.18941628374479455,-0.275971144417296,-0.9167835663621322,-0.888107855328456,0.28297361517373304,-0.1738060198805316,-0.1454952255512096
ViM,-0.4091329871767265,-0.5653451040563552,0.22376019553664464,-0.45884440743044586,0.06194699534778217,-0.6035168324120807,-0.4892875745955768,-0.2735599917530956
pNML,0.12241115286839906,0.3761623713276231,0.7775291893911647,-0.2132664351517313,0.16050313533510352,0.528770474146482,1.0025708027964597,-0.46006472218135686
