,var_collapse,equiangular_uc,equiangular_wc,equinorm_uc,equinorm_wc,max_equiangular_uc,max_equiangular_wc,self_duality
CTM,-0.684371740063558,-0.357386290690279,-0.48185274511261944,-0.1913108909582243,0.01727015979521098,-0.4560114446909787,-0.4938331870815151,-0.3331869034314066
Energy,0.19107745059830547,0.24571369752210132,0.4527193308161873,0.16023737929850435,0.0869063325271228,0.32621632855018373,0.489246501766628,-0.10045382862783435
NNGuide,0.4607141504242726,0.06963038962614884,0.5142265471137336,-0.1459953597980168,-0.29162683741733875,0.2688295124964841,0.603435066633509,-0.5171555736688298
fDBD,0.03258013904097905,0.04204220354202892,-0.4850931328173014,0.17706887145773664,0.18745034509500552,-0.139034396355689,-0.5988483813186216,0.950796305728071
