feature,lr_mean_abs_coef,rf_gini_importance,lr_rank,rf_rank
self_duality,0.5624636379162098,0.18413805630721913,2,1
var_collapse,0.700362075082615,0.1483699472513684,1,2
equiangular_uc,0.31864696693337075,0.1383824105937091,5,3
equiangular_wc,0.24871949696881823,0.13136526786988337,7,4
max_equiangular_uc,0.2839333808189585,0.12499169773228701,6,5
max_equiangular_wc,0.233656767527796,0.09944118943179214,8,6
equinorm_wc,0.4239257740155152,0.09091320093578138,3,7
equinorm_uc,0.4129653394020106,0.08239822987795961,4,8
