,var_collapse,equiangular_uc,equiangular_wc,equinorm_uc,equinorm_wc,max_equiangular_uc,max_equiangular_wc,self_duality
CTM,-1.7230102604090483,-0.019610714739153972,-0.0010091949537955366,0.18723675878875515,-0.34251094227552753,-0.06666714242238375,0.010764248477455112,-0.48874204191012227
CTMmeanOC,-0.07289336901875165,-0.06094958054635231,-0.21505126882864548,0.0295544523092492,0.8057242783120874,-0.08679101448805047,-0.1955013964792216,0.38731943837136995
Confidence,-0.20141894606979985,-0.7801894142194755,0.2408807098624418,-0.473977656692914,0.11343170327858566,-0.7287588895811904,0.15089735089723835,-0.24978737404876222
Energy,1.4989455050670497,0.3396834739170091,0.22825397373650513,-0.2501346662909374,-0.3533605647918577,0.30869095487652043,0.18748298370562325,0.6441544590053989
GradNorm,-0.46942242696812786,0.3815513152004599,0.6840950995449759,0.5590697850642893,-0.11505110838737613,0.42779097356575846,0.6991054691315667,0.5643838247914499
Maha,0.6281342419099587,-0.4023441554966281,-0.7237763941566949,-0.43329621860328327,-0.33999132990898673,-0.3609143142228886,-0.6664607654158486,-0.029803997634007907
NNGuide,0.2549706813193384,0.36328727208745953,-0.041905743016738786,-0.497432115212215,0.42550415286711574,0.2606919891854373,-0.013871433228968506,0.08518043473188906
ViM,0.08469457416938074,0.1785718037966805,-0.17148718218804826,0.878979660637057,-0.19374618909403954,0.24595744308679895,-0.17241645708784592,-0.9127047433072154
