feature,lr_mean_abs_coef,rf_gini_importance,lr_rank,rf_rank
var_collapse,0.6977174019120013,0.1597485349602651,1,1
self_duality,0.33073554300777763,0.14858045801156727,8,2
equinorm_uc,0.6155289554829081,0.1311228775774521,2,3
equinorm_wc,0.46593627367699925,0.12600340268473653,5,4
max_equiangular_wc,0.5585795936382372,0.12286276466138965,3,5
equiangular_wc,0.477306266540355,0.11296901320485449,4,6
max_equiangular_uc,0.4489397542664234,0.10423423149224965,6,7
equiangular_uc,0.38752968176666447,0.09447871740748527,7,8
