feature,lr_mean_abs_coef,rf_gini_importance,lr_rank,rf_rank
equiangular_wc,0.5019659279850993,0.16086673345462948,5,1
self_duality,1.6795025056362665,0.14914062344448134,1,2
var_collapse,1.0596619640194853,0.14715852563170337,2,3
max_equiangular_wc,0.48741892620866273,0.1334602933228706,7,4
max_equiangular_uc,0.29979670633129335,0.11558977584203428,8,5
equiangular_uc,0.48856014879919785,0.11456475588924998,6,6
equinorm_uc,0.8714514442732313,0.09500064080882481,3,7
equinorm_wc,0.5595963197476891,0.08421865160620605,4,8
