,var_collapse,equiangular_uc,equiangular_wc,equinorm_uc,equinorm_wc,max_equiangular_uc,max_equiangular_wc,self_duality
CTM,-1.4370616239684506,-0.10494869289099605,-0.454007426648782,0.07959248245891724,-0.4190676197309162,-0.21126379250608365,-0.5743186665637227,-0.3478882360617782
CTMmean,-0.276494180882654,-0.16920707540686297,-0.38305335989671674,-0.08304024575600338,1.2013408492813336,-0.21602059910243832,-0.38477451329003853,0.3917437298871111
Confidence,0.11728377991659097,-0.7418272997993501,0.09356033162243826,-0.785002467380316,-0.4804211085907027,-0.6317466401842899,0.20911801276821254,-1.125770228577728
Energy,1.124567930401347,-0.2233984833090692,0.450985205441313,-0.1342552534051294,0.11420947831187432,-0.14933292236395926,0.5556566102949877,-0.27451932370939974
GradNorm,-0.19794015331161263,0.2857404384927094,0.52814685149301,0.4770596944685397,0.3203334308769619,0.3080498581854048,0.5652859308749341,0.542047992235587
ViM,-0.12317873341165275,0.5290941232129294,-0.6042401601585261,0.20640867530932905,-0.9994390668694726,0.4679590396803017,-0.65277754230345,0.3143603649012924
pNML,0.792822981256433,0.42454698970064075,0.36860855814726484,0.2392371143046635,0.26304403672092136,0.4323550562910655,0.28181016821907706,0.5000257013249164
