feature,lr_mean_abs_coef,rf_gini_importance,lr_rank,rf_rank
equiangular_wc,0.2709125766079931,0.15163824541078733,7,1
var_collapse,0.6676337782020151,0.1464730128243895,1,2
max_equiangular_wc,0.266141180766174,0.1402169931452567,8,3
equiangular_uc,0.34655063442854944,0.13580777905727506,4,4
max_equiangular_uc,0.3410695628284554,0.1316943541132864,6,5
self_duality,0.47661567506355507,0.12653600722019553,2,6
equinorm_uc,0.42284411569230573,0.10670690561481466,3,7
equinorm_wc,0.34497356489611963,0.0609267026139948,5,8
