,var_collapse,equiangular_uc,equiangular_wc,equinorm_uc,equinorm_wc,max_equiangular_uc,max_equiangular_wc,self_duality
CTMmeanOC,-0.1577608093949329,0.3534845358559186,-0.1324715665165188,0.37313129354522434,0.6619993654378806,0.29406724420430846,0.24180732392434004,0.3164348691043376
GE,0.9435271102909519,-0.09649728819094451,-0.04848757957876831,0.6656176281454822,-0.38923531770243797,-0.11629044832200243,-0.3450298426370912,0.23802600142000038
KPCA RecError global,-0.5199776587481484,0.29833339524884944,-0.26063021491648763,-0.587853873510635,-0.7061539543201308,0.35983749667430676,-0.15631574610116608,-0.0085010263870113
ViM,-0.32662714981503266,-0.2538617015005812,-0.025922384859392116,-0.29903880988122666,0.06309573951004965,-0.312686569462073,-0.49121296803384085,0.006107840695672466
pNML,0.06083850766716162,-0.30145894141324187,0.46751174587116706,-0.15185623829884515,0.37029416707463925,-0.22492772309453932,0.7507512328477584,-0.5520676848329993
