,var_collapse,equiangular_uc,equiangular_wc,equinorm_uc,equinorm_wc,max_equiangular_uc,max_equiangular_wc,self_duality
GradNorm,0.907186274740855,-0.21824124964306346,-0.0003775607688524131,0.6228603937087079,-0.4239875444749035,-0.25442606265747414,-0.4602326036058927,0.22317047513334115
Residual,-0.7152017387287268,0.01553138276965053,0.07423052150363808,-0.4906331373406387,0.1353842227693027,-0.02741939484248558,-0.2622321551479289,-0.012654935671971759
pNML,-0.19198453601212837,0.20270986687341291,-0.07385296073478552,-0.13222725636806945,0.28860332170560143,0.2818454574999599,0.7224647587538222,-0.21051553946136967
