feature,lr_mean_abs_coef,rf_gini_importance,lr_rank,rf_rank
max_equiangular_uc,0.28409442430062126,0.16652492543086528,5,1
self_duality,0.31087456813295283,0.14721566782449058,3,2
var_collapse,0.3176351069715424,0.13494868532949167,2,3
equiangular_uc,0.26838257996133447,0.12379938930590426,8,4
equiangular_wc,0.30868542936213283,0.11837336969940865,4,5
equinorm_uc,0.2805813967309736,0.11116530513339941,6,6
max_equiangular_wc,0.2782100779243888,0.10684428742677986,7,7
equinorm_wc,0.39100195502166246,0.09112836984966032,1,8
