,var_collapse,equiangular_uc,equiangular_wc,equinorm_uc,equinorm_wc,max_equiangular_uc,max_equiangular_wc,self_duality
CTM,-0.5062995049968918,-0.09563116333029381,-0.4800090868727312,-0.19182321501847444,-0.4303588820096207,-0.21341426047756396,-0.5111752353884521,-0.5460027580953734
CTMmean,-0.1652359889693632,0.16721502070114136,-0.08270760650339742,0.2132688163325324,0.49880542081390844,0.07495999784667519,-0.036820193364998234,0.2814848111780572
Energy,0.18237481053345586,-0.5753252865730425,0.3756258838432522,-0.3861468682098249,-0.0981402674452898,-0.4968218002739888,0.49287796829276403,-0.23118366223700695
ViM,0.6117129568954007,0.42559339365924703,0.39608768956208074,-0.12348340859913409,-0.4490057380992446,0.5655385138305704,0.20264722651820846,0.09287619505765449
fDBD,-0.12255227346260024,0.07814803554294764,-0.2089968800292026,0.4881846754949021,0.47869946674024916,0.06973754907430803,-0.14752976605752127,0.4028254140966722
