feature,rf_gini_importance,rf_rank
var_collapse,0.3566545159841862,1
equinorm_uc,0.16707099483247653,2
equiangular_wc,0.11206902293345981,3
self_duality,0.10055087846016526,4
max_equiangular_wc,0.09098205188766065,5
equinorm_wc,0.07253731792657493,6
max_equiangular_uc,0.060543312232102874,7
equiangular_uc,0.03918723480003089,8
dropout,0.00040467094334296856,9
