feature,rf_gini_importance,rf_rank
equinorm_uc,0.31060531581812584,1
var_collapse,0.2920232829609852,2
max_equiangular_wc,0.1613763897163454,3
self_duality,0.13837766380268324,4
equiangular_uc,0.037539142387761536,5
equinorm_wc,0.02640940659266531,6
max_equiangular_uc,0.02279248296000215,7
equiangular_wc,0.010327009866541989,8
dropout,0.0005493058948894508,9
