feature,lr_mean_abs_coef,rf_gini_importance,lr_rank,rf_rank
var_collapse,0.9134168481690198,0.23370121020450527,1,1
max_equiangular_uc,0.38963448213718227,0.17672035765010874,5,2
equiangular_wc,0.6384449783956855,0.16308166356141496,4,3
max_equiangular_wc,0.7359382213580234,0.13983105219597936,3,4
equiangular_uc,0.21812703396676586,0.1345225961134131,8,5
equinorm_uc,0.2387599020787867,0.08575360262324283,7,6
self_duality,0.8332550967575857,0.040650980242921346,2,7
equinorm_wc,0.3839161965388876,0.025738537408414426,6,8
