,var_collapse,equiangular_uc,equiangular_wc,equinorm_uc,equinorm_wc,max_equiangular_uc,max_equiangular_wc,self_duality
CTM,0.09498843622857818,-0.051527605464419445,-0.4013102615110589,-0.11151203936908789,-0.7378612747717307,0.022738468749521665,-0.5095892444352449,-0.3925519944866035
CTMmean,-0.21294528752056485,0.0700159170644493,-0.3141607715589046,0.5642655866780941,0.5725235911564465,0.013050549547793246,-0.23542882346249383,0.4190435126041032
Energy,0.014029941983431195,-0.3033318323809771,0.6268463843597909,-0.4003005814131812,-0.2369793793321885,-0.2607782955389102,0.6660109379258128,-0.16393162209811735
pNML,0.10392690930855546,0.28484352078094777,0.08862464871017284,-0.05245296589582497,0.40231706294747277,0.22498927724159565,0.07900712997192576,0.13744010398061757
