,var_collapse,equiangular_uc,equiangular_wc,equinorm_uc,equinorm_wc,max_equiangular_uc,max_equiangular_wc,self_duality
CTM,-1.3241664172011134,-0.7505236680850046,-0.49966057511448475,-0.38745575588411246,0.34231960324013144,-0.7805476228090382,-0.5097903933317658,-0.4670769781897544
Energy,1.020213093124548,0.27771121706893404,0.8019430994386018,0.20190954264755798,0.30180915735828767,0.4543490379759511,0.8392932523327045,0.48194289197714674
Maha,-0.8999098184841149,1.2702507021075757,-0.5854803357737646,0.28457061868176803,-1.111907833147801,0.9321489219942231,-0.6817561638944103,-0.9344666808325096
NNGuide,0.19679315459186061,-0.43477662716515514,0.8113470073686213,-0.0011104482301685279,0.42382487246944045,-0.09309086737696466,1.1317220895609166,-0.7124354395019725
fDBD,0.008778093807359949,-0.8381397168951185,-0.37836236814147356,-0.37958139099421584,0.7723886898678973,-0.8265367789784593,-0.3587727094114207,0.1181951601923447
pNML,0.9982918941614595,0.475478092968767,-0.14978682777750113,0.28166743377917125,-0.7284344897879527,0.31367730919428893,-0.4206960752560251,1.5138410463547443
