feature,lr_mean_abs_coef,rf_gini_importance,lr_rank,rf_rank
max_equiangular_uc,0.5707335856822139,0.18910956845114252,5,1
equiangular_wc,0.6278779329619758,0.1690739631516319,3,2
max_equiangular_wc,0.6924744694675963,0.15674722765974877,1,3
equiangular_uc,0.6207339170312298,0.1341526323651572,4,4
self_duality,0.4967012119332574,0.11043495996602522,7,5
equinorm_wc,0.5246345469826702,0.10574748803996847,6,6
equinorm_uc,0.31804393421435945,0.07763464704987069,8,7
var_collapse,0.6718794394716837,0.05709951331645529,2,8
