,var_collapse,equiangular_uc,equiangular_wc,equinorm_uc,equinorm_wc,max_equiangular_uc,max_equiangular_wc,self_duality
CTM,-0.47655629414851547,-0.27202615010549736,-0.4995049087050155,-0.19909471347486998,0.058156261771863886,-0.35103234936136846,-0.5098215851947289,-0.1898334556996409
Energy,0.09291944340073861,0.053548244919671084,0.20921624501190506,0.1370375218452522,0.16339015534374854,0.08951423144769863,0.1748324172819659,0.5330499187408058
NNGuide,0.38363685074777687,0.21847790518582652,0.2902886636931108,0.06205719162961798,-0.2215464171156123,0.2615181179136701,0.33498916791276323,-0.34321646304116477
