feature,lr_mean_abs_coef,rf_gini_importance,lr_rank,rf_rank
equiangular_wc,0.4834729389649604,0.15962211452252242,2,1
max_equiangular_uc,0.2975229205233339,0.14711439531559065,5,2
max_equiangular_wc,0.5463407842000685,0.1442179146797598,1,3
var_collapse,0.3421858700317788,0.1319710861973002,4,4
equiangular_uc,0.17869314534513953,0.12749836541592977,6,5
equinorm_uc,0.16865312537812052,0.11946717322801965,7,6
self_duality,0.4753981528640354,0.11043079732151151,3,7
equinorm_wc,0.1458134187086695,0.059678153319366045,8,8
