feature,lr_mean_abs_coef,rf_gini_importance,lr_rank,rf_rank
equiangular_wc,0.44034211597388323,0.1548515349958409,6,1
equiangular_uc,0.4083397011039255,0.1392653975295685,7,2
max_equiangular_wc,0.5029862356753498,0.13631237291456424,5,3
max_equiangular_uc,0.3855725173453647,0.13507999107680088,8,4
var_collapse,0.6149742085195232,0.12288531995156764,1,5
equinorm_wc,0.5883137807357373,0.1110906717686351,2,6
self_duality,0.5168591144781128,0.1031779332759796,4,7
equinorm_uc,0.570760666091503,0.09733677848704313,3,8
