,var_collapse,equiangular_uc,equiangular_wc,equinorm_uc,equinorm_wc,max_equiangular_uc,max_equiangular_wc,self_duality
CTM,-0.5364619954013163,-0.04470031853821823,-0.5210034008976685,-0.13525391933829925,-0.45802192162675703,-0.18669854520858536,-0.569779944312111,-0.5455253842728475
Energy,0.7055410173536718,0.11619085206834846,0.5455927047502446,0.028274075634767526,-0.5204969143351019,0.13004889781325463,0.4661270744531793,-0.0008632118859197411
NNGuide,-0.0063528769269560895,-0.31253807984118004,0.0868295475180052,-0.17453593223710287,0.42252354849636836,-0.11528873026404882,0.17348357380938983,0.1537481381688483
fDBD,-0.16272614502539928,0.24104754631104952,-0.11141885137058123,0.2815157759406345,0.5559952874654904,0.17193837765937933,-0.0698307039504581,0.3926404579899188
