,var_collapse,equiangular_uc,equiangular_wc,equinorm_uc,equinorm_wc,max_equiangular_uc,max_equiangular_wc,self_duality
PCA RecError global,-0.03634769724414346,0.5355826727592646,0.7671431555874627,-0.18733387786622363,0.27597460338594126,0.5181543495690546,0.34347353202744296,0.1747682314941113
PE,0.8416493056508603,-0.12618748226939222,-0.0574278388474476,0.5683211694883188,-0.3803173478116897,-0.1514289003956676,-0.34278555896378815,0.2001413861846331
ViM,-0.8134986757598177,-0.0031994296597492723,-0.5964013740589513,-0.24517754123745972,-0.23211103310952183,-0.08945007556256517,-0.5714971897563251,0.1752688467608226
pNML,0.00819706735310076,-0.4061957608301233,-0.11331394268106318,-0.13580975038463577,0.3364537775352706,-0.27727537361082233,0.5708092166926705,-0.5501784644395676
