,var_collapse,equiangular_uc,equiangular_wc,equinorm_uc,equinorm_wc,max_equiangular_uc,max_equiangular_wc,self_duality
CTMmean,-0.48885536291829756,0.3975897858931556,-0.9907500574566731,0.22236243419625726,0.7449331719635254,0.3371448557259903,0.30205244873955134,0.38954435957688416
CTMmeanOC,-0.3950251771381689,0.3215315508829792,-0.9568747855003411,-0.18359550458320997,0.18242550735348953,0.48162113611278956,1.096111060372559,-0.2664072113919414
GradNorm,-1.1736417686443612,0.4716235674646826,0.09064064280460682,-0.5943141874003711,-0.24048888199507504,0.3846253741195482,-0.7289988233365882,0.2656938808037008
KPCA RecError global,-0.9090530078827587,0.04954221276077408,0.2597361457486362,-1.134059062727159,0.155675979049486,0.151152450028833,0.2938859900263306,-0.37304343128587525
Maha,1.1930623471468496,-0.16753933951109204,-0.07480848724668096,0.8534238976059619,-0.5018867570481989,-0.2048469991474616,-0.4742821691128455,0.31316539110634767
PCA RecError global,0.0043723700180228284,-0.2658905892491421,0.8893398146649224,0.09393977456896947,0.5869720220458913,-0.29378817575797045,0.5346172695570052,-0.2708325802598177
Residual,1.1930623471468496,-0.16753933951109204,-0.07480848724668096,0.8534238976059619,-0.5018867570481989,-0.2048469991474616,-0.4742821691128455,0.31316539110634767
fDBD,-0.9738245250043819,-0.4110401887552301,-0.12368133364241955,-0.7362112551706146,-0.3739699201889823,-0.5584305186243975,-1.276649282066765,0.17737076965991372
pNML,1.2292049698473484,-0.4659858893583966,0.6411711691969293,0.71973306325217,0.22780506656760172,-0.368265539464098,0.6754870144097482,-0.46290236469524143
