,var_collapse,equiangular_uc,equiangular_wc,equinorm_uc,equinorm_wc,max_equiangular_uc,max_equiangular_wc,self_duality
CTM,-0.37207272415081866,-0.08614109690430988,0.4321784053539693,0.010695802092368058,-0.1798112114751214,-0.15641607347532488,0.19250024370454547,-2.759963615769672
CTMmeanOC,-1.2146115189071545,-0.33067367307398093,-0.37188428300637894,-0.27857408200009903,1.5675516526610895,-0.378618903514089,0.09924304697527593,1.4158618121281183
Energy,1.014705273561225,0.05735572777137031,0.6607311319870225,-0.9222233894811765,-2.317736099383475,0.5110972351253441,0.6230440971957298,0.3219505342201967
GE,0.916394001536303,0.2540403467956419,-0.34599793994145744,0.15951235089056487,-1.2432116090240772,0.4660310773831548,-0.3909416091628388,1.5056124457633062
Maha,0.916394001536303,0.2540403467956419,-0.34599793994145744,0.15951235089056487,-1.2432116090240772,0.4660310773831548,-0.3909416091628388,1.5056124457633062
NNGuide,-1.2146115189071545,-0.33067367307398093,-0.37188428300637894,-0.27857408200009903,1.5675516526610895,-0.378618903514089,0.09924304697527593,1.4158618121281183
NeCo,0.916394001536303,0.2540403467956419,-0.34599793994145744,0.15951235089056487,-1.2432116090240772,0.4660310773831548,-0.3909416091628388,1.5056124457633062
fDBD,-1.2146115189071545,-0.33067367307398093,-0.37188428300637894,-0.27857408200009903,1.5675516526610895,-0.378618903514089,0.09924304697527593,1.4158618121281183
