,var_collapse,equiangular_uc,equiangular_wc,equinorm_uc,equinorm_wc,max_equiangular_uc,max_equiangular_wc,self_duality
CTM,-1.3989589224159213,-0.5196396134058343,-0.02288455412483891,-0.35714052485642545,-0.6172191533954189,-0.507410145556136,-0.045937485539879135,-0.6438046240667281
CTMmeanOC,-0.23642368833610777,-0.17303815608616638,-0.3126968995487367,0.030859354852329563,0.9002500632922532,-0.20218350019324793,-0.29156104415353135,0.4081091719574931
Energy,1.3352364199755367,0.241263073733266,0.11203408117964517,-0.24964375518599002,-0.30038205804456514,0.3273631928204253,0.03750011804169363,0.7699424785762649
GradNorm,-0.46570361449581704,0.3431790931727675,0.6341244097268094,0.5222154663587758,-0.0911729027083788,0.38597140321469176,0.6492851467607881,0.5093392632148713
NNGuide,0.6033438777199773,0.37149873389407806,-0.04517521548066235,-0.6321117381636168,0.3715272587542924,0.13846554642175832,0.014185037780906342,-0.11063083625737095
ViM,0.16250592755233073,-0.2632631313081122,-0.36540182175221675,0.6858211969949262,-0.2630032078981831,-0.14220649670749214,-0.36347177288997756,-0.9329554534245305
