,var_collapse,equiangular_uc,equiangular_wc,equinorm_uc,equinorm_wc,max_equiangular_uc,max_equiangular_wc,self_duality
CTMmean,-0.6371554834285708,1.001172734907873,-0.5610692028309767,-0.08620402471889527,0.3280057671601212,1.0541236131564735,0.49143659288849645,0.3320744765364922
CTMmeanOC,-0.6371554834285708,1.001172734907873,-0.5610692028309767,-0.08620402471889527,0.3280057671601212,1.0541236131564735,0.49143659288849645,0.3320744765364922
GE,1.1930623471468496,-0.16753933951109204,-0.07480848724668096,0.8534238976059619,-0.5018867570481989,-0.2048469991474616,-0.4742821691128455,0.31316539110634767
Maha,-1.5462807327421617,0.565256988076706,-0.5798436234143991,-0.8114680428810416,-0.05857606952327993,0.4830527770605636,-0.6673603777351617,0.4451953666382915
PE,1.1930623471468496,-0.16753933951109204,-0.07480848724668096,0.8534238976059619,-0.5018867570481989,-0.2048469991474616,-0.4742821691128455,0.31316539110634767
Residual,-0.6371554834285708,1.001172734907873,-0.5610692028309767,-0.08620402471889527,0.3280057671601212,1.0541236131564735,0.49143659288849645,0.3320744765364922
ViM,-1.5462807327421617,0.565256988076706,-0.5798436234143991,-0.8114680428810416,-0.05857606952327993,0.4830527770605636,-0.6673603777351617,0.4451953666382915
pNML,-0.32312352124462657,0.6483474059279721,0.0067459625383100305,-0.106749434770648,0.732982905741266,0.8138284570372852,1.5524121357597251,-0.34689211859052094
