method,var_collapse,equiangular_uc,equiangular_wc,equinorm_uc,equinorm_wc,max_equiangular_uc,max_equiangular_wc,self_duality,dropout
CTM,-0.004324329671169118,-0.004425696737701551,0.0028731538794925507,-0.0076701774668939135,-0.007374882413297401,0.008121218210782348,-0.0016090024842222346,0.00943447504009071,0.0012669083095850583
CTMmean,-0.00876341179271305,-0.014358440308970022,-0.019037749133215105,-0.007734918089962749,-0.06282488948920244,-0.013221879644598032,-0.040406575413689534,-0.08208707831620106,-0.00023172447811453184
CTMmeanOC,-0.00876341179271305,-0.014358440308970022,-0.019037749133215105,-0.007734918089962749,-0.06282488948920244,-0.013221879644598032,-0.040406575413689534,-0.08208707831620106,-0.00023172447811453184
Energy,-0.015439769589043289,0.0027353763434363213,-0.0020746313465626874,0.003526207723510118,0.007918607297356368,0.000223241439495248,0.0007774010027061159,-0.00029749947131060773,0.00013106660041218578
NNGuide,-0.00876341179271305,-0.014358440308970022,-0.019037749133215105,-0.007734918089962749,-0.06282488948920244,-0.013221879644598032,-0.040406575413689534,-0.08208707831620106,-0.00023172447811453184
fDBD,-0.00876341179271305,-0.014358440308970022,-0.019037749133215105,-0.007734918089962749,-0.06282488948920244,-0.013221879644598032,-0.040406575413689534,-0.08208707831620106,-0.00023172447811453184
