feature,rf_gini_importance,rf_rank
equinorm_uc,0.26421083512584603,1
var_collapse,0.22052260953372171,2
self_duality,0.20298008965672867,3
max_equiangular_wc,0.1188964247228756,4
equiangular_uc,0.08715036134512298,5
max_equiangular_uc,0.06848517725023415,6
equiangular_wc,0.019634828845746754,7
equinorm_wc,0.017025053646390644,8
dropout,0.0010946198733334481,9
