feature,lr_mean_abs_coef,rf_gini_importance,lr_rank,rf_rank
equiangular_wc,0.25387739387882474,0.18553482274827576,2,1
max_equiangular_wc,0.24918734975957432,0.13407630086367806,3,2
max_equiangular_uc,0.16904438377084746,0.13301224302903125,8,3
var_collapse,0.2572445354190485,0.129372480415733,1,4
self_duality,0.1926399516234579,0.11739739577605922,7,5
equinorm_uc,0.22476441026661756,0.10993854675533615,4,6
equiangular_uc,0.20464832083274534,0.10608969635131317,6,7
equinorm_wc,0.21079877401712016,0.08457851406057337,5,8
