feature,lr_mean_abs_coef,rf_gini_importance,lr_rank,rf_rank
self_duality,0.27508923221978365,0.18111154696626813,6,1
max_equiangular_wc,0.45714137436005675,0.14084066796738298,1,2
equinorm_wc,0.30621419046060583,0.13083874905318565,4,3
equiangular_uc,0.26779133637963237,0.12605755400884544,7,4
var_collapse,0.4249231865019805,0.1166899105430643,2,5
max_equiangular_uc,0.2590771747845274,0.10896733859216155,8,6
equiangular_wc,0.3835715777937312,0.10745943592498051,3,7
equinorm_uc,0.2841605847441595,0.08803479694411159,5,8
