,var_collapse,equiangular_uc,equiangular_wc,equinorm_uc,equinorm_wc,max_equiangular_uc,max_equiangular_wc,self_duality
CTM,-0.3717201907253805,-0.5353962142970897,-0.7838592654933444,-0.4025465614865878,-0.2730351161461033,-0.643189031236345,-0.824978618268555,-0.11409857765897556
CTMmean,-1.34235828474929,-0.3071644951075733,-0.2985053082444166,-0.04486985363980054,0.309987812978186,-0.4230718625146967,-0.2860514861115943,-0.7249878906071062
CTMmeanOC,-1.34235828474929,-0.3071644951075733,-0.2985053082444166,-0.04486985363980054,0.309987812978186,-0.4230718625146967,-0.2860514861115943,-0.7249878906071062
Energy,0.3717201907253803,0.5353962142970898,0.7838592654933443,0.402546561486588,0.27303511614610343,0.643189031236345,0.824978618268555,0.1140985776589758
KPCA RecError global,1.1084768331711732,-0.3532079328753754,-0.6406152984583254,-0.49849725403129064,-0.7527997573696996,-0.34041778880705664,-0.6981791712624963,0.6269945936100753
NeCo,-0.34361373252810035,0.5100328082842623,0.19732867064949058,0.6580212290229404,0.7334327736550201,0.3607859890043021,0.1200283647652486,0.7304474950098141
