feature,lr_mean_abs_coef,rf_gini_importance,lr_rank,rf_rank
var_collapse,0.61015302921726,0.17089050989764323,1,1
self_duality,0.3022595124970167,0.1499062092790805,3,2
equiangular_wc,0.30129287724618237,0.13051127676828822,4,3
max_equiangular_uc,0.2140188999174257,0.13032629110908625,7,4
equiangular_uc,0.1753015372067441,0.11607865202546117,8,5
equinorm_uc,0.35026973515903537,0.11485029528825995,2,6
equinorm_wc,0.2941517526984528,0.1142715619802539,5,7
max_equiangular_wc,0.2459185340252568,0.07316520365192687,6,8
