lodo_lr_accuracy,lodo_lr_jaccard,lodo_lr_f1,lodo_lr_precision,lodo_lr_recall,lodo_lr_top3_hit,lodo_lr_clique_hit,lodo_rf_accuracy,lodo_rf_jaccard,lodo_rf_f1,lodo_rf_precision,lodo_rf_recall,lodo_rf_top3_hit,lodo_rf_clique_hit,lodo_cc_accuracy,lodo_cc_jaccard,lodo_cc_f1,lodo_cc_precision,lodo_cc_recall,lodo_cc_top3_hit,lodo_cc_clique_hit,lodo_accuracy,lodo_jaccard,lodo_f1,lodo_top3_hit,lodo_clique_hit,lodo_n_samples,lodo_baseline_accuracy,lodo_best_model,kfold_lr_accuracy,kfold_lr_jaccard,kfold_lr_f1,kfold_lr_precision,kfold_lr_recall,kfold_lr_top3_hit,kfold_lr_clique_hit,kfold_rf_accuracy,kfold_rf_jaccard,kfold_rf_f1,kfold_rf_precision,kfold_rf_recall,kfold_rf_top3_hit,kfold_rf_clique_hit,kfold_cc_accuracy,kfold_cc_jaccard,kfold_cc_f1,kfold_cc_precision,kfold_cc_recall,kfold_cc_top3_hit,kfold_cc_clique_hit,kfold_n_folds,kfold_baseline_accuracy,dt_depth,dt_cv_accuracy,dt_cv_jaccard,dt_cv_f1,dt_cv_top3_hit,dt_cv_clique_hit,label,n_samples,n_classes,n_features,classes,target_mode
0.23636363636363636,0.23636363636363636,0.23636363636363636,0.23636363636363636,0.23636363636363636,0.36363636363636365,0.23636363636363636,0.41818181818181815,0.5030303030303029,0.5333333333333332,0.5030303030303029,0.6,0.7272727272727273,0.6,0.2619047619047619,0.2619047619047619,0.2619047619047619,0.2619047619047619,0.2619047619047619,0.38095238095238093,0.2619047619047619,0.41818181818181815,0.5030303030303029,0.5333333333333332,0.7272727272727273,0.6,55,0.4727272727272727,RF,0.6545454545454545,0.6545454545454545,0.6545454545454545,0.6545454545454545,0.6545454545454545,0.8,0.6545454545454545,0.6727272727272727,0.6727272727272727,0.6727272727272727,0.6727272727272727,0.6727272727272727,0.8181818181818182,0.6727272727272727,0.6727272727272727,0.6727272727272727,0.6727272727272727,0.6727272727272727,0.6727272727272727,0.8181818181818182,0.6727272727272727,3,0.4727272727272727,3,0.5636363636363636,0.6272727272727273,0.6484848484848484,0.8,0.6909090909090909,group_all,55,6,8,"CTM,CTMmeanOC,Energy,NNGuide,ViM,fDBD",clique
