feature,lr_mean_abs_coef,rf_gini_importance,lr_rank,rf_rank
max_equiangular_wc,0.6932780127012942,0.15655078877689263,3,1
equiangular_wc,0.6224698652735089,0.15532599368008176,5,2
equinorm_wc,0.8994137632914802,0.1537673000009551,2,3
equiangular_uc,0.35120610258976437,0.12879665310079003,7,4
var_collapse,1.0133801648870682,0.1200508128955415,1,5
self_duality,0.6229734573077051,0.11186459039505356,4,6
max_equiangular_uc,0.3940983789540755,0.08884402015531453,6,7
equinorm_uc,0.30807486988190164,0.08479984099537083,8,8
