,var_collapse,equiangular_uc,equiangular_wc,equinorm_uc,equinorm_wc,max_equiangular_uc,max_equiangular_wc,self_duality
CTM,0.13011612855278218,0.09003975019468989,-0.4109175006796897,-0.09669069158793536,-0.6238376196697183,0.13920371893666592,-0.5217233082732367,-0.3290763551481998
Energy,0.12084860318595149,-0.2266035917809858,0.6523310224393575,-0.39615462192593315,-0.15110400817245834,-0.1944833272877919,0.6703412101736237,-0.14948684997116282
fDBD,-0.25096473173873374,0.13656384158629614,-0.24141352175966782,0.4928453135138689,0.7749416278421768,0.05527960835112619,-0.14861790190038715,0.4785632051193627
