,var_collapse,equiangular_uc,equiangular_wc,equinorm_uc,equinorm_wc,max_equiangular_uc,max_equiangular_wc,self_duality
CTM,-0.4569304308666649,-0.15090845401445396,-0.02190144605157289,-0.3377379329626624,-0.30902593845327636,-0.028082253204882633,-0.0642626778582856,-0.4980886274935318
CTMmeanOC,-0.09424856297015943,0.3364957499097166,-0.27276018460562607,0.3917967572696671,0.594694561796521,0.26375157528614823,-0.040142685911170074,0.36616640930318384
ViM,0.5511789938368243,-0.1855872958952626,0.2946616306571989,-0.05405882430700483,-0.2856686233432448,-0.2356693220812656,0.10440536376945542,0.131922218190348
