feature,lr_mean_abs_coef,rf_gini_importance,lr_rank,rf_rank
max_equiangular_uc,0.6689998561153445,0.22769751267754657,2,1
equiangular_uc,0.6396822832283985,0.22410841707172363,4,2
max_equiangular_wc,0.6637508760151536,0.10959895014520937,3,3
var_collapse,0.9641595164135451,0.1075173062310521,1,4
equinorm_wc,0.35474073254557337,0.1020794807131767,8,5
self_duality,0.3574796329611595,0.10036227803030805,7,6
equinorm_uc,0.4618931737376676,0.09459456413298913,5,7
equiangular_wc,0.37490722404417504,0.034041490997994445,6,8
