feature,lr_mean_abs_coef,rf_gini_importance,lr_rank,rf_rank
max_equiangular_uc,0.4422619932499223,0.14575964845833866,6,1
equiangular_wc,0.4170654975072286,0.1350411122506314,7,2
self_duality,0.5717161688954945,0.13468850808903965,1,3
equiangular_uc,0.3987947028320434,0.1345288839765522,8,4
max_equiangular_wc,0.476828741410164,0.12910976432059318,5,5
equinorm_wc,0.5592745605768986,0.11785580312614052,3,6
var_collapse,0.5442789651803479,0.1123084559751926,4,7
equinorm_uc,0.5614044976407346,0.09070782380351172,2,8
