,var_collapse,equiangular_uc,equiangular_wc,equinorm_uc,equinorm_wc,max_equiangular_uc,max_equiangular_wc,self_duality
CTM,-0.6364140368342114,-0.8642201410109679,-0.3310862361463502,-0.6960698593207397,-0.39727400819708875,-0.8144363781888121,-0.3334288596976766,-0.641023315880478
Energy,0.859551008095397,0.4471678081412377,0.27943243390650074,0.23077358690512803,-0.1428037219865523,0.40856847272186697,0.17146686441294984,0.8612694230669723
Maha,-0.46794914767679846,0.645487513423241,-0.40674793834534284,0.06895389727112795,-0.8707765147108885,0.41986850025957595,-0.4968799210331494,-0.399705347179067
NNGuide,0.5196016967963067,-0.18854469211348568,0.3108098461136592,-0.0664198805980156,0.1744857677786414,0.006366700608807464,0.4354765287369853,-0.3967643277659961
NeCo,-0.1454152331696447,0.150285621848319,0.6016564968141412,0.3917275793301848,0.25866951169341407,0.23732566278265985,0.6775480664562932,0.1539680996006009
fDBD,-0.12937428721104932,-0.19017611028834436,-0.45406460234260904,0.07103467641231409,0.977698965422474,-0.25769295818409854,-0.45418267887540276,0.4222554681579674
