,var_collapse,equiangular_uc,equiangular_wc,equinorm_uc,equinorm_wc,max_equiangular_uc,max_equiangular_wc,self_duality
CTM,-1.6236779719418226,-0.07557076779657874,-0.477397747203217,0.13486175991819713,-0.4129090139571201,-0.20345678799302236,-0.6113552004827173,-0.38855969382257766
CTMmean,-0.2680072997689531,-0.18344155010185603,-0.3770098587785068,-0.09099759749624718,1.199595947577966,-0.22964543553419497,-0.37662195729184733,0.36830575116458497
Confidence,-0.024811404459303715,0.27183336936391483,-0.06223174171731002,-0.09922806229277084,-0.8903629137477225,0.3152162636146111,0.01192840390262108,-0.915671687125725
Energy,1.189814566490034,-0.31652098274268947,0.5135296711898716,-0.1573760669662801,0.17569554672503845,-0.2261895766668695,0.6528298371292971,-0.40813856642111196
GradNorm,-0.17197421535617227,0.26480588384770304,0.5176748315418164,0.4540552768208568,0.31464700701876724,0.2881598600242241,0.556193113637581,0.5207090940451
ViM,0.06723776839874625,-0.34204809037847433,-0.48434024446253304,-0.4449515706819309,-0.6497730611784764,-0.33718421874308585,-0.5218353407679552,0.36035093047173067
pNML,0.8314185566374718,0.3809421378079798,0.36977508942987836,0.2036362606981751,0.2631064875615468,0.3930998952983373,0.28886114387302014,0.4630041716879975
