,var_collapse,cdnv_score,bias_collapse,equiangular_uc,equiangular_wc,equinorm_uc,equinorm_wc,max_equiangular_uc,max_equiangular_wc,self_duality,w_etf_diff,M_etf_diff,wM_etf_diff
CTM,-0.4544769122605144,0.27878759119379326,-0.13133852703610735,-0.2877115106589609,-0.6378960946291451,-0.6805007116590285,-0.6914703568467547,-0.17683212665917908,-0.6404417186196134,-0.4652003762029662,0.42980512251797076,0.38282709488555305,0.38728566649379886
Confidence,-0.11830411720152693,-0.20194495787433656,-0.17660143635165332,-0.5488438967891167,0.08340138361355555,-0.09208663203964812,-0.13020667009220818,-0.642040065505254,0.09694149890428998,-0.33957545347449747,-0.1707835217186911,-0.2782799090006739,-0.2453560212074541
Energy,0.8524405061785812,0.062370857024392996,0.12895756959463275,-0.06299816544833521,0.4051755793961117,-0.100651199805547,-0.47747878319766873,-0.15579884570602806,0.33318815046725286,0.37994890148622046,0.15408509598447825,0.02548078325680255,0.1007943276957204
GE,0.5581431743244862,-0.1112165073001867,-0.15067951271240218,0.29035912497796096,-0.19559133007483737,0.23275901704797647,-0.26894297766514436,0.2688856211302125,-0.3272132313426129,0.27746860723185657,-0.09932709226346781,-0.023941417530866402,-0.05845757878058282
NNGuide,-0.6747856923187534,-0.23088966752657628,-0.038737054486345505,0.30736525407989984,-0.1101099469104959,0.08089825354328882,0.6655617479164389,0.4339366703348545,-0.0015248038457324807,-0.26019991109771695,-0.5241735448200592,-0.31809935109385956,-0.4091591376744327
NeCo,0.08046216159462823,-0.07907442629189718,0.22380528046871545,0.27075660462718854,0.627594513248602,0.1747140866658652,0.04931811555324942,0.32205477111264547,0.6714177161442636,0.07874959417613539,0.04331469801466114,-0.03750284172815326,0.00033956079760979406
fDBD,-0.2434791203169008,0.28196711077480946,0.14459368052315993,0.03107258921136201,-0.17257410464379147,0.38486718624709293,0.8532189243320868,-0.05020602470725169,-0.1323676117078476,0.3288086378809691,0.167079242285108,0.24951564121119765,0.22455318267533975
