method,var_collapse,equiangular_uc,equiangular_wc,equinorm_uc,equinorm_wc,max_equiangular_uc,max_equiangular_wc,self_duality
CTM,-0.004761927213911996,-0.0005289475320754772,-0.0006513348755905716,0.005454397568327679,0.0016232588411599588,-0.004156450041927651,0.0026018423211889297,0.001669160932829096
Energy,0.001214620183840126,-0.0022075844027889245,0.0003889537927867448,0.0007705867287681239,0.004926712149216502,-0.008434553222845462,-0.0006851746128703921,0.005526439383893278
GE,-0.07037581866662754,-0.04520784724379085,-0.01624490244152348,-0.007213406212217249,-0.005904495188028363,-0.0757961680840118,-0.017979981232520793,-0.016027380931280023
fDBD,-0.0109766306266403,-0.013704788551409483,-0.014113971843644829,-0.0498522111058876,-0.06000007788856192,-0.021843174874885074,-0.012775376350156145,-0.06873376875881476
