feature,lr_mean_abs_coef,rf_gini_importance,lr_rank,rf_rank
var_collapse,0.540798269210565,0.17301578289187233,2,1
max_equiangular_uc,0.5301573213914553,0.16721566254077508,3,2
self_duality,0.395865588036698,0.16490821939649603,7,3
equinorm_wc,0.9350113997607696,0.12426735114385452,1,4
equinorm_uc,0.3812490379592638,0.11241916360720737,8,5
equiangular_wc,0.5006212559251441,0.10678790562423986,4,6
equiangular_uc,0.49454844874550996,0.08969595982225398,5,7
max_equiangular_wc,0.4789664824252853,0.061689954973300744,6,8
