feature,lr_mean_abs_coef,rf_gini_importance,lr_rank,rf_rank
max_equiangular_uc,0.7653982322394718,0.24021536043181216,1,1
equiangular_uc,0.7272424349879336,0.2029864222411038,2,2
self_duality,0.4010198196627623,0.18615636228556703,6,3
equinorm_uc,0.4000462396208139,0.11035543559172363,7,4
max_equiangular_wc,0.4081849658896959,0.10123848431749814,5,5
var_collapse,0.5385711521199883,0.07553897695232789,3,6
equinorm_wc,0.3696438072086534,0.06118605745605906,8,7
equiangular_wc,0.4746393343697168,0.022322900723908173,4,8
