feature,lr_mean_abs_coef,rf_gini_importance,lr_rank,rf_rank
self_duality,0.4749518272046955,0.1748119912619519,3,1
max_equiangular_uc,0.17170584251895415,0.15904197778137275,7,2
equiangular_wc,0.31736463959234057,0.15110868913287082,4,3
equiangular_uc,0.24309054757937418,0.1505097090800905,6,4
equinorm_wc,0.5962695617655868,0.12224874753182813,1,5
equinorm_uc,0.27853209596044115,0.08926092131330463,5,6
max_equiangular_wc,0.15037840418174578,0.07845423898937567,8,7
var_collapse,0.49051317708158404,0.07456372490920557,2,8
