,var_collapse,equiangular_uc,equiangular_wc,equinorm_uc,equinorm_wc,max_equiangular_uc,max_equiangular_wc,self_duality
CTMmean,-0.9674560378214884,-0.21124319172720527,-0.20612843066648728,-0.03779670112252594,0.19791019241224522,-0.29552750978849807,-0.19953994335526026,-0.48400553680857833
NNGuide,0.6178460667260481,0.0543769872283447,0.582020743621474,-0.15192428383985424,-0.35039122605366163,0.27056555222541023,0.6942447804182841,-0.5212317497860097
fDBD,0.3496099710954405,0.15686620449886093,-0.37589231295498626,0.18972098496238043,0.15248103364141646,0.02496195756308832,-0.4947048370630234,1.0052372865945882
