feature,rf_gini_importance,rf_rank
equinorm_wc,0.38117865870722306,1
self_duality,0.26332136526434674,2
equiangular_uc,0.09710905473507159,3
max_equiangular_uc,0.07178104415139384,4
var_collapse,0.06649860894980177,5
equinorm_uc,0.05826293203521306,6
equiangular_wc,0.03291298355559561,7
max_equiangular_wc,0.02612243283550411,8
dropout,0.0028129197658500918,9
