feature,lr_mean_abs_coef,rf_gini_importance,lr_rank,rf_rank
equinorm_wc,0.5886530737513394,0.19547354021438282,3,1
equinorm_uc,0.44565684758604424,0.1697400323655789,6,2
max_equiangular_uc,0.41883518988053814,0.15176128444645204,7,3
equiangular_wc,0.5625012083855839,0.14904551767681098,5,4
equiangular_uc,0.387289091557169,0.14045180416450856,8,5
max_equiangular_wc,0.5926582300393799,0.06900742445345502,2,6
self_duality,0.573757434565906,0.06413098192422496,4,7
var_collapse,0.8092695430279623,0.06038941475458671,1,8
