feature,lr_mean_abs_coef,rf_gini_importance,lr_rank,rf_rank
max_equiangular_uc,0.7416678039828426,0.25631292322434085,3,1
equiangular_uc,0.6886140486632821,0.23302028413642253,4,2
var_collapse,0.7543708981782985,0.1337227835959299,2,3
max_equiangular_wc,0.7894760427505765,0.10687352284498988,1,4
self_duality,0.347709859826882,0.10615062888128184,8,5
equinorm_uc,0.35454807238375197,0.06863742492268043,7,6
equiangular_wc,0.39030802688097255,0.06582115227852091,5,7
equinorm_wc,0.37533470372474764,0.02946128011583361,6,8
