,var_collapse,equiangular_uc,equiangular_wc,equinorm_uc,equinorm_wc,max_equiangular_uc,max_equiangular_wc,self_duality
KPCA RecError global,-1.1384556460555397,0.2714226343587641,-0.07072801000369439,-0.6663305065810897,0.13383204113263356,0.24894744266107097,-0.04536421696205724,0.07568443210378883
Residual,0.5202348681463357,-0.015688187216653687,-0.1016399008033893,0.43001081276304015,-0.22568701837180527,-0.04053990860832521,-0.2535512265589246,0.20152356725345483
pNML,0.6182207779092042,-0.2557344471421103,0.17236791080708355,0.23631969381804963,0.09185497723917166,-0.20840753405274548,0.29891544352098187,-0.2772079993572436
