,var_collapse,equiangular_uc,equiangular_wc,equinorm_uc,equinorm_wc,max_equiangular_uc,max_equiangular_wc,self_duality
CTM,-0.3717201907253804,-0.5353962142970896,-0.7838592654933444,-0.4025465614865879,-0.2730351161461034,-0.6431890312363451,-0.824978618268555,-0.11409857765897566
Energy,0.37172019072538054,0.5353962142970898,0.7838592654933443,0.40254656148658785,0.2730351161461034,0.643189031236345,0.8249786182685551,0.11409857765897564
MLS,-0.3436137325281003,0.5100328082842622,0.1973286706494906,0.6580212290229404,0.73343277365502,0.3607859890043019,0.12002836476524857,0.7304474950098142
NNGuide,0.8857619663386781,0.062036643799910626,0.8016697094924515,-0.29657402507642266,-0.552408115454162,0.39565884058116296,0.9578001631646121,-0.8155159352740717
NeCo,0.37172019072538054,0.5353962142970898,0.7838592654933443,0.40254656148658785,0.2730351161461034,0.643189031236345,0.8249786182685551,0.11409857765897564
fDBD,-0.3436137325281003,0.5100328082842622,0.1973286706494906,0.6580212290229404,0.73343277365502,0.3607859890043019,0.12002836476524857,0.7304474950098142
