method,var_collapse,equiangular_uc,equiangular_wc,equinorm_uc,equinorm_wc,max_equiangular_uc,max_equiangular_wc,self_duality,dropout
CTM,0.006694209708157667,-0.0013953012893004276,0.006793325998236064,0.00032309751647915626,-0.0049295015082136025,-0.0004456785678117525,0.0037585319926197805,-0.009739554545334974,0.001065870695168158
CTMmeanOC,-0.011044317860271198,-0.00819105369972111,-0.04797388159315687,-0.022429338000584633,-0.05021589152023402,-0.014820502620986853,-0.04656179626549778,-0.05252633869964588,-0.0003618797399016664
Energy,-0.00353300140552089,-0.004426387536080571,0.0023180076140683456,-0.0009983313186878132,0.014916407768269852,-0.002459471282972734,-0.0017286420562712592,-0.00554503062918394,0.0004564488463790332
GE,-0.13478403365844646,-0.01193630441117226,-0.009230331798770445,-0.02757753268862411,-0.0047650779111074485,-0.006833264634138572,-0.011829789430155757,-0.044592692422704264,-0.0005759730448806896
Maha,-0.13478403365844646,-0.01193630441117226,-0.009230331798770445,-0.02757753268862411,-0.0047650779111074485,-0.006833264634138572,-0.011829789430155757,-0.044592692422704264,-0.0005759730448806896
NNGuide,-0.011044317860271198,-0.00819105369972111,-0.04797388159315687,-0.022429338000584633,-0.05021589152023402,-0.014820502620986853,-0.04656179626549778,-0.05252633869964588,-0.0003618797399016664
NeCo,-0.13478403365844646,-0.01193630441117226,-0.009230331798770445,-0.02757753268862411,-0.0047650779111074485,-0.006833264634138572,-0.011829789430155757,-0.044592692422704264,-0.0005759730448806896
fDBD,-0.011044317860271198,-0.00819105369972111,-0.04797388159315687,-0.022429338000584633,-0.05021589152023402,-0.014820502620986853,-0.04656179626549778,-0.05252633869964588,-0.0003618797399016664
