method,var_collapse,equiangular_uc,equiangular_wc,equinorm_uc,equinorm_wc,max_equiangular_uc,max_equiangular_wc,self_duality
CTM,-0.00421209610410208,0.005986328156320541,-0.002740129755585238,0.001707561217513881,-0.001822046939721262,0.005952437405137692,-0.00014468246566786655,-0.00285237151389571
Energy,0.00421209610410205,-0.005986328156320543,0.0027401297555852333,-0.001707561217513891,0.0018220469397212755,-0.005952437405137673,0.00014468246566790472,0.0028523715138957005
MLS,-0.026656578005450033,-0.01603373527042909,-0.027758590629386192,-0.018881713319410503,-0.08811472494377987,-0.019199016565670808,-0.015463315386953674,-0.04226732587891988
NNGuide,-0.03870760830290954,-0.055349605530809434,-0.03678816642718612,-0.008392775479468765,-0.011186267833300843,-0.040544270496726195,-0.03563158079281471,-0.028149725136784414
NeCo,0.00421209610410205,-0.005986328156320543,0.0027401297555852333,-0.001707561217513891,0.0018220469397212755,-0.005952437405137673,0.00014468246566790472,0.0028523715138957005
fDBD,-0.026656578005450033,-0.01603373527042909,-0.027758590629386192,-0.018881713319410503,-0.08811472494377987,-0.019199016565670808,-0.015463315386953674,-0.04226732587891988
