feature,lr_mean_abs_coef,rf_gini_importance,lr_rank,rf_rank
max_equiangular_uc,0.4208800561974453,0.23225098162552008,7,1
self_duality,0.5149719395786353,0.18939201262889188,4,2
equiangular_uc,0.47980500432994305,0.1788056995434953,5,3
equinorm_wc,0.7238467448785146,0.148948066193148,1,4
equinorm_uc,0.5834611822456662,0.12572866286301437,2,5
var_collapse,0.4398538422291596,0.05390141253160096,6,6
equiangular_wc,0.530764064599569,0.05078580040982148,3,7
max_equiangular_wc,0.248423144602178,0.020187364204508076,8,8
