feature,lr_mean_abs_coef,rf_gini_importance,lr_rank,rf_rank
var_collapse,0.972474319880302,0.27608273165919933,3,1
equiangular_wc,0.4058195257730626,0.14109281307011584,4,2
equinorm_wc,1.3662296369892621,0.12287790433891037,2,3
max_equiangular_wc,0.28576228866432746,0.1058933450766686,6,4
max_equiangular_uc,0.4001829064115501,0.09924323031371712,5,5
self_duality,1.4807921154580181,0.09573309272789084,1,6
equinorm_uc,0.28089731128069206,0.09162517234424156,7,7
equiangular_uc,0.2372048605355686,0.06745171046925635,8,8
