feature,lr_mean_abs_coef,rf_gini_importance,lr_rank,rf_rank
equiangular_wc,0.4558474846030061,0.18013775736991577,2,1
max_equiangular_uc,0.35458525338318825,0.17078961760716946,3,2
equiangular_uc,0.2903334593125443,0.15438076541934917,5,3
equinorm_uc,0.21907366327292277,0.13715613022408918,7,4
max_equiangular_wc,0.4835207867129704,0.133138512263157,1,5
var_collapse,0.3246654845324327,0.07702689896576922,4,6
self_duality,0.2517204036279187,0.07388778431656362,6,7
equinorm_wc,0.21456517908211187,0.07348253383398647,8,8
