feature,lr_mean_abs_coef,rf_gini_importance,lr_rank,rf_rank
max_equiangular_uc,0.35737644545763675,0.17291586002285114,7,1
equiangular_wc,0.3972995922781006,0.166563672659401,6,2
equiangular_uc,0.41431364780426594,0.14151412602715496,5,3
self_duality,0.4791643302751803,0.13640339712792504,1,4
max_equiangular_wc,0.4281638198687428,0.13475986714343724,4,5
equinorm_wc,0.4702847482981765,0.09197962180808585,2,6
equinorm_uc,0.25416324663958506,0.0895268907201422,8,7
var_collapse,0.4597175682972347,0.06633656449100261,3,8
