feature,lr_mean_abs_coef,rf_gini_importance,lr_rank,rf_rank
equiangular_wc,0.3849533930390294,0.167510504514094,2,1
max_equiangular_uc,0.25355528812226524,0.16284390884955482,5,2
equiangular_uc,0.19135384719608084,0.1576313971580121,6,3
max_equiangular_wc,0.429973917133076,0.11908396828781587,1,4
equinorm_uc,0.16763884591297112,0.11838160155844839,7,5
var_collapse,0.3381709778473924,0.11691591899136936,3,6
self_duality,0.33582035017474177,0.09356615160854308,4,7
equinorm_wc,0.12950089292956968,0.06406654903216233,8,8
