feature,lr_mean_abs_coef,rf_gini_importance,lr_rank,rf_rank
equiangular_wc,0.5073667851477094,0.19127710587227795,2,1
var_collapse,0.6500938100903811,0.18156695347406873,1,2
equinorm_uc,0.39608888595109704,0.11991428053186157,4,3
max_equiangular_uc,0.1700671649229729,0.11389604041691559,8,4
self_duality,0.2537100449340551,0.106532707449492,6,5
equiangular_uc,0.2276013701933856,0.10083982824848027,7,6
equinorm_wc,0.49240138072851086,0.0954680440127045,3,7
max_equiangular_wc,0.3391421480523824,0.09050503999419941,5,8
