,var_collapse,equiangular_uc,equiangular_wc,equinorm_uc,equinorm_wc,max_equiangular_uc,max_equiangular_wc,self_duality
CTM,-1.558447623516983,-0.18435105060713777,-1.1732886071424447,-0.07615981305617632,-0.23303328333890727,-0.34337510491131285,-1.384083503506002,0.7869571584693066
Confidence,0.6375373168988118,0.6349435218519565,-0.26758006552091895,-0.4935836082632154,-2.100814596935508,0.762236677621513,-0.12924762914629762,-1.0374320090499347
Energy,1.9690052472533337,-0.2544397080308126,0.7145422227532482,-0.21093853952758287,0.20091581784536924,-0.2553152202621229,0.7922580925354167,-0.08255546864052128
GradNorm,0.5248986649115718,0.5254420200980461,0.6394631039793519,0.711485094539249,0.25330793530729256,0.5833889081962301,0.6494805055285069,1.0543461233075975
NNGuide,-0.16912760154463508,-0.5178277696644792,0.47760983735298285,-0.20714151199959172,0.8913463589768312,-0.39264281754088504,0.5101665564796831,-0.6154632387926833
fDBD,-1.4038660040020985,-0.20376701364757244,-0.39074649142221896,0.27633837830731484,0.9882777681449203,-0.354292443103425,-0.4385740218913072,-0.10585256529376479
