feature,lr_mean_abs_coef,rf_gini_importance,lr_rank,rf_rank
max_equiangular_uc,0.6370200022992756,0.14346091804026517,8,1
equiangular_wc,0.7056938175158125,0.14280980576992056,6,2
equiangular_uc,0.6768138277548501,0.1346637123312416,7,3
max_equiangular_wc,0.8622070773486313,0.13237590195730148,4,4
self_duality,1.0292964441275199,0.1307159738189914,2,5
var_collapse,0.87087910471376,0.11884732078453314,3,6
equinorm_uc,1.3881758858591127,0.10727480112432923,1,7
equinorm_wc,0.7393089967066347,0.08985156617341739,5,8
