feature,lr_mean_abs_coef,rf_gini_importance,lr_rank,rf_rank
self_duality,0.4250973859690725,0.17628077792384206,2,1
equiangular_wc,0.38578076434149583,0.17421802693086497,4,2
equinorm_uc,0.237251769919331,0.1434089974345056,7,3
equinorm_wc,0.24905646953061483,0.11644147701356367,6,4
var_collapse,0.43842127678466153,0.1111994543068404,1,5
max_equiangular_uc,0.2948691595770793,0.10969212494530822,5,6
equiangular_uc,0.23156155767384728,0.08980769469169533,8,7
max_equiangular_wc,0.3966945615307771,0.0789514467533798,3,8
