feature,lr_mean_abs_coef,rf_gini_importance,lr_rank,rf_rank
self_duality,0.14878031675556086,0.17464903554582994,6,1
equinorm_wc,0.28265836298326924,0.16510541428070635,4,2
var_collapse,0.6047908498272367,0.16244544683426482,1,3
max_equiangular_wc,0.4816431725025479,0.15816473839411396,2,4
equinorm_uc,0.41524026247247203,0.13895182731230846,3,5
equiangular_wc,0.049487014335758674,0.10218194163584073,8,6
max_equiangular_uc,0.18789697166663988,0.057250882790613425,5,7
equiangular_uc,0.14549416642870897,0.04125071320632238,7,8
