feature,rf_gini_importance,rf_rank
equinorm_wc,0.27073672114267444,1
self_duality,0.2159200003669387,2
var_collapse,0.12236237336758626,3
max_equiangular_wc,0.10298821707975019,4
equiangular_uc,0.08618426338916776,5
max_equiangular_uc,0.07311104411929303,6
equiangular_wc,0.07082397718590829,7
equinorm_uc,0.05539405441908206,8
dropout,0.0024793489295993594,9
