,var_collapse,equiangular_uc,equiangular_wc,equinorm_uc,equinorm_wc,max_equiangular_uc,max_equiangular_wc,self_duality
CTM,-0.4523225096848259,1.306401321542725,-1.0829015285684527,0.12923153749191887,-1.6430423933057292,0.8202263279635539,-1.4125007826705476,0.02476273822818365
Energy,0.4523225096848259,-1.3064013215427235,1.0829015285684525,-0.1292315374919195,1.6430423933057283,-0.8202263279635524,1.4125007826705454,-0.024762738228183333
MLS,-0.8025678869600114,0.16997983023057406,0.05680910224325707,0.7343125484470021,1.604512035478636,0.10000750182125061,0.06629611276036004,1.0532355524384633
NNGuide,1.1091482612837393,-0.8476741941633233,1.0560065863287753,-0.5820736182284744,-0.0032853532562596333,-0.3919269459603873,1.3385966467324455,-1.4539207166462678
NeCo,0.4523225096848259,-1.3064013215427235,1.0829015285684525,-0.1292315374919195,1.6430423933057283,-0.8202263279635524,1.4125007826705454,-0.024762738228183333
fDBD,-0.8025678869600114,0.16997983023057406,0.05680910224325707,0.7343125484470021,1.604512035478636,0.10000750182125061,0.06629611276036004,1.0532355524384633
