feature,lr_mean_abs_coef,rf_gini_importance,lr_rank,rf_rank
self_duality,0.8486585500013982,0.27372758257928986,4,1
var_collapse,1.0403391914592655,0.15750147897565925,2,2
equinorm_wc,1.2212859410676602,0.15489955455623608,1,3
equinorm_uc,0.8587005597666212,0.14617747483485707,3,4
equiangular_uc,0.5227562426898538,0.10333250534553313,7,5
max_equiangular_uc,0.2909744466592568,0.10240974230988205,8,6
equiangular_wc,0.5488930275096663,0.03498570259209271,6,7
max_equiangular_wc,0.5822760351848099,0.026965958806449968,5,8
