feature,lr_mean_abs_coef,rf_gini_importance,lr_rank,rf_rank
max_equiangular_uc,0.7722108146357645,0.25074714167391227,1,1
var_collapse,0.6831074433788878,0.23062508968557544,2,2
equiangular_uc,0.675406805490974,0.18828151814965627,3,3
self_duality,0.34291072960204033,0.12725913118627621,7,4
equinorm_uc,0.31357161673420375,0.07077524987299626,8,5
max_equiangular_wc,0.34539830219931117,0.07003386591139235,6,6
equiangular_wc,0.5108322160634138,0.034154693241766114,4,7
equinorm_wc,0.4964675604467811,0.028123310278425108,5,8
