feature,lr_mean_abs_coef,rf_gini_importance,lr_rank,rf_rank
max_equiangular_wc,0.47168762659618513,0.13836899358200666,5,1
equiangular_uc,0.40054827688616507,0.13644539246242562,8,2
equiangular_wc,0.40879038134452883,0.13553286514398769,7,3
max_equiangular_uc,0.4281719452781144,0.13081026069158644,6,4
equinorm_wc,0.7514344867837995,0.13023247797901585,1,5
equinorm_uc,0.7248877087654242,0.11780366919448781,2,6
self_duality,0.5199293817739006,0.11082185234560077,4,7
var_collapse,0.5799197706870202,0.09998448860088921,3,8
