method,var_collapse,equiangular_uc,equiangular_wc,equinorm_uc,equinorm_wc,max_equiangular_uc,max_equiangular_wc,self_duality
CTM,-0.00421209610410208,0.005986328156320541,-0.002740129755585238,0.001707561217513881,-0.001822046939721262,0.005952437405137692,-0.00014468246566786655,-0.00285237151389571
CTMmean,-0.00421209610410208,0.005986328156320541,-0.002740129755585238,0.001707561217513881,-0.001822046939721262,0.005952437405137692,-0.00014468246566786655,-0.00285237151389571
CTMmeanOC,-0.07555018435911354,-0.02438043232664684,-0.019517453156125825,-0.024420074497397953,-0.03894601747230267,-0.030286837654384103,-0.017535436976671138,-0.02223856355735792
Energy,-0.03870760830290954,-0.055349605530809434,-0.03678816642718612,-0.008392775479468765,-0.011186267833300843,-0.040544270496726195,-0.03563158079281471,-0.028149725136784414
KPCA RecError global,-0.07555018435911354,-0.02438043232664684,-0.019517453156125825,-0.024420074497397953,-0.03894601747230267,-0.030286837654384103,-0.017535436976671138,-0.02223856355735792
MLS,-0.03870760830290954,-0.055349605530809434,-0.03678816642718612,-0.008392775479468765,-0.011186267833300843,-0.040544270496726195,-0.03563158079281471,-0.028149725136784414
NNGuide,-0.03870760830290954,-0.055349605530809434,-0.03678816642718612,-0.008392775479468765,-0.011186267833300843,-0.040544270496726195,-0.03563158079281471,-0.028149725136784414
NeCo,-0.03870760830290954,-0.055349605530809434,-0.03678816642718612,-0.008392775479468765,-0.011186267833300843,-0.040544270496726195,-0.03563158079281471,-0.028149725136784414
fDBD,-0.00011112532971214026,0.00010804364700019997,0.0006353276444787771,-0.0016464529921388408,-0.004997431824815238,0.0029636340960395155,0.004141955275017961,0.002406049484129811
