feature,lr_mean_abs_coef,rf_gini_importance,lr_rank,rf_rank
self_duality,2.6803814943954687,0.37134208159069393,1,1
equinorm_wc,0.8636064023541157,0.1644356892182423,6,2
max_equiangular_uc,0.7569261944794694,0.1064912450317255,7,3
equiangular_uc,1.1071714085647932,0.09731582536177646,3,4
var_collapse,1.7759735938712637,0.09109567796100998,2,5
equiangular_wc,0.593192966617673,0.07683223425400253,8,6
max_equiangular_wc,0.8968366194662858,0.06815038943953748,5,7
equinorm_uc,1.0174737272676706,0.024336857143011904,4,8
