feature,lr_mean_abs_coef,rf_gini_importance,lr_rank,rf_rank
var_collapse,1.110229308229614,0.24856230445239666,2,1
self_duality,1.4867678660078814,0.2316004082252288,1,2
equinorm_wc,1.0392505771608695,0.13550811817427047,3,3
max_equiangular_uc,0.20411136828987728,0.11057600312593076,8,4
equinorm_uc,0.5666418155124824,0.09277006146427126,4,5
equiangular_uc,0.299240220508158,0.09231816124487212,5,6
equiangular_wc,0.22127969190595337,0.049329744439524245,7,7
max_equiangular_wc,0.24806528051855145,0.03933519887350558,6,8
