,var_collapse,equiangular_uc,equiangular_wc,equinorm_uc,equinorm_wc,max_equiangular_uc,max_equiangular_wc,self_duality
CTM,-0.4523225096848259,1.306401321542725,-1.0829015285684527,0.12923153749191887,-1.6430423933057292,0.8202263279635539,-1.4125007826705476,0.02476273822818365
CTMmean,-1.4459953206592113,1.2259887525658626,-0.6515211694035936,0.2902654603272328,-0.6376239326107729,0.8919622076209976,-0.7226415166309443,-1.3678949960599993
CTMmeanOC,-1.4459953206592113,1.2259887525658626,-0.6515211694035936,0.2902654603272328,-0.6376239326107729,0.8919622076209976,-0.7226415166309443,-1.3678949960599993
Energy,0.4523225096848259,-1.3064013215427235,1.0829015285684525,-0.1292315374919195,1.6430423933057283,-0.8202263279635524,1.4125007826705454,-0.024762738228183333
KPCA RecError global,1.4767283655157484,-0.041618302290060374,-0.5218839629511199,-0.3323711201393295,-1.3495205867665194,-0.16056239845853537,-0.7789323056360604,1.6165674434650181
NeCo,-0.8025678869600114,0.16997983023057406,0.05680910224325707,0.7343125484470021,1.604512035478636,0.10000750182125061,0.06629611276036004,1.0532355524384633
