,var_collapse,equiangular_uc,equiangular_wc,equinorm_uc,equinorm_wc,max_equiangular_uc,max_equiangular_wc,self_duality
CTM,-0.4793739326227121,-0.4670706202097985,-0.8504504077499586,-0.34170799840933896,-0.16505561034668184,-0.6060715611098001,-0.8853529248935739,-0.15877464644577133
CTMmean,-0.4793739326227121,-0.4670706202097985,-0.8504504077499586,-0.34170799840933896,-0.16505561034668184,-0.6060715611098001,-0.8853529248935739,-0.15877464644577133
CTMmeanOC,1.0484489278777245,-0.4116543758434714,-0.7345424148031111,-0.52449137388219,-0.5652594134853798,-0.38493895454671323,-0.7574162970056593,0.43782795967567323
Energy,0.7727835289775904,-0.08213692703219572,0.9025976312659456,-0.32292378928738386,-0.6140587210320338,0.23032724924082756,1.0261949335884064,-0.7209225675746699
KPCA RecError global,1.0484489278777245,-0.4116543758434714,-0.7345424148031111,-0.52449137388219,-0.5652594134853798,-0.38493895454671323,-0.7574162970056593,0.43782795967567323
MLS,0.7727835289775904,-0.08213692703219572,0.9025976312659456,-0.32292378928738386,-0.6140587210320338,0.23032724924082756,1.0261949335884064,-0.7209225675746699
NNGuide,0.7727835289775904,-0.08213692703219572,0.9025976312659456,-0.32292378928738386,-0.6140587210320338,0.23032724924082756,1.0261949335884064,-0.7209225675746699
NeCo,0.7727835289775904,-0.08213692703219572,0.9025976312659456,-0.32292378928738386,-0.6140587210320338,0.23032724924082756,1.0261949335884064,-0.7209225675746699
fDBD,0.8843560288294651,0.23716153947549728,-0.8105015283351558,0.24245476850190045,0.3149691097515005,0.07185226775572368,-0.9407694838966447,1.5835069700192979
