feature,lr_mean_abs_coef,rf_gini_importance,lr_rank,rf_rank
self_duality,0.2994064847340147,0.18825703049959394,6,1
max_equiangular_uc,0.3224249960922753,0.15114711344799836,5,2
equiangular_uc,0.32953350482501137,0.1275776101497736,3,3
equinorm_uc,0.32700278181369086,0.1136910835999069,4,4
max_equiangular_wc,0.392512589693731,0.11319877659256142,2,5
var_collapse,0.4305943753575462,0.1099912487776904,1,6
equiangular_wc,0.27052714173763254,0.09831916550636105,7,7
equinorm_wc,0.20925579991686355,0.09781797142611447,8,8
