feature,lr_mean_abs_coef,rf_gini_importance,lr_rank,rf_rank
equiangular_wc,0.4690964865869643,0.17989241928903532,4,1
max_equiangular_uc,0.35805195919273564,0.1709299182425258,5,2
equiangular_uc,0.25454587983951305,0.13836860319106278,6,3
self_duality,0.5471587086444706,0.13360514323727346,2,4
max_equiangular_wc,0.5153004746140604,0.1211538501978241,3,5
var_collapse,0.6806782303254179,0.1167195084396765,1,6
equinorm_uc,0.14347673749369258,0.07923810542314112,8,7
equinorm_wc,0.22789530133663177,0.06009245197946082,7,8
