method,var_collapse,equiangular_uc,equiangular_wc,equinorm_uc,equinorm_wc,max_equiangular_uc,max_equiangular_wc,self_duality,dropout
CTM,-0.05307501969071859,-0.017970484945630447,-0.02461724143322307,-0.016124868913942634,-0.012878268992491932,-0.023208318813734894,-0.0421442072871819,-0.057705047079347684,-0.0011098761770621652
Energy,-0.015439769589043289,0.0027353763434363213,-0.0020746313465626874,0.003526207723510118,0.007918607297356368,0.000223241439495248,0.0007774010027061159,-0.00029749947131060773,0.00013106660041218578
MLS,0.053075019690718594,0.017970484945630427,0.02461724143322304,0.01612486891394266,0.012878268992491941,0.023208318813734884,0.04214420728718186,0.05770504707934767,0.0011098761770621621
NNGuide,0.004324329671169019,0.0044256967377014796,-0.0028731538794925645,0.007670177466893895,0.007374882413297339,-0.008121218210782382,0.0016090024842222296,-0.009434475040090741,-0.0012669083095850587
NeCo,3.919734241510906e-05,-0.008654764235887704,-0.007025508387602604,0.002298302551502827,0.0020638594534277454,-0.0015051697634082155,-0.0026534255003247856,0.018814945608047463,-0.0030857704015033304
PCE,-0.00876341179271305,-0.014358440308970022,-0.019037749133215105,-0.007734918089962749,-0.06282488948920244,-0.013221879644598032,-0.040406575413689534,-0.08208707831620106,-0.00023172447811453184
PE,-0.00876341179271305,-0.014358440308970022,-0.019037749133215105,-0.007734918089962749,-0.06282488948920244,-0.013221879644598032,-0.040406575413689534,-0.08208707831620106,-0.00023172447811453184
fDBD,-0.00876341179271305,-0.014358440308970022,-0.019037749133215105,-0.007734918089962749,-0.06282488948920244,-0.013221879644598032,-0.040406575413689534,-0.08208707831620106,-0.00023172447811453184
