feature,lr_mean_abs_coef,rf_gini_importance,lr_rank,rf_rank
self_duality,0.8741673110182512,0.32330651962635354,5,1
equiangular_uc,0.6728141361059597,0.12100346924564506,7,2
var_collapse,1.2314050796599108,0.11000536758566135,1,3
equinorm_wc,1.1752492373775616,0.10342695437491764,2,4
max_equiangular_uc,0.3832248371739339,0.08901978511493235,8,5
equiangular_wc,0.7996024269057054,0.08642628678199547,6,6
max_equiangular_wc,0.9249384709774611,0.08364509874113484,3,7
equinorm_uc,0.886727355732033,0.08316651852935977,4,8
