feature,lr_mean_abs_coef,rf_gini_importance,lr_rank,rf_rank
equinorm_wc,1.64844736499275,0.1849614994533663,1,1
self_duality,0.9326279978028675,0.1806806176578766,5,2
var_collapse,1.5216202562307448,0.1470037570828313,2,3
max_equiangular_uc,0.5406029672301477,0.11669010647433335,8,4
equiangular_uc,0.7254718780135975,0.11325443725893056,7,5
equiangular_wc,0.7916595483329267,0.10679472974196041,6,6
max_equiangular_wc,1.003660358272047,0.07581547849512935,4,7
equinorm_uc,1.453361903938167,0.07479937383557217,3,8
