feature,lr_mean_abs_coef,rf_gini_importance,lr_rank,rf_rank
max_equiangular_uc,0.8264767174387857,0.20251682146548494,4,1
equiangular_uc,0.9278544479777932,0.15927758054555866,3,2
max_equiangular_wc,1.316880626314948,0.15616999244484056,1,3
self_duality,0.4223880414989305,0.14974272131091165,8,4
var_collapse,1.158572690970901,0.13855337631199363,2,5
equinorm_uc,0.5756813882482128,0.12374043434675527,5,6
equiangular_wc,0.5448992468090209,0.04895231533235839,6,7
equinorm_wc,0.4888593441427604,0.02104675824209694,7,8
