feature,lr_mean_abs_coef,rf_gini_importance,lr_rank,rf_rank
max_equiangular_uc,0.4967020852213982,0.18480521830074717,4,1
equiangular_wc,0.5409331974395261,0.17599205631256465,3,2
equiangular_uc,0.4405369106094362,0.16806463673426766,6,3
max_equiangular_wc,0.5521780518652285,0.13370013259895866,2,4
var_collapse,0.7502811010534278,0.09882239626977438,1,5
equinorm_uc,0.35055683925622805,0.09629928345657617,8,6
self_duality,0.4499590861158612,0.09177079423105373,5,7
equinorm_wc,0.41790192934562886,0.05054548209605745,7,8
