feature,lr_mean_abs_coef,rf_gini_importance,lr_rank,rf_rank
equinorm_wc,1.2456194522164161,0.2836058175653864,3,1
self_duality,2.2596183443629023,0.27710748160982396,2,2
max_equiangular_uc,0.8138531881486099,0.1126912708095339,5,3
equiangular_uc,0.8483005732596239,0.11061516484447914,4,4
var_collapse,2.345807496506286,0.0782498448083572,1,5
equiangular_wc,0.4085042603392093,0.04786332654188838,8,6
max_equiangular_wc,0.6775645844888626,0.04509150013573335,7,7
equinorm_uc,0.770284962811372,0.04477559368479775,6,8
