,var_collapse,equiangular_uc,equiangular_wc,equinorm_uc,equinorm_wc,max_equiangular_uc,max_equiangular_wc,self_duality
CTMmeanOC,-0.6371554834285708,1.001172734907873,-0.5610692028309767,-0.08620402471889527,0.3280057671601212,1.0541236131564735,0.49143659288849645,0.3320744765364922
KPCA RecError global,-1.1930623471468496,0.16753933951109198,0.07480848724668106,-0.8534238976059619,0.501886757048199,0.2048469991474615,0.4742821691128455,-0.3131653911063477
Residual,1.1930623471468496,-0.16753933951109204,-0.07480848724668096,0.8534238976059619,-0.5018867570481989,-0.2048469991474616,-0.4742821691128455,0.31316539110634767
ViM,1.1930623471468496,-0.16753933951109204,-0.07480848724668096,0.8534238976059619,-0.5018867570481989,-0.2048469991474616,-0.4742821691128455,0.31316539110634767
pNML,1.1930623471468496,-0.16753933951109204,-0.07480848724668096,0.8534238976059619,-0.5018867570481989,-0.2048469991474616,-0.4742821691128455,0.31316539110634767
