feature,rf_gini_importance,rf_rank
equinorm_wc,0.2690873781204516,1
equinorm_uc,0.21866336540886191,2
self_duality,0.18127963373235917,3
var_collapse,0.1406281094932931,4
equiangular_wc,0.0501251523509723,5
equiangular_uc,0.04635058541834071,6
max_equiangular_wc,0.045925754692973345,7
max_equiangular_uc,0.04563295934188049,8
dropout,0.0023070614408674125,9
