feature,lr_mean_abs_coef,rf_gini_importance,lr_rank,rf_rank
self_duality,0.3615259426251055,0.19601751272618173,7,1
var_collapse,0.9065808909336323,0.1680644689868365,1,2
equinorm_uc,0.6786911826475646,0.15465752498476723,2,3
max_equiangular_wc,0.6150096674335949,0.1546559732843986,3,4
equinorm_wc,0.47697930640074276,0.12757820130602743,4,5
equiangular_wc,0.14190590696442584,0.12464420878699507,8,6
max_equiangular_uc,0.43701217202998277,0.04167058103203168,5,7
equiangular_uc,0.3757549582285233,0.03271152889276189,6,8
