,var_collapse,equiangular_uc,equiangular_wc,equinorm_uc,equinorm_wc,max_equiangular_uc,max_equiangular_wc,self_duality
CTM,-0.13587192360337788,-0.3424217797675954,-0.6154576177800174,-0.36958468325750143,-0.2674308648306759,-0.269739422760427,-0.8706943665377981,-0.45692456924511027
CTMmean,-0.7633060670772454,0.26892785226089033,-0.5172412745175691,0.6742974860770813,0.32554176128377194,0.12663179906864733,-0.2088445367160911,0.11635508085679479
CTMmeanOC,-0.9233100573848859,0.38832555789241463,-0.6992126527908245,0.656084905894356,0.6756098774123549,0.23005211253214508,-0.22348218680379592,0.14434410775533368
KPCA RecError global,-0.3357798691180729,-0.17912421088000538,-0.596545864509562,-0.18423404563887721,-0.09748029471343976,-0.15703918774072828,-0.4677852507197804,-0.336700517868896
Maha,1.1821941125097528,-0.3657043577936861,0.7424013992838892,-0.9252227684794012,-0.5343787324554594,-0.16993733692496346,0.310008699017256,-0.008137341720909845
REN,0.248438607158493,-0.22210489017196372,-0.02831148739117372,-0.06807159531718791,0.5571334207804266,-0.35467659467022783,0.021467814901729908,0.2588021964069735
Residual,0.6755376302192443,0.23212316643847028,1.0042468547910401,-0.11702361182289941,-0.6942910959968172,0.43192585650043036,0.7713001985711082,0.11400608612276801
ViM,0.7815194172505122,-0.29314908278296664,1.0107406538912356,-0.42639337083141915,-0.5327060758535656,-0.2916240966634802,0.7903546943304809,0.09136527607338557
fDBD,-0.6044932476355356,0.4596697258799753,-0.5496835082692032,0.738553897447146,0.653007911636384,0.2874776080142696,-0.1635114995090354,0.3055596036443104
