feature,lr_mean_abs_coef,rf_gini_importance,lr_rank,rf_rank
equiangular_wc,0.5851657997216708,0.17446913931519892,4,1
max_equiangular_wc,0.7172075233822588,0.13265269453003564,1,2
max_equiangular_uc,0.2754683132015937,0.1252804958455687,8,3
self_duality,0.4660946897681477,0.12405103863418886,5,4
equinorm_wc,0.6969175656578381,0.12166431850159026,2,5
var_collapse,0.6437309100636851,0.11198447448635955,3,6
equiangular_uc,0.33816630917784346,0.10798836159936634,6,7
equinorm_uc,0.3066674048866769,0.10190947708769174,7,8
