method,var_collapse,equiangular_uc,equiangular_wc,equinorm_uc,equinorm_wc,max_equiangular_uc,max_equiangular_wc,self_duality
CTM,0.0018439317193036555,0.0006152776605945851,0.0062815570787275845,0.0006627715813855216,-0.0049383943512411755,-1.8667589444015115e-05,0.004615272085110677,-0.00706174818443681
CTMmeanOC,-0.045991230984471484,-0.026714824746314363,-0.0241174847620049,-0.020773829105315392,-0.029359806296582913,-0.024091534744537346,-0.0156734193665191,-0.0660278699942545
Energy,-0.012353572250951681,0.006960270231001012,-0.006066256321446653,0.007983230464524014,-0.0019366298998692432,0.0029137903967453634,-0.0034069859770137815,0.0037811533570110073
GE,-0.06871855286309853,-0.01789122970750913,-0.05624779419373428,-0.011796623993344097,-0.008387880671349515,-0.023766545039123926,-0.04491682459674808,-0.021024548935092393
Maha,-0.06871855286309853,-0.01789122970750913,-0.05624779419373428,-0.011796623993344097,-0.008387880671349515,-0.023766545039123926,-0.04491682459674808,-0.021024548935092393
NNGuide,-0.045991230984471484,-0.026714824746314363,-0.0241174847620049,-0.020773829105315392,-0.029359806296582913,-0.024091534744537346,-0.0156734193665191,-0.0660278699942545
NeCo,-0.06871855286309853,-0.01789122970750913,-0.05624779419373428,-0.011796623993344097,-0.008387880671349515,-0.023766545039123926,-0.04491682459674808,-0.021024548935092393
fDBD,-0.045991230984471484,-0.026714824746314363,-0.0241174847620049,-0.020773829105315392,-0.029359806296582913,-0.024091534744537346,-0.0156734193665191,-0.0660278699942545
