feature,lr_mean_abs_coef,rf_gini_importance,lr_rank,rf_rank
self_duality,0.33205908499568787,0.17736033030498136,3,1
equiangular_wc,0.19644108710479932,0.1527444957268106,6,2
max_equiangular_uc,0.17583438352409883,0.1439488507034494,7,3
equinorm_wc,0.3964630411976808,0.1263289173159532,1,4
equiangular_uc,0.22433049993981105,0.12613134888138539,5,5
max_equiangular_wc,0.0696035758463037,0.11478684495641217,8,6
equinorm_uc,0.2611978381797781,0.09448092421649319,4,7
var_collapse,0.3674526625578829,0.06421828789451474,2,8
