,var_collapse,cdnv_score,bias_collapse,equiangular_uc,equiangular_wc,equinorm_uc,equinorm_wc,max_equiangular_uc,max_equiangular_wc,self_duality,w_etf_diff,M_etf_diff,wM_etf_diff
CTM,-0.3600006305894589,0.04784151823905266,-0.34410924846513563,-0.2859990818354292,-0.10610690587828775,-0.20940756945899802,-0.26183989521611045,-0.20548340346459096,-0.16976174603035293,-0.39766529083409824,0.1924611964614495,0.10388122843442925,0.13683444261554129
NNGuide,0.44115829427706077,-0.14473169633003302,0.1525490725397124,0.10501604859432463,0.15771661006746313,-0.10373871682617188,-0.05134636900461817,0.04303488192720676,0.09762548587687421,0.15657395859512638,-0.24484320355713718,-0.21613358803097404,-0.23108355049227614
fDBD,-0.0811576636876018,0.09689017809098067,0.19156017592542357,0.18098303324110523,-0.05160970418917538,0.3131462862851702,0.31318626422072854,0.16244852153738445,0.07213626015347871,0.24109133223897197,0.052382007095687834,0.1122523595965449,0.09424910787673504
