feature,lr_mean_abs_coef,rf_gini_importance,lr_rank,rf_rank
equiangular_wc,0.6046399303132052,0.17862694783464642,3,1
self_duality,0.506426219454513,0.13971793124909163,4,2
equinorm_wc,0.3317169468007813,0.1380798859381643,6,3
max_equiangular_wc,0.6768844228720706,0.13103252360028356,2,4
max_equiangular_uc,0.18799455791923503,0.12792598090662957,8,5
equiangular_uc,0.3045892429422005,0.11028409294237833,7,6
var_collapse,0.9536263668532678,0.09881211233103104,1,7
equinorm_uc,0.3748652733165418,0.07552052519777525,5,8
