feature,rf_gini_importance,rf_rank
self_duality,0.2477357191194748,1
equinorm_uc,0.21129112960488686,2
equiangular_uc,0.1911373763272093,3
var_collapse,0.18022112768499998,4
max_equiangular_uc,0.08311288143250474,5
max_equiangular_wc,0.055196995749342385,6
equinorm_wc,0.02116646935194844,7
equiangular_wc,0.00918847536207316,8
dropout,0.0009498253675604198,9
