,var_collapse,equiangular_uc,equiangular_wc,equinorm_uc,equinorm_wc,max_equiangular_uc,max_equiangular_wc,self_duality
CTM,-1.0140465547619548,-0.6403293048244073,-0.169450313678459,-0.4651553314696575,-0.5945268218306203,-0.6061655614591835,-0.18552004798673344,-0.685705988965266
Energy,0.7278712235011283,0.2665866968701817,0.12828878812911074,-0.3609142525195544,-0.2757356327455372,0.243733681795096,0.09620364704656766,0.1199913853465127
GradNorm,-0.45862295855810953,0.3429844741253084,0.6164401887499864,0.5195351827053977,-0.08933568849540506,0.3843643767690575,0.6311037357445122,0.5145069884668692
NNGuide,1.1094281164841517,0.24498304508993096,-0.0040710246746497175,-0.5057998733799173,0.29460189639227935,0.1569333503103579,0.01013898499391073,0.5831035628370508
ViM,-0.01059446747757864,-0.0027915087290060064,-0.2574248005489322,0.8127582703964358,-0.18556327741491396,0.05973593806502641,-0.25650657991251735,-0.881334817989539
fDBD,-0.35403535918763673,-0.2114334025320075,-0.3137828379770555,-0.00042399573270431837,0.8505595240941967,-0.23860178548035385,-0.2954197398857391,0.34943887030437315
