feature,lr_mean_abs_coef,rf_gini_importance,lr_rank,rf_rank
equiangular_wc,0.5153158867942563,0.20085296444323475,3,1
self_duality,0.4276122566522632,0.18189256608142265,5,2
var_collapse,0.6136204458588641,0.1773297001282805,2,3
equinorm_wc,0.7610240839324279,0.1288801346107753,1,4
equinorm_uc,0.4990539755771065,0.11841506068518597,4,5
max_equiangular_wc,0.3613102498928848,0.09163403008077876,7,6
max_equiangular_uc,0.3763907637570384,0.06915690365421445,6,7
equiangular_uc,0.34494692207685096,0.03183864031610757,8,8
