feature,lr_mean_abs_coef,rf_gini_importance,lr_rank,rf_rank
equiangular_wc,0.7698007170329354,0.17760113638488623,5,1
max_equiangular_wc,0.8959067447846529,0.1505987219476085,4,2
equiangular_uc,0.5785617912991943,0.13677216754410126,7,3
max_equiangular_uc,0.4961962737072102,0.12052864492889528,8,4
var_collapse,1.0108803007007852,0.11499172015143894,2,5
equinorm_wc,0.7559403006626038,0.1056486507486165,6,6
self_duality,0.9656337547805235,0.0983449110278207,3,7
equinorm_uc,1.1085580506255224,0.09551404726663258,1,8
