,var_collapse,equiangular_uc,equiangular_wc,equinorm_uc,equinorm_wc,max_equiangular_uc,max_equiangular_wc,self_duality
CTM,-2.054000796387456,-0.26242561133595704,-1.0249358641700854,0.027951626046432903,-0.5069373211232259,-0.4191997326371058,-1.2503579018198443,0.14740371082768924
CTMmean,-2.096130411091319,-0.2964778802342401,-0.4494073060392861,0.10232206239851506,1.4980332365541025,-0.5137416966659253,-0.512127877716659,-0.5196304083203148
Confidence,0.526594199085832,0.09556401798038207,0.22484160416814392,-0.5304672498736197,-1.3621512194273833,0.2541756797754015,0.4026814803546149,-1.6189062523100466
Energy,1.9631972207888977,-0.6618408899749585,0.833095338886741,-0.410165482337369,0.4230626282349904,-0.47999735056547227,1.061995462619818,-0.47782155519553826
GradNorm,-0.06027483076432296,0.3128260536318019,0.719370227587423,0.5402153549343708,0.4986652660468385,0.35577141392281714,0.7855124919472662,0.6969485679476001
ViM,0.24597321656281132,0.3290954840038313,-0.9410202381805736,-0.025223382629495222,-1.1969408575435123,0.299802775745593,-1.003982140076979,1.0526894218050797
pNML,1.4746414018055527,0.483258825929137,0.638056237747636,0.29536707146116425,0.6462682672581883,0.5031889104246873,0.5162784846917803,0.7193165152455288
