feature,lr_mean_abs_coef,rf_gini_importance,lr_rank,rf_rank
self_duality,0.3165590297450901,0.22479138432116436,7,1
equinorm_uc,0.7001072159174794,0.17648683195950166,2,2
var_collapse,1.085355713840223,0.15758612710803171,1,3
equinorm_wc,0.46639122990663023,0.12807235568926806,4,4
max_equiangular_wc,0.4777678969941636,0.12558279229452457,3,5
equiangular_wc,0.1717421333466483,0.09684488196666466,8,6
max_equiangular_uc,0.36914134542703814,0.05822621148280567,5,7
equiangular_uc,0.3285741731532787,0.03240941517803939,6,8
