,var_collapse,equiangular_uc,equiangular_wc,equinorm_uc,equinorm_wc,max_equiangular_uc,max_equiangular_wc,self_duality
CTM,-0.36239894227135167,0.1625577450162782,-0.38012124302251094,0.1258120347921404,-0.14536624841058093,0.052710285441165385,-0.4229708114758886,-0.1988183957477826
Energy,0.3559068642775785,-0.3807680932461949,0.3811389863086773,-0.3558154545112454,-0.19658413388098966,-0.25506718777919135,0.429884284761692,-0.14709358557573318
fDBD,0.006492077993773148,0.21821034822991672,-0.0010177432861668708,0.23000341971910518,0.3419503822915711,0.20235690233802575,-0.006913473285803507,0.3459119813235159
