feature,lr_mean_abs_coef,rf_gini_importance,lr_rank,rf_rank
self_duality,0.5348432806042861,0.1692014915053498,5,1
var_collapse,0.664344026337374,0.14081363777048722,2,2
equiangular_uc,0.6018278627958425,0.13434320511624173,4,3
equinorm_wc,0.3456548182728255,0.1336602016955929,7,4
equinorm_uc,0.6770759184951254,0.12786231696873127,1,5
equiangular_wc,0.34538062059823743,0.11464650952095136,8,6
max_equiangular_wc,0.40164401590093546,0.0924996576668687,6,7
max_equiangular_uc,0.6060896778458101,0.08697297975577703,3,8
