feature,rf_gini_importance,rf_rank
equinorm_wc,0.3149016786961528,1
self_duality,0.18285271504530512,2
var_collapse,0.14107131142108537,3
equiangular_uc,0.07960268954140397,4
equinorm_uc,0.07637298827185493,5
max_equiangular_wc,0.0756858591787312,6
equiangular_wc,0.06638242368674266,7
max_equiangular_uc,0.05967532971794125,8
dropout,0.0034550044407826845,9
