,var_collapse,equiangular_uc,equiangular_wc,equinorm_uc,equinorm_wc,max_equiangular_uc,max_equiangular_wc,self_duality
CTM,-1.2973477106816862,-0.152616773973608,-0.061133456352975846,0.02462576259868467,-0.27217169647202666,-0.1796521933948297,-0.05288235432256073,-0.3826986057947863
CTMmean,-0.7427109440633454,-0.21505041566153368,-0.2534357445129624,0.02038745837935132,0.5452611058822405,-0.24546835700657454,-0.2391337918888356,0.12726999397695102
CTMmeanOC,-0.11305259685467697,-0.13932439737290586,-0.26359608275880414,-0.04869922305410105,0.8228887665060428,-0.15940971025270012,-0.24363008258523933,0.3583959560493043
Energy,1.3697106649687685,0.11684234220136067,0.2632264988225488,0.018177755812425714,-0.23657207013072185,0.157799072759805,0.18178162973842396,0.8130661440701379
GradNorm,-0.5155326456443813,0.4008836057055802,0.7339835446513413,0.6000418039298526,-0.09017324090974219,0.45085353839876413,0.7515429524576277,0.6077306061578269
Maha,0.5889640474071546,-0.8792109507061501,-0.46599732113340964,-0.8686285279489161,-0.5205779840551271,-0.7797479906597169,-0.48377370256446484,-0.3236526047204806
NNGuide,0.711860400432137,0.49114921169424663,0.08644026295808253,-0.7740487117662062,-0.26039926801686053,0.3875656597198275,0.1312401408686442,-0.3247860063456577
ViM,-0.0018912155639706342,0.37732737811301037,-0.03948770167382025,1.0281436820489087,0.011744387196195458,0.36805998043542526,-0.04514479170359549,-0.875325483393296
