feature,lr_mean_abs_coef,rf_gini_importance,lr_rank,rf_rank
equiangular_wc,0.38714453059372855,0.18410728463761006,1,1
var_collapse,0.3676449849431504,0.18249784073837344,2,2
max_equiangular_wc,0.36417805281601956,0.16610711549863022,3,3
equinorm_uc,0.2951391848865996,0.10969994245277061,4,4
max_equiangular_uc,0.1855757758971545,0.1050842089183721,8,5
self_duality,0.19596454981813607,0.10009533192247076,7,6
equiangular_uc,0.20906945872226895,0.08780235120357995,6,7
equinorm_wc,0.2895887245179648,0.06460592462819278,5,8
