feature,rf_gini_importance,rf_rank
equinorm_wc,0.24817386104926234,1
self_duality,0.23842883417187127,2
equinorm_uc,0.199107864698731,3
equiangular_wc,0.07618017526240739,4
max_equiangular_wc,0.0702184635647736,5
max_equiangular_uc,0.058738607348808744,6
var_collapse,0.05438547858793687,7
equiangular_uc,0.052130863447260894,8
dropout,0.0026358518689478545,9
