feature,lr_mean_abs_coef,rf_gini_importance,lr_rank,rf_rank
equiangular_wc,0.816722934512803,0.1678827742770813,5,1
max_equiangular_wc,1.0219546865057472,0.14766413321913782,3,2
equiangular_uc,0.640385367077954,0.14422024943217454,7,3
var_collapse,0.9500027148018931,0.12984436015219888,4,4
max_equiangular_uc,0.5821835631837948,0.11769215439504575,8,5
equinorm_wc,0.786153681818874,0.1029140398340085,6,6
self_duality,1.0941649459345275,0.10016021842780931,2,7
equinorm_uc,1.1304240261922864,0.08962207026254383,1,8
