feature,rf_gini_importance,rf_rank
equinorm_wc,0.3117351903233472,1
self_duality,0.17404723192486143,2
var_collapse,0.139217874405124,3
equiangular_uc,0.08012889857970482,4
equinorm_uc,0.079232552877239,5
equiangular_wc,0.07661360573112805,6
max_equiangular_wc,0.06861872315490129,7
max_equiangular_uc,0.06857593250786177,8
dropout,0.0018299904958324455,9
