,var_collapse,equiangular_uc,equiangular_wc,equinorm_uc,equinorm_wc,max_equiangular_uc,max_equiangular_wc,self_duality
CTM,-0.4793739326227121,-0.4670706202097985,-0.8504504077499586,-0.34170799840933896,-0.16505561034668184,-0.6060715611098001,-0.8853529248935739,-0.15877464644577133
Energy,0.47937393262271216,0.4670706202097985,0.8504504077499586,0.341707998409339,0.1650556103466818,0.6060715611098,0.8853529248935739,0.15877464644577133
MLS,-0.20504783081327602,0.5598567158995854,0.1819857316620074,0.6300551152460835,0.6883115920588067,0.44993559366542163,0.12083482389474662,0.6948339442917546
NNGuide,0.7727835289775904,-0.08213692703219572,0.9025976312659456,-0.32292378928738386,-0.6140587210320338,0.23032724924082756,1.0261949335884064,-0.7209225675746699
NeCo,0.47937393262271216,0.4670706202097985,0.8504504077499586,0.341707998409339,0.1650556103466818,0.6060715611098,0.8853529248935739,0.15877464644577133
fDBD,-0.20504783081327602,0.5598567158995854,0.1819857316620074,0.6300551152460835,0.6883115920588067,0.44993559366542163,0.12083482389474662,0.6948339442917546
