method,var_collapse,equiangular_uc,equiangular_wc,equinorm_uc,equinorm_wc,max_equiangular_uc,max_equiangular_wc,self_duality
CTM,-0.04933410017351524,-0.023824880953204865,-0.03362644495204251,-0.012989346382224128,-0.01173100940075363,-0.0225846196448063,-0.04329644666645342,-0.05107148516033323
Energy,-0.015189484452195074,0.00424964731586694,-0.0043783833002223466,0.0017090690164351823,0.005964948714371915,0.003440799234696221,0.0015581429198490994,-0.0011047394488020586
MLS,0.04933410017351523,0.02382488095320493,0.0336264449520425,0.012989346382224135,0.011731009400753644,0.02258461964480633,0.04329644666645342,0.05107148516033322
NNGuide,0.0035779607263179522,0.002109636276158357,-0.002865624375964758,0.006152172488754721,0.0034307378701851593,-0.0036286165926669185,-0.0020957441670288305,-0.005388855559089131
NeCo,-0.0007448964850387779,-0.0003986549849424234,-0.009488961023417298,-0.0014422319725605618,0.0010847705767816917,-0.00683661531898217,-0.00522663723153085,0.023636559773023636
PCE,-0.008835519699424178,-0.024341159892595075,-0.03136388473242999,-0.002822017700603196,-0.0616892421205628,-0.021346128730697293,-0.033700371395920234,-0.06348500906110048
PE,-0.008835519699424178,-0.024341159892595075,-0.03136388473242999,-0.002822017700603196,-0.0616892421205628,-0.021346128730697293,-0.033700371395920234,-0.06348500906110048
fDBD,-0.008835519699424178,-0.024341159892595075,-0.03136388473242999,-0.002822017700603196,-0.0616892421205628,-0.021346128730697293,-0.033700371395920234,-0.06348500906110048
