feature,lr_mean_abs_coef,rf_gini_importance,lr_rank,rf_rank
equinorm_wc,0.8286428101859215,0.15695834770405084,1,1
var_collapse,0.5090636267970549,0.1499332275183004,5,2
self_duality,0.5890853172938213,0.13845871120331762,3,3
equiangular_wc,0.527410094386299,0.12349610477316145,4,4
equinorm_uc,0.2388898042889082,0.12311515545020785,8,5
max_equiangular_uc,0.333653934897946,0.10669185326835706,6,6
equiangular_uc,0.3107789071145659,0.10261637057827126,7,7
max_equiangular_wc,0.6143244338740307,0.0987302295043335,2,8
