,var_collapse,equiangular_uc,equiangular_wc,equinorm_uc,equinorm_wc,max_equiangular_uc,max_equiangular_wc,self_duality
CTM,0.03666367155896818,-0.3797274912819974,0.034193000765530876,-0.3611389762653486,-0.1591761413350781,-0.3460867791259574,-0.17954453841382537,-0.26395038155195066
CTMmean,-0.49814002255139267,0.24509754910992726,-0.28100340780443717,0.4663941320118674,0.29010943784480614,0.160210450445058,-0.05830200104644867,0.08327465131247416
CTMmeanOC,-0.4981400235080872,0.24509754682218146,-0.281003407776766,0.46639413014076647,0.29010943511070764,0.16021044827811862,-0.05830200205202094,0.0832746486728544
Maha,0.9596163745005112,-0.11046760465011117,0.5278138148156721,-0.5716492858872849,-0.4210427316204355,0.02566588040278108,0.29614854151229475,0.09740108156662233
