,var_collapse,equiangular_uc,equiangular_wc,equinorm_uc,equinorm_wc,max_equiangular_uc,max_equiangular_wc,self_duality
CTM,-0.6858007225265293,-0.11600921995964603,-0.21086678129762707,0.18582045358296673,-0.1994384883740813,-0.1856922762881428,-0.15845151910277133,-0.40503900678171306
CTMmean,-0.20895014668489958,0.1170688220790431,-0.2859474276727016,0.3580203100903639,0.20769102552605528,0.06766797434863701,-0.23890918196258867,0.10756678383116364
CTMmeanOC,0.0007961881811604788,0.2887553320171516,-0.04859165260651417,0.18210358121016224,0.3935319053220542,0.2594356373537721,0.172922564940231,0.29348555154975714
Maha,0.8939546810302686,-0.2898149341365482,0.5454058615768431,-0.7259443448834927,-0.4017844424740277,-0.14141133541426598,0.2244381361251293,0.0039866714007926966
