feature,lr_mean_abs_coef,rf_gini_importance,lr_rank,rf_rank
self_duality,0.2962298881263127,0.18323537463323766,8,1
equinorm_wc,0.44423918327941847,0.15650981307285203,4,2
var_collapse,0.7543890833878685,0.1504785452513796,1,3
max_equiangular_wc,0.6875896506339839,0.14381547544600767,2,4
equinorm_uc,0.45500801083663617,0.13328336890220938,3,5
equiangular_wc,0.38321932187252666,0.10945931660647312,6,6
max_equiangular_uc,0.39126140718707003,0.061987425792889524,5,7
equiangular_uc,0.308037723253531,0.06123068029495105,7,8
