feature,lr_mean_abs_coef,rf_gini_importance,lr_rank,rf_rank
self_duality,0.33419030754171886,0.18710259719962152,6,1
var_collapse,1.1832469307654034,0.186726161921125,1,2
equinorm_uc,0.7150890083527826,0.1428666692650207,2,3
max_equiangular_wc,0.646521876823446,0.13624868651236313,3,4
equinorm_wc,0.3321125853628943,0.13185288533385398,7,5
equiangular_wc,0.29555189214889105,0.11118324434557876,8,6
max_equiangular_uc,0.45617152619205464,0.06066633595281727,4,7
equiangular_uc,0.4350492740499701,0.04335341946961958,5,8
