feature,rf_gini_importance,rf_rank
equinorm_wc,0.2968435125957688,1
var_collapse,0.15981068692748715,2
self_duality,0.13933865568870268,3
max_equiangular_uc,0.10865644662344215,4
equiangular_uc,0.09884351645294459,5
equiangular_wc,0.0720855734589849,6
equinorm_uc,0.06506559111818404,7
max_equiangular_wc,0.05935601713448579,8
