,var_collapse,equiangular_uc,equiangular_wc,equinorm_uc,equinorm_wc,max_equiangular_uc,max_equiangular_wc,self_duality
CTM,0.3303368642392521,-0.26367386454726627,-0.45189768425441784,-0.290425291821426,-0.35466343354129704,-0.28752993402226174,-0.48612566884114805,0.2697562853458846
CTMmean,-0.642217997820977,-0.3169930540778225,-0.45979728495159444,-0.14772203472441967,0.04411101987665671,-0.42164057274411487,-0.48091590458479294,-0.22774805470182935
Energy,-0.007112971243888253,0.4001825734609865,0.4213418090117819,0.40616739811329494,0.385019338287567,0.3931622483450918,0.4168277621923304,0.23368452190995306
NNGuide,0.3189941048256135,0.18048434516410183,0.4903531601942302,0.03197992843255054,-0.07446692462292669,0.31600825842128455,0.5502138112336102,-0.2756927525540079
