method,var_collapse,equiangular_uc,equiangular_wc,equinorm_uc,equinorm_wc,max_equiangular_uc,max_equiangular_wc,self_duality
CTM,-0.0026097829866212224,0.0007642496392496368,-0.0002857142857142947,0.0,0.00048439754689754805,-0.0011904761904761932,-3.997564935065562e-05,0.0016273019260151615
Energy,0.002609782986621221,-0.0007642496392496368,0.0002857142857142933,4.163336342344337e-18,-0.00048439754689754707,0.0011904761904761954,3.997564935065839e-05,-0.0016273019260151622
MLS,-0.0030886561355311353,-0.0410544467787115,-0.04500000000000002,-0.03371600877192983,-0.04000000000000002,-0.04375000000000001,-0.000890888313827554,-0.041250000000000016
NNGuide,-0.07114220224273923,-0.022127995168080575,-0.028688019342459542,-0.0200833614722541,-0.01538671427005984,-0.02972134756089518,-0.04601529538585857,-0.020085064557652983
NeCo,0.002609782986621221,-0.0007642496392496368,0.0002857142857142933,4.163336342344337e-18,-0.00048439754689754707,0.0011904761904761954,3.997564935065839e-05,-0.0016273019260151622
fDBD,-0.0030886561355311353,-0.0410544467787115,-0.04500000000000002,-0.03371600877192983,-0.04000000000000002,-0.04375000000000001,-0.000890888313827554,-0.041250000000000016
