feature,lr_mean_abs_coef,rf_gini_importance,lr_rank,rf_rank
max_equiangular_uc,0.469528190996182,0.16975819079503354,6,1
var_collapse,0.567197129419743,0.15872047402204334,3,2
self_duality,0.30432330049953166,0.13238080644241285,8,3
equinorm_uc,0.5957607814208014,0.12724202071208393,2,4
equinorm_wc,0.6314249536158346,0.12433350544654659,1,5
equiangular_uc,0.4754040181528156,0.1164168142416271,5,6
equiangular_wc,0.5542203651294605,0.1112234770851304,4,7
max_equiangular_wc,0.414186426778469,0.05992471125512221,7,8
