feature,lr_mean_abs_coef,rf_gini_importance,lr_rank,rf_rank
max_equiangular_uc,0.6755106466939218,0.21605266304608878,3,1
equiangular_uc,0.7001716746127016,0.18852634776201643,2,2
equinorm_uc,0.3786623828815465,0.15736358891571428,7,3
max_equiangular_wc,0.6208638344303827,0.15280671152280745,4,4
equiangular_wc,0.45265565446121653,0.11156593124323289,6,5
self_duality,0.47667477461347696,0.06603511885879099,5,6
equinorm_wc,0.7054488960615991,0.06455019086666978,1,7
var_collapse,0.3217882283493588,0.043099447784679334,8,8
