feature,lr_mean_abs_coef,rf_gini_importance,lr_rank,rf_rank
var_collapse,0.9082230738579713,0.1882057232546971,1,1
self_duality,0.30118243259750566,0.1598875095376338,7,2
equinorm_uc,0.6122846737694675,0.1379375534271966,3,3
max_equiangular_wc,0.8119137292100734,0.11840211516607997,2,4
equiangular_wc,0.2272608481983199,0.11448393471097203,8,5
equinorm_wc,0.420325600511433,0.10096807918931304,6,6
max_equiangular_uc,0.49567584961259564,0.09784783189653357,4,7
equiangular_uc,0.427620342762469,0.08226725281757384,5,8
