feature,lr_mean_abs_coef,rf_gini_importance,lr_rank,rf_rank
self_duality,0.4673822865647121,0.19645609989232068,4,1
equiangular_wc,0.5867682901570316,0.19460688056511782,3,2
equinorm_uc,0.43047213207524954,0.15702608347155203,5,3
max_equiangular_wc,0.6364227283292728,0.12938882955622646,2,4
equinorm_wc,0.7869276578543095,0.12178652696079882,1,5
var_collapse,0.20195167503027003,0.0811140548534044,8,6
max_equiangular_uc,0.24344297314701116,0.06988837253500059,7,7
equiangular_uc,0.29813142842990115,0.04973315216557933,6,8
