feature,rf_gini_importance,rf_rank
equinorm_wc,0.24980954103519246,1
equiangular_wc,0.14458999472422207,2
var_collapse,0.12608820334891183,3
max_equiangular_wc,0.11376812222284903,4
self_duality,0.10830643437066778,5
max_equiangular_uc,0.09366486902578681,6
equiangular_uc,0.08338524454572775,7
equinorm_uc,0.08038759072664221,8
