feature,lr_mean_abs_coef,rf_gini_importance,lr_rank,rf_rank
equinorm_wc,0.4381557088090277,0.17417162637562275,1,1
self_duality,0.22422748448800425,0.1394775794500158,7,2
max_equiangular_wc,0.3970234227088393,0.1380468400844492,4,3
equiangular_wc,0.18700469834846678,0.12263988425898986,8,4
max_equiangular_uc,0.261561896351446,0.114665444181823,5,5
var_collapse,0.4017462471832455,0.11427213404135776,3,6
equiangular_uc,0.26072717244190713,0.10917658997185882,6,7
equinorm_uc,0.4154995686762827,0.08754990163588278,2,8
