feature,lr_mean_abs_coef,rf_gini_importance,lr_rank,rf_rank
self_duality,1.3611117507807238,0.3690058314651478,2,1
max_equiangular_uc,0.42451942430897693,0.1444583503961041,8,2
equiangular_uc,0.6516151163492729,0.12870797455961755,7,3
max_equiangular_wc,1.1263384658491897,0.11829984737109739,3,4
equiangular_wc,0.942803506440209,0.10354160982093069,4,5
var_collapse,1.3776002372957008,0.05826488533143918,1,6
equinorm_uc,0.7366742083059925,0.045698365795224884,6,7
equinorm_wc,0.8556137034598311,0.03202313526043839,5,8
