feature,lr_mean_abs_coef,rf_gini_importance,lr_rank,rf_rank
var_collapse,0.6285511071146997,0.17578331624232202,4,1
self_duality,0.5728831092723617,0.16747271978647305,5,2
equiangular_wc,0.6418552780561905,0.15526707314265728,3,3
max_equiangular_wc,0.8110161895585664,0.1284273236400503,1,4
equinorm_uc,0.40213043051889474,0.10586367482600441,6,5
equinorm_wc,0.6954092426671815,0.0905351790435101,2,6
equiangular_uc,0.39855981186971073,0.08980169526651655,7,7
max_equiangular_uc,0.2511410133506428,0.08684901805246631,8,8
