,var_collapse,equiangular_uc,equiangular_wc,equinorm_uc,equinorm_wc,max_equiangular_uc,max_equiangular_wc,self_duality
CTM,-0.5085572049224225,-0.8648284486367669,-0.07411572560109266,-0.45218980873655484,-0.31376522807391416,-0.8648495222541231,-0.10423895747748577,-0.7936963075806784
CTMmeanOC,0.1002632026585122,0.42979163830195977,-0.67223374642798,0.34952071260328516,0.7759398822304419,0.31473057170912705,-0.604471447309123,0.6608895526105805
Energy,0.812653221885805,-0.028272604027274655,0.7154143072482172,-0.743127914611061,-0.5940431936167935,0.17824012160309172,0.7631854226648411,0.05059963345933381
GE,0.5126955748027008,0.6498209927798798,0.7957870668378583,0.22911332920301083,-0.44057381977359156,0.770835655768403,0.7520176289438001,0.29566423422718274
Maha,0.5126955748027008,0.6498209927798798,0.7957870668378583,0.22911332920301083,-0.44057381977359156,0.770835655768403,0.7520176289438001,0.29566423422718274
NNGuide,0.1002632026585122,0.42979163830195977,-0.67223374642798,0.34952071260328516,0.7759398822304419,0.31473057170912705,-0.604471447309123,0.6608895526105805
NeCo,0.5126955748027008,0.6498209927798798,0.7957870668378583,0.22911332920301083,-0.44057381977359156,0.770835655768403,0.7520176289438001,0.29566423422718274
fDBD,0.1002632026585122,0.42979163830195977,-0.67223374642798,0.34952071260328516,0.7759398822304419,0.31473057170912705,-0.604471447309123,0.6608895526105805
