,var_collapse,equiangular_uc,equiangular_wc,equinorm_uc,equinorm_wc,max_equiangular_uc,max_equiangular_wc,self_duality
PCA RecError global,-0.06905280990948821,0.5445108406250304,0.7852478588327901,-0.19511089015140717,0.2847580552217956,0.5284774583108448,0.3634237390949357,0.15795850248699525
PE,0.921149555154881,-0.14649652461504378,-0.06778720333911746,0.6493045636797705,-0.4198888589277511,-0.176716361013153,-0.39776737338411483,0.24378155584920785
ViM,-0.8526148734954893,0.01459270529119781,-0.6030371488036157,-0.32786957332095457,-0.2104168299403436,-0.07388768041059059,-0.5486298994450305,0.14906833510818707
pNML,0.0005181282500964254,-0.41260702130118454,-0.11442350669005709,-0.12632410020740892,0.34554763364629887,-0.2778734168871014,0.5829735337342093,-0.5508083934443898
