feature,lr_mean_abs_coef,rf_gini_importance,lr_rank,rf_rank
equiangular_wc,0.43452141791644705,0.18665652979496541,4,1
max_equiangular_uc,0.37712292158320515,0.1658775681894653,5,2
equiangular_uc,0.2809290603024235,0.16050055725968576,7,3
self_duality,0.4363490118474917,0.1289489311355281,3,4
max_equiangular_wc,0.4595165212430947,0.12582565012162966,2,5
var_collapse,0.7357869281820272,0.10274308192608354,1,6
equinorm_uc,0.18104054579679,0.08127017804014282,8,7
equinorm_wc,0.3326385072641721,0.04817750353249936,6,8
