method,var_collapse,equiangular_uc,equiangular_wc,equinorm_uc,equinorm_wc,max_equiangular_uc,max_equiangular_wc,self_duality
CTMmeanOC,-0.018732091361340436,-0.0714393884167733,-0.018811266044544313,-0.01790813212872961,-0.005955419017593433,-0.08342798863602421,-0.020530217230833057,-0.015695497164161666
KPCA RecError global,0.04108035714285717,0.003501335617749124,0.02183453823626279,0.04485936125251386,0.047157229095156385,0.0050175382651226905,0.03387966409389844,0.051669976296439615
Residual,-0.041080357142857175,-0.003501335617749123,-0.021834538236262795,-0.04485936125251386,-0.04715722909515639,-0.005017538265122691,-0.03387966409389844,-0.05166997629643962
ViM,-0.041080357142857175,-0.003501335617749123,-0.021834538236262795,-0.04485936125251386,-0.04715722909515639,-0.005017538265122691,-0.03387966409389844,-0.05166997629643962
pNML,-0.041080357142857175,-0.003501335617749123,-0.021834538236262795,-0.04485936125251386,-0.04715722909515639,-0.005017538265122691,-0.03387966409389844,-0.05166997629643962
