feature,lr_mean_abs_coef,rf_gini_importance,lr_rank,rf_rank
var_collapse,0.4981400230297398,0.21979011214085142,1,1
equinorm_uc,0.4663941310763168,0.15090071483431058,2,2
equiangular_wc,0.28100340779060157,0.1474176102692246,4,3
self_duality,0.1319751907759754,0.11884420678914179,8,4
max_equiangular_uc,0.17304338956297877,0.10229190171481832,6,5
equiangular_uc,0.24509754796605432,0.09332682580246783,5,6
equinorm_wc,0.29010943647775683,0.08846361509327642,3,7
max_equiangular_wc,0.14807427075614743,0.07896501335590914,7,8
