feature,lr_mean_abs_coef,rf_gini_importance,lr_rank,rf_rank
equiangular_wc,0.7404172991705652,0.24580009064420072,1,1
var_collapse,0.6860013382896084,0.19920941127726494,3,2
max_equiangular_wc,0.5462210107377948,0.12273881295875513,4,3
self_duality,0.2746161765233671,0.10351679738639735,8,4
equinorm_uc,0.4568716488964405,0.10237488525511546,5,5
max_equiangular_uc,0.4257166213849777,0.08496933506682092,6,6
equinorm_wc,0.689604053481372,0.07904353954043505,2,7
equiangular_uc,0.37451014427967,0.062347127871010474,7,8
