method,var_collapse,equiangular_uc,equiangular_wc,equinorm_uc,equinorm_wc,max_equiangular_uc,max_equiangular_wc,self_duality
CTMmeanOC,-0.0449672985737542,-0.030948237066673295,-0.024855836253617113,-0.037625237843609806,-0.0042359571169189505,-0.029153180452534004,-0.04147665456841342,-0.03373759812447924
KPCA RecError global,0.07530615156577804,0.007141642314870045,0.005315616104251313,0.0817919263933479,0.003101991146005645,0.012810503375506266,0.03182495344309538,0.030082215657145445
Residual,-0.07530615156577801,-0.007141642314870041,-0.0053156161042513155,-0.08179192639334791,-0.00310199114600565,-0.012810503375506271,-0.031824953443095376,-0.030082215657145434
ViM,-0.07530615156577801,-0.007141642314870041,-0.0053156161042513155,-0.08179192639334791,-0.00310199114600565,-0.012810503375506271,-0.031824953443095376,-0.030082215657145434
pNML,-0.07530615156577801,-0.007141642314870041,-0.0053156161042513155,-0.08179192639334791,-0.00310199114600565,-0.012810503375506271,-0.031824953443095376,-0.030082215657145434
