feature,lr_mean_abs_coef,rf_gini_importance,lr_rank,rf_rank
var_collapse,0.6926226453945435,0.16408530737911697,1,1
max_equiangular_uc,0.41132647788063864,0.1557971910621416,6,2
self_duality,0.3595015942269173,0.15503575634026212,8,3
equiangular_uc,0.44201855124456735,0.13103855254589256,5,4
equinorm_uc,0.6080704965544536,0.12458435003163146,2,5
equinorm_wc,0.5765240109293778,0.11396863893294915,4,6
equiangular_wc,0.5849833509609993,0.10640945361738645,3,7
max_equiangular_wc,0.3929920514678249,0.049080750090619685,7,8
