lodo_accuracy,lodo_jaccard,lodo_f1,lodo_top3_hit,lodo_clique_hit,lodo_n_samples,lodo_baseline_accuracy,lodo_best_model,kfold_rf_accuracy,kfold_rf_jaccard,kfold_rf_f1,kfold_rf_top3_hit,kfold_rf_clique_hit,kfold_n_folds,kfold_baseline_accuracy,dt_depth,dt_cv_accuracy,dt_cv_jaccard,dt_cv_f1,dt_cv_top3_hit,dt_cv_clique_hit,label,n_samples,n_classes,n_features,classes,target_mode
0.631578947368421,0.7105263157894737,0.7368421052631579,0.9473684210526315,0.7894736842105263,19,0.47368421052631576,RF,0.6842105263157895,0.6842105263157895,0.6842105263157895,0.8421052631578947,0.6842105263157895,2,0.47368421052631576,2,0.6842105263157895,0.7105263157894737,0.7192982456140351,0.8421052631578947,0.7368421052631579,group_all,19,4,8,"CTM,Energy,NNGuide,fDBD",clique
