feature,lr_mean_abs_coef,rf_gini_importance,lr_rank,rf_rank
max_equiangular_wc,0.4593903625955793,0.19405010461403993,3,1
equiangular_wc,0.42729127983943793,0.1661738325349295,4,2
equiangular_uc,0.26254583924196123,0.13269538863427657,7,3
equinorm_wc,0.59096327461292,0.1283421646745375,2,4
var_collapse,0.6361521645618218,0.11495348700944019,1,5
self_duality,0.3927618331486383,0.10472233514182347,5,6
max_equiangular_uc,0.28352125627351904,0.09046098622851524,6,7
equinorm_uc,0.21746277900692404,0.06860170116243763,8,8
