feature,lr_mean_abs_coef,rf_gini_importance,lr_rank,rf_rank
max_equiangular_uc,0.3119716650718693,0.16761058159432093,3,1
equiangular_wc,0.31009610428859247,0.13439893221643812,4,2
equiangular_uc,0.2858507800236893,0.13237006856245212,7,3
self_duality,0.306515596844513,0.12726688404930847,6,4
var_collapse,0.331432909562151,0.12726439306094608,2,5
equinorm_uc,0.2775600553703339,0.1227939718650991,8,6
max_equiangular_wc,0.3079812529689448,0.1151672557992716,5,7
equinorm_wc,0.4236773142343937,0.07312791285216373,1,8
