,var_collapse,cdnv_score,bias_collapse,equiangular_uc,equiangular_wc,equinorm_uc,equinorm_wc,max_equiangular_uc,max_equiangular_wc,self_duality,w_etf_diff,M_etf_diff,wM_etf_diff
CTM,-0.32434981299576493,0.22932961166294877,-0.061346120345903574,-0.13928960579105332,-0.2853809650170312,-0.22589779485329983,-0.4423507257741219,-0.21856205127165276,-0.3155701005184146,-0.4930888292340393,0.35403653906433097,0.2750983637918254,0.2969280937299313
Energy,0.49285110869003607,-0.29810746945933636,-0.27230738925904,0.20275414436097736,0.3246280252054224,0.1816025571999644,-0.3867469863747665,0.15353064061101948,0.2506922623848124,0.047633295425264996,-0.24229774555314243,-0.24181618980299568,-0.24520525929457773
NNGuide,-0.0944839630738363,-0.04111643120910301,0.0666504628587916,-0.2796315592223099,-0.01163916202578811,-0.15267108445968938,0.38848462033943254,-0.10805442643918924,0.06555457751819312,0.10666107488424548,-0.1668131291982954,-0.13992990421510557,-0.1452635874667433
fDBD,-0.07401733262043489,0.10989428900549049,0.26700304674615166,0.21616702065238577,-0.02760789816260316,0.19696632211302467,0.4406130918094559,0.17308583709982261,-0.0006767393845908237,0.33879445892452853,0.055074335687107026,0.1066477302262758,0.09354075303138952
