feature,lr_mean_abs_coef,rf_gini_importance,lr_rank,rf_rank
var_collapse,0.3527705086768359,0.1844257816319496,2,1
self_duality,0.27319429807938356,0.15919420874282506,5,2
equiangular_wc,0.3162111261341249,0.15133485341553013,4,3
max_equiangular_wc,0.3198053241312846,0.13327061995382086,3,4
equinorm_uc,0.15489492578770103,0.10143021633313795,7,5
max_equiangular_uc,0.15099363773631705,0.09930752401544529,8,6
equiangular_uc,0.17861919918969907,0.08700083986713918,6,7
equinorm_wc,0.4892594179809294,0.08403595604015193,1,8
