method,var_collapse,equiangular_uc,equiangular_wc,equinorm_uc,equinorm_wc,max_equiangular_uc,max_equiangular_wc,self_duality
CTM,-0.0026097829866212224,0.0007642496392496368,-0.0002857142857142947,-1.1102230246251566e-17,0.0004843975468975482,-0.0011904761904761932,-3.9975649350670886e-05,0.0016273019260151622
CTMmean,-0.0026097829866212224,0.0007642496392496368,-0.0002857142857142947,-1.1102230246251566e-17,0.0004843975468975482,-0.0011904761904761932,-3.9975649350670886e-05,0.0016273019260151622
CTMmeanOC,-0.015191552674621573,-0.019119451875556547,-0.02817413576450902,-0.06397718262693837,-0.06707203592009128,-0.023996932391422632,-0.01852634637872914,-0.014942362368131516
Energy,-0.07114220224273923,-0.022127995168080578,-0.02868801934245955,-0.0200833614722541,-0.01538671427005984,-0.02972134756089518,-0.04601529538585857,-0.020085064557652983
KPCA RecError global,-0.015191552674621573,-0.019119451875556547,-0.02817413576450902,-0.06397718262693837,-0.06707203592009128,-0.023996932391422632,-0.01852634637872914,-0.014942362368131516
MLS,-0.07114220224273923,-0.022127995168080578,-0.02868801934245955,-0.0200833614722541,-0.01538671427005984,-0.02972134756089518,-0.04601529538585857,-0.020085064557652983
NNGuide,-0.07114220224273923,-0.022127995168080578,-0.02868801934245955,-0.0200833614722541,-0.01538671427005984,-0.02972134756089518,-0.04601529538585857,-0.020085064557652983
NeCo,-0.07114220224273923,-0.022127995168080578,-0.02868801934245955,-0.0200833614722541,-0.01538671427005984,-0.02972134756089518,-0.04601529538585857,-0.020085064557652983
fDBD,0.005406616028036404,0.0020999309728354913,-0.00160681199491199,-0.002474919985363723,-0.0031301522616059077,-0.0013431522988581474,0.004145410516765044,-0.0020969209768972375
