feature,rf_gini_importance,rf_rank
equinorm_wc,0.3797901721069978,1
self_duality,0.15172892042969197,2
var_collapse,0.13732639295286556,3
equiangular_uc,0.08172434810417022,4
equiangular_wc,0.0783449902753794,5
equinorm_uc,0.06904327185735455,6
max_equiangular_uc,0.052892170183638926,7
max_equiangular_wc,0.04882241441368326,8
dropout,0.00032731967621847934,9
