,var_collapse,equiangular_uc,equiangular_wc,equinorm_uc,equinorm_wc,max_equiangular_uc,max_equiangular_wc,self_duality
CTM,-0.2674321428131539,0.9814231160400364,-0.966231823167198,0.6138305550438833,-2.1024747468365095,0.746104847124746,-1.1579265472397622,-0.3302295257201722
CTMmean,-0.39551853819341415,0.398131637379662,-0.27296085160306555,0.796286210949613,1.6499223163716905,0.20262781312142097,-0.23885724488772464,1.022742717796271
CTMmeanOC,-0.39551853819341415,0.398131637379662,-0.27296085160306555,0.796286210949613,1.6499223163716905,0.20262781312142097,-0.23885724488772464,1.022742717796271
Energy,2.2455514178843456,-0.343305765661398,0.292542120926712,-1.088034533835761,-1.059713563855011,0.011108143373149085,0.2542210413880289,0.21302573661238422
KPCA RecError global,1.881010975208634,0.5130484823080284,-0.8220762580467589,-0.23999353714721183,-1.4899704656797388,0.505390659953554,-1.0815007915387824,1.255581290785665
MLS,0.674549008120044,-0.9541357890023661,1.2113879787290744,-1.3798560226325323,-0.443579046814835,-0.4343972414775296,1.3655810711398277,-1.3187880479516256
NNGuide,0.26743214281315414,-0.9814231160400368,0.9662318231671979,-0.6138305550438826,2.1024747468365095,-0.7461048471247463,1.1579265472397624,0.3302295257201722
ViM,1.881010975208634,0.5130484823080284,-0.8220762580467589,-0.23999353714721183,-1.4899704656797388,0.505390659953554,-1.0815007915387824,1.255581290785665
fDBD,-0.39551853819341415,0.398131637379662,-0.27296085160306555,0.796286210949613,1.6499223163716905,0.20262781312142097,-0.23885724488772464,1.022742717796271
