feature,rf_gini_importance,rf_rank
equinorm_wc,0.20512878931101985,1
self_duality,0.16617308378232337,2
equinorm_uc,0.1609865106656604,3
var_collapse,0.11951419165702114,4
max_equiangular_uc,0.1046740789038435,5
equiangular_uc,0.08532689662472992,6
max_equiangular_wc,0.07924428265558207,7
equiangular_wc,0.07213224291829623,8
dropout,0.006819923481523411,9
