,var_collapse,cdnv_score,bias_collapse,equiangular_uc,equiangular_wc,equinorm_uc,equinorm_wc,max_equiangular_uc,max_equiangular_wc,self_duality,w_etf_diff,M_etf_diff,wM_etf_diff
CTM,-0.33476452057206335,0.1855148249822609,-0.05985386307717947,-0.2799277595010263,-0.4886548651393304,-0.24034469088206703,-0.02360381463758799,-0.339207285687116,-0.4959466994914701,-0.16486086388908164,0.10030669570837246,0.15674731079183377,0.12436013452233813
Energy,0.08210882802282612,8.645224318339317e-05,0.22752941105564745,0.011437612094045096,0.2277392421507046,0.08100080681377661,0.10856934254168871,0.06863720973564005,0.20771058419353172,0.3931706496304992,0.026957678689775055,-0.01417121831591501,0.01749909390771191
NNGuide,0.25265569254923687,-0.18560127722544376,-0.16767554797846768,0.2684901474069811,0.2609156229886255,0.15934388406829045,-0.08496552790410053,0.2705700759514757,0.28823611529793797,-0.22830978574141753,-0.127264374398147,-0.14257609247591818,-0.14185922843004944
