feature,rf_gini_importance,rf_rank
equinorm_wc,0.3327700976956002,1
var_collapse,0.1317027873020715,2
equiangular_wc,0.12769794986278316,3
max_equiangular_wc,0.11514220373298566,4
self_duality,0.10575502227966538,5
max_equiangular_uc,0.06513818490696673,6
equinorm_uc,0.06209884893314924,7
equiangular_uc,0.05782031637532156,8
dropout,0.0018745889114565727,9
