feature,lr_mean_abs_coef,rf_gini_importance,lr_rank,rf_rank
max_equiangular_uc,0.2689764145610648,0.14631521819197013,6,1
var_collapse,0.3801185213838537,0.14617945906593358,2,2
equiangular_uc,0.29366889075282404,0.14239296849531022,5,3
equinorm_uc,0.36513407985838786,0.12913701308905365,3,4
equiangular_wc,0.31743853191634713,0.12906587561791155,4,5
equinorm_wc,0.3882316947505387,0.12236300235943381,1,6
self_duality,0.23787876962402912,0.09543859820417894,7,7
max_equiangular_wc,0.17773277062994217,0.08910786497620814,8,8
