feature,lr_mean_abs_coef,rf_gini_importance,lr_rank,rf_rank
var_collapse,0.8009814445761227,0.1726280256952109,1,1
self_duality,0.2318648493283394,0.16337375791486955,6,2
equinorm_wc,0.3761432761935191,0.14725520041047116,4,3
max_equiangular_wc,0.5318717328706175,0.13504208061868062,3,4
equinorm_uc,0.5446515611252236,0.12783197589959666,2,5
equiangular_wc,0.10054615921826979,0.11572266586295583,8,6
max_equiangular_uc,0.2342763506623477,0.07169325655313302,5,7
equiangular_uc,0.20257371589512438,0.06645303704508232,7,8
