feature,lr_mean_abs_coef,rf_gini_importance,lr_rank,rf_rank
self_duality,0.5223469356516018,0.18851237775498295,2,1
equiangular_wc,0.24824299229303226,0.1530602171120382,7,2
var_collapse,0.6124331133284265,0.13216471615174546,1,3
equiangular_uc,0.284851405361807,0.1320069810217895,5,4
max_equiangular_wc,0.2458154559283301,0.11920221397853219,8,5
max_equiangular_uc,0.2815891156465125,0.11457283568578053,6,6
equinorm_uc,0.4440978177006112,0.08498083423941555,3,7
equinorm_wc,0.38172047349549204,0.07549982405571566,4,8
