feature,lr_mean_abs_coef,rf_gini_importance,lr_rank,rf_rank
self_duality,0.34764504220057213,0.22657878823160815,7,1
max_equiangular_uc,0.5759153157840579,0.19329170983066693,4,2
equinorm_uc,0.913076713979025,0.16387159403075863,3,3
var_collapse,1.0220294157799847,0.14318162377904112,2,4
equiangular_uc,0.5667894076030077,0.13759219644904622,5,5
max_equiangular_wc,1.2620897353614389,0.0587244894674713,1,6
equinorm_wc,0.3303979816081969,0.05115878766931577,8,7
equiangular_wc,0.385748833049857,0.025600810542091977,6,8
