,var_collapse,equiangular_uc,equiangular_wc,equinorm_uc,equinorm_wc,max_equiangular_uc,max_equiangular_wc,self_duality
CTM,-0.3717201907253804,-0.5353962142970896,-0.7838592654933444,-0.4025465614865879,-0.2730351161461034,-0.6431890312363451,-0.824978618268555,-0.11409857765897566
CTMmean,-1.3423582847492903,-0.30716449510757327,-0.2985053082444167,-0.044869853639800596,0.30998781297818606,-0.4230718625146967,-0.2860514861115943,-0.7249878906071061
CTMmeanOC,-1.3423582847492903,-0.30716449510757327,-0.2985053082444167,-0.044869853639800596,0.30998781297818606,-0.4230718625146967,-0.2860514861115943,-0.7249878906071061
Energy,0.8857619663386781,0.062036643799910626,0.8016697094924515,-0.29657402507642266,-0.552408115454162,0.39565884058116296,0.9578001631646121,-0.8155159352740717
NNGuide,0.8857619663386781,0.062036643799910626,0.8016697094924515,-0.29657402507642266,-0.552408115454162,0.39565884058116296,0.9578001631646121,-0.8155159352740717
NeCo,0.8857619663386781,0.062036643799910626,0.8016697094924515,-0.29657402507642266,-0.552408115454162,0.39565884058116296,0.9578001631646121,-0.8155159352740717
fDBD,0.6801952779431434,0.19105410185539287,-0.6832358383102666,0.2893109705560497,0.1371782873072518,-0.051132096951048575,-0.8810854695205838,1.8221635126076967
