feature,lr_mean_abs_coef,rf_gini_importance,lr_rank,rf_rank
self_duality,0.3690296875780257,0.20249309657133024,6,1
max_equiangular_wc,0.6167289769600028,0.15996820643715504,2,2
var_collapse,0.6194328775717407,0.1486888784810974,1,3
equinorm_wc,0.2860170327144692,0.12372374176555631,8,4
equinorm_uc,0.43335555814012977,0.11376805013115927,4,5
equiangular_wc,0.4600719357937889,0.10667769591666575,3,6
max_equiangular_uc,0.41023945188503175,0.07553028047516687,5,7
equiangular_uc,0.2980146649027694,0.06915005022186921,7,8
