,var_collapse,equiangular_uc,equiangular_wc,equinorm_uc,equinorm_wc,max_equiangular_uc,max_equiangular_wc,self_duality
CTM,-0.5489219915694978,-0.41863879847318375,-0.6391188260391437,-0.31695683701194105,-0.11774089092006464,-0.4949815518978811,-0.6502925811232326,-0.2908989264287995
CTMmean,-1.3423582847492903,-0.30716449510757327,-0.2985053082444167,-0.044869853639800596,0.30998781297818606,-0.4230718625146967,-0.2860514861115943,-0.7249878906071061
CTMmeanOC,-1.3423582847492903,-0.30716449510757327,-0.2985053082444167,-0.044869853639800596,0.30998781297818606,-0.4230718625146967,-0.2860514861115943,-0.7249878906071061
Energy,1.1529393965188417,0.18856029836237884,0.33284459908537617,-0.146707751028008,-0.4418242772587516,0.30658703971945045,0.358903950992088,0.2921026974892284
GradNorm,0.7602431584537782,-0.25175089836468095,-0.41947767260647223,-0.28729564784886785,-0.5791720598265538,-0.2885903417392216,-0.467172019123195,0.4071545349642958
MLS,0.1871053422628835,0.3838119858941577,0.44579834561062903,0.1619711062681872,0.25587458107191335,0.46287170885570694,0.44394839536770886,0.2247834482590233
NNGuide,0.607053232621556,0.03429081536010255,0.5500304788029182,-0.0816619310503963,-0.443354163674238,0.23066522323807803,0.6644029157639068,-0.5808448438971151
NeCo,0.5570495168692529,0.35198880708992974,0.7856097914536567,0.08688910265012406,-0.10878744484634667,0.5594770738387377,0.8703078018775928,-0.2760183132644938
fDBD,-0.12405314584385412,0.28499094896223115,0.14080243116099392,0.45814282903398407,0.4270175218233087,0.20478962993037772,0.10851805471693961,0.40536256111025765
