feature,lr_mean_abs_coef,rf_gini_importance,lr_rank,rf_rank
equiangular_wc,0.5377633689357412,0.19249742460483169,7,1
max_equiangular_uc,0.5667250897214876,0.1712548652229755,6,2
max_equiangular_wc,0.6570051139645405,0.16728790633862642,4,3
equiangular_uc,0.6744800040484259,0.12751738538162016,3,4
self_duality,0.7046596995080788,0.10708112824562743,2,5
equinorm_wc,0.6134474409785851,0.09404753608654216,5,6
equinorm_uc,0.256049198369499,0.08540654629805981,8,7
var_collapse,0.7413587452284095,0.054907207821716965,1,8
