,var_collapse,equiangular_uc,equiangular_wc,equinorm_uc,equinorm_wc,max_equiangular_uc,max_equiangular_wc,self_duality
CTM,0.14126407266196175,-0.3288950362083882,0.1608371025945291,-0.36377434096966615,-0.2051392863806848,-0.29463566375267886,0.03013449443151723,-0.25628210975598575
CTMmeanOC,-0.5953229597975518,0.19630951981137734,-0.5340575440300654,0.47303801294851705,0.4914680454526865,0.06437374934961669,-0.2384680339223845,0.05586121733852502
ViM,0.4540588871355898,0.1325855163970109,0.37322044143553645,-0.10926367197885051,-0.2863287590720019,0.23026191440306215,0.20833353949086741,0.20042089241746056
