feature,lr_mean_abs_coef,rf_gini_importance,lr_rank,rf_rank
self_duality,1.3268943774061768,0.29052254555472434,3,1
var_collapse,1.5127038025247614,0.16528724443063034,2,2
equinorm_wc,1.8310969116939975,0.13000698158841806,1,3
max_equiangular_uc,0.3070876875938086,0.12254924441589554,8,4
equiangular_uc,0.3929480708535571,0.1066404448253142,7,5
equinorm_uc,1.023106953440214,0.09748926728063881,4,6
equiangular_wc,0.5162982477140442,0.04981085382051083,6,7
max_equiangular_wc,0.669520347797528,0.03769341808386795,5,8
