feature,lr_mean_abs_coef,rf_gini_importance,lr_rank,rf_rank
self_duality,0.4009639368876132,0.1992154606633861,4,1
var_collapse,0.5236769423200871,0.16255068040260173,2,2
equinorm_wc,1.0360970251765422,0.13505195309254647,1,3
equinorm_uc,0.4729231216584225,0.13383615382271968,3,4
max_equiangular_uc,0.21246949623692224,0.11501176172283988,8,5
equiangular_uc,0.27128964372554615,0.09922231209107632,7,6
max_equiangular_wc,0.3736393173330334,0.07839888985799118,5,7
equiangular_wc,0.3351697576370671,0.07671278834683862,6,8
