feature,lr_mean_abs_coef,rf_gini_importance,lr_rank,rf_rank
var_collapse,0.41554300837224245,0.20746414951360914,4,1
self_duality,0.5643817816693318,0.13848647703082398,1,2
max_equiangular_uc,0.22728759019011147,0.13572519410211759,5,3
equiangular_uc,0.17614508388988567,0.12854862589305266,7,4
equiangular_wc,0.42606374683255455,0.12563855211222216,3,5
max_equiangular_wc,0.5025882698151619,0.12200826770661204,2,6
equinorm_uc,0.16540338674985566,0.0830294192038284,8,7
equinorm_wc,0.1965698842221512,0.05909931443773406,6,8
