feature,lr_mean_abs_coef,rf_gini_importance,lr_rank,rf_rank
max_equiangular_uc,0.4967020852213982,0.18158893489490505,4,1
equiangular_wc,0.5409331974395261,0.17599205631256465,3,2
equiangular_uc,0.4405369106094362,0.16806463673426766,6,3
max_equiangular_wc,0.5521780518652284,0.13370013259895866,2,4
var_collapse,0.7502811010534278,0.101548360464855,1,5
equinorm_uc,0.35055683925622805,0.09951556686241832,8,6
self_duality,0.4499590861158613,0.08904483003597312,5,7
equinorm_wc,0.4179019293456289,0.05054548209605745,7,8
