,var_collapse,cdnv_score,bias_collapse,equiangular_uc,equiangular_wc,equinorm_uc,equinorm_wc,max_equiangular_uc,max_equiangular_wc,self_duality,w_etf_diff,M_etf_diff,wM_etf_diff
GradNorm,0.15250568814213974,0.11747756179937754,0.22195556678337203,0.27629825231409666,0.009550200809638108,0.1287967819964423,0.13203222769351325,0.30832471164384684,-0.07026202336740771,0.10368376078361817,0.24332450201796288,0.16252351620684488,0.17292714664922262
KPCA RecError global,-0.39979008632342217,-0.3175955728240262,-0.2873105481030713,0.19094911466184472,0.325210723323754,-0.31080708758807835,-0.5910511943309303,0.18458298081099567,-0.020871560697458377,0.03720553330973203,-0.13188649382422213,0.04521498938982475,-0.06546093661814349
PCA RecError class pred,-0.0210955255643226,-0.09439508612930154,-0.16018879738684103,-0.18255431850051457,-0.18272207500395793,-0.21202027538480922,0.7435700502413214,-0.1584872210206925,0.15996314447747376,-0.23257391633336036,-0.23548066099996467,-0.25178377500860827,-0.2047281103365435
REN class pred,0.26837992374560493,0.29451309715395046,0.2255437787065401,-0.2846930484754258,-0.1520388491294348,0.3940305809764449,-0.28455108360390385,-0.3344204714341496,-0.06882956041260843,0.09168462224001031,0.12404265280622387,0.04404526941193883,0.09726190030546444
