method,var_collapse,equiangular_uc,equiangular_wc,equinorm_uc,equinorm_wc,max_equiangular_uc,max_equiangular_wc,self_duality,dropout
CTMmeanOC,-0.03893799021929923,-0.036489307076666574,-0.015833298461743705,-0.045320667413630916,-0.006650820148387131,-0.024209902822601066,-0.045668310085543576,-0.03335521296183132,-3.449081029647445e-05
NNGuide,-0.03893799021929923,-0.036489307076666574,-0.015833298461743705,-0.045320667413630916,-0.006650820148387131,-0.024209902822601066,-0.045668310085543576,-0.03335521296183132,-3.449081029647445e-05
PCA RecError global,-0.029601966582388985,-0.010957370944756671,-0.02220213044554392,-0.03671006522081618,-0.012738056652345064,-0.002553372530483778,-0.10954842721112272,-0.02792254965247363,-0.0008910607600690877
PE,-0.08072702768696535,-0.004077479770102489,-0.0031292461314028847,-0.10405555618592255,-0.0016189114046351364,-0.005143473397033769,-0.02204251868431295,-0.02620578673962498,-2.168404344971009e-20
ViM,4.2031657088239734e-05,0.0009510221386307402,-0.003826824887632785,0.0038676680144311875,-0.0006404028419204097,-0.0018867029774817968,-0.0008212074850960918,0.000873772811653254,-0.000309356429672347
pNML,-0.029601966582388985,-0.010957370944756671,-0.02220213044554392,-0.03671006522081618,-0.012738056652345064,-0.002553372530483778,-0.10954842721112272,-0.02792254965247363,-0.0008910607600690877
