,var_collapse,equiangular_uc,equiangular_wc,equinorm_uc,equinorm_wc,max_equiangular_uc,max_equiangular_wc,self_duality
GE,1.1930623471468496,-0.16753933951109204,-0.07480848724668096,0.8534238976059619,-0.5018867570481989,-0.2048469991474616,-0.4742821691128455,0.31316539110634767
GradNorm,1.1930623471468496,-0.16753933951109204,-0.07480848724668096,0.8534238976059619,-0.5018867570481989,-0.2048469991474616,-0.4742821691128455,0.31316539110634767
Maha,-0.9738245250043819,-0.4110401887552301,-0.12368133364241955,-0.7362112551706146,-0.3739699201889823,-0.5584305186243975,-1.276649282066765,0.17737076965991372
PCA RecError global,-0.6371554834285708,1.001172734907873,-0.5610692028309767,-0.08620402471889527,0.3280057671601212,1.0541236131564735,0.49143659288849645,0.3320744765364922
Residual,-1.1930623471468496,0.16753933951109198,0.07480848724668106,-0.8534238976059619,0.501886757048199,0.2048469991474615,0.4742821691128455,-0.3131653911063477
ViM,-0.9738245250043819,-0.4110401887552301,-0.12368133364241955,-0.7362112551706146,-0.3739699201889823,-0.5584305186243975,-1.276649282066765,0.17737076965991372
pNML,-0.32312352124462657,0.6483474059279721,0.0067459625383100305,-0.106749434770648,0.732982905741266,0.8138284570372852,1.5524121357597251,-0.34689211859052094
