,var_collapse,cdnv_score,bias_collapse,equiangular_uc,equiangular_wc,equinorm_uc,equinorm_wc,max_equiangular_uc,max_equiangular_wc,self_duality,w_etf_diff,M_etf_diff,wM_etf_diff
PCA RecError global,0.06298243891592749,0.030076570240268496,-0.1830977961930691,0.4509840733028871,0.7819590325694863,-0.14587333943097763,0.1829035040757195,0.4233584825372433,0.21969978069972196,0.18420763367875556,-0.11486481920496737,-0.06730344698425575,-0.17694144703525125
PE,0.4591315051896756,0.42021471433769514,0.41375315235109167,0.006663931442527494,-0.06753361700767299,0.339987340320946,-0.17825056907374276,0.00039722774543922716,-0.11708708035961073,0.127360378319667,0.38857492659464743,0.2069903898122774,0.27541999092048286
ViM,-0.5130828118670416,-0.2990399679058604,-0.050024590615846104,-0.06190206870499121,-0.5489604220736901,-0.07894628310418064,-0.25605166631553666,-0.13206698045706272,-0.4585627801066276,0.12968988309697654,-0.1181515311793447,0.2522844594750045,0.18876492402417885
pNML,-0.00903113223856117,-0.15125131667210306,-0.18063076554217625,-0.3957459360404234,-0.16546499348812296,-0.11516771778578747,0.2513987313135597,-0.2916887298256198,0.3559500797665158,-0.441257895095399,-0.15555857621033523,-0.3919714023030259,-0.28724346790941
