feature,rf_gini_importance,rf_rank
self_duality,0.21394184644193792,1
max_equiangular_wc,0.19005178658049934,2
equinorm_wc,0.1299159756301902,3
equiangular_wc,0.09954964286767189,4
equiangular_uc,0.0985165531178805,5
var_collapse,0.09842025343800323,6
equinorm_uc,0.0968106935462388,7
max_equiangular_uc,0.07228568332407391,8
dropout,0.0005075650535041714,9
