feature,rf_gini_importance,rf_rank
equinorm_wc,0.24918498386938362,1
equinorm_uc,0.1695244181411375,2
self_duality,0.16186138689339633,3
var_collapse,0.12203722603645172,4
equiangular_wc,0.08536239785919196,5
max_equiangular_wc,0.08071307949282835,6
max_equiangular_uc,0.07565087354617167,7
equiangular_uc,0.05352142071253041,8
dropout,0.002144213448908448,9
