feature,rf_gini_importance,rf_rank
self_duality,0.4200188784476779,1
equiangular_uc,0.11663319729860915,2
var_collapse,0.10632709027997304,3
max_equiangular_uc,0.09387636842488015,4
equinorm_wc,0.0827246803991235,5
max_equiangular_wc,0.06464096115064204,6
equiangular_wc,0.0604978789242711,7
equinorm_uc,0.049954055404506585,8
dropout,0.005326889670316617,9
