,var_collapse,equiangular_uc,equiangular_wc,equinorm_uc,equinorm_wc,max_equiangular_uc,max_equiangular_wc,self_duality
CTMmeanOC,-0.6371554834285708,1.001172734907873,-0.5610692028309767,-0.08620402471889527,0.3280057671601212,1.0541236131564735,0.49143659288849645,0.3320744765364922
GradNorm,-1.5462807327421617,0.565256988076706,-0.5798436234143991,-0.8114680428810416,-0.05857606952327993,0.4830527770605636,-0.6673603777351617,0.4451953666382915
KPCA RecError global,-1.1930623471468496,0.16753933951109198,0.07480848724668106,-0.8534238976059619,0.501886757048199,0.2048469991474615,0.4742821691128455,-0.3131653911063477
Maha,1.1930623471468496,-0.16753933951109204,-0.07480848724668096,0.8534238976059619,-0.5018867570481989,-0.2048469991474616,-0.4742821691128455,0.31316539110634767
Residual,1.1930623471468496,-0.16753933951109204,-0.07480848724668096,0.8534238976059619,-0.5018867570481989,-0.2048469991474616,-0.4742821691128455,0.31316539110634767
fDBD,-0.9738245250043819,-0.4110401887552301,-0.12368133364241955,-0.7362112551706146,-0.3739699201889823,-0.5584305186243975,-1.276649282066765,0.17737076965991372
pNML,1.546280732742162,-0.5652569880767059,0.579843623414399,0.8114680428810414,0.05857606952328,-0.4830527770605634,0.6673603777351619,-0.4451953666382915
