feature,lr_mean_abs_coef,rf_gini_importance,lr_rank,rf_rank
max_equiangular_uc,0.7436622167831491,0.2563129232243409,3,1
equiangular_uc,0.6905679975519744,0.23276401172656921,4,2
var_collapse,0.7494989477509884,0.13372278359592993,2,3
max_equiangular_wc,0.786271658363556,0.10627776260465918,1,4
self_duality,0.3460981782519982,0.10593883233727325,8,5
equinorm_uc,0.35266061455576386,0.06983357967532643,7,6
equiangular_wc,0.39071621778202503,0.06626873222535758,5,7
equinorm_wc,0.37686888825891923,0.02888137461054364,6,8
