feature,lr_mean_abs_coef,rf_gini_importance,lr_rank,rf_rank
var_collapse,1.096987635132782,0.2657090234328798,2,1
equinorm_uc,1.2192172065344788,0.21901495153076603,1,2
max_equiangular_wc,1.0358843930751642,0.18154825434479382,3,3
self_duality,0.3455603538628292,0.15579117428705927,7,4
max_equiangular_uc,0.4865455582971743,0.06879692867929535,4,5
equiangular_uc,0.47052524033835635,0.0525665733913134,5,6
equinorm_wc,0.3772982832005235,0.033567271409118755,6,7
equiangular_wc,0.2208450965002719,0.023005822924773676,8,8
