,var_collapse,equiangular_uc,equiangular_wc,equinorm_uc,equinorm_wc,max_equiangular_uc,max_equiangular_wc,self_duality
CTM,-1.028667910542156,-0.1538267390397064,-0.41439485304978235,0.28707641352713675,-0.32247489359975606,-0.23735383151519537,-0.3394552564069851,-0.5452849153227496
CTMmeanOC,0.021972433365380222,0.29595250320851924,-0.018606780476596564,0.18662950026762587,0.3305465036159387,0.27323377399931437,0.21634714279368997,0.24248795751589802
Confidence,0.6231409149105732,-0.3645790036164376,-0.08485288851588219,-0.4098716965264561,0.24883659900132235,-0.3720783046739515,-0.3227522526954913,0.05090702074830062
Maha,0.5159707309747377,0.08899769459686006,0.78257101006462,-0.14043393939817053,-0.5715766015153252,0.2421606820547914,0.4976363105903516,0.021368200351059883
NNGuide,-0.13241616870853457,0.13345554485076425,-0.26471648802235836,0.07659972212986389,0.3146683924978211,0.0940376801350401,-0.05177594428156474,0.23052173670749104
