feature,lr_mean_abs_coef,rf_gini_importance,lr_rank,rf_rank
equiangular_wc,0.533525540685566,0.1683797529070453,6,1
max_equiangular_uc,0.5359202321628356,0.1516437544076157,5,2
max_equiangular_wc,0.6293595187387349,0.14407255520012757,3,3
equinorm_wc,0.6085289425697185,0.13532936338299803,4,4
equiangular_uc,0.521662881013115,0.12590704453687268,7,5
self_duality,0.6589845184701112,0.12319322322782622,2,6
equinorm_uc,0.3176327204498243,0.07905877750808347,8,7
var_collapse,0.6915154238682261,0.07241552882943106,1,8
