feature,lr_mean_abs_coef,rf_gini_importance,lr_rank,rf_rank
var_collapse,0.8683528571013891,0.15698848942207852,1,1
equiangular_uc,0.38270122756391817,0.1461727146605192,6,2
self_duality,0.4795343341359983,0.14616367459964147,4,3
equiangular_wc,0.5132918483646031,0.14431549531772833,3,4
max_equiangular_uc,0.458672288161225,0.1214353354831123,5,5
max_equiangular_wc,0.520044706774777,0.11209459762398259,2,6
equinorm_uc,0.31899619222244535,0.0972708576921215,8,7
equinorm_wc,0.34954561220037234,0.07555883520081613,7,8
