feature,lr_mean_abs_coef,rf_gini_importance,lr_rank,rf_rank
max_equiangular_uc,0.4068720291115308,0.16726911657917984,6,1
self_duality,0.6444884535000771,0.16119403393110562,2,2
equiangular_uc,0.4479890591308557,0.14719365018095407,4,3
equiangular_wc,0.42720163421266266,0.14665296063386893,5,4
max_equiangular_wc,0.4960019134357663,0.145800093439002,3,5
var_collapse,0.7585996433719148,0.10303528224824798,1,6
equinorm_uc,0.31131035502626153,0.07246500925153558,8,7
equinorm_wc,0.4067575809069048,0.0563898537361059,7,8
