feature,lr_mean_abs_coef,rf_gini_importance,lr_rank,rf_rank
self_duality,0.18480533290482906,0.15202794093195252,4,1
equiangular_wc,0.11491194053805576,0.14621575798180558,8,2
var_collapse,0.7589704307036932,0.14203200900781518,1,3
max_equiangular_wc,0.19927696234732126,0.1419186106054003,3,4
equinorm_uc,0.4442203377207265,0.13915376785062145,2,5
equinorm_wc,0.15045801224787017,0.13302908574015485,7,6
max_equiangular_uc,0.1659649617740472,0.0758714785282127,6,7
equiangular_uc,0.18094842290584268,0.06975134935403748,5,8
