,var_collapse,equiangular_uc,equiangular_wc,equinorm_uc,equinorm_wc,max_equiangular_uc,max_equiangular_wc,self_duality
CTM,-2.488560531546049,-0.0851226565794501,-1.274620751982564,0.09294784643420041,-1.0128259252853136,-0.3260540574532882,-1.5783421839298444,0.22711993284023552
Confidence,0.10025945495420757,0.29196604316925706,-0.08725718876158385,-0.35816858926748857,-1.6854153645891263,0.3778428011828257,0.04451106009469688,-1.2985661164084552
Energy,1.8191547257466458,-0.6295730578217089,0.6930702906715972,-0.3639958551859307,0.2254875647870699,-0.46727895480658294,0.9014967043344919,-0.570354255514661
GradNorm,-0.21865985400441573,0.2937982761047688,0.6380690324120649,0.541414624915705,0.420864937713925,0.32939538266196633,0.6917663078253045,0.623208785304531
fDBD,-0.3329201091107405,-0.33892259336813524,-0.5055316550763789,-0.20206016519228553,1.495681207781814,-0.3889621246023564,-0.501491854174039,0.4246603007505783
pNML,1.12072631396035,0.4678539884952663,0.536270272736864,0.28986213829579976,0.5562075795916319,0.4750569530174335,0.4420599658493898,0.5939313530277691
