feature,lr_mean_abs_coef,rf_gini_importance,lr_rank,rf_rank
var_collapse,0.7078061128463963,0.2062931298630733,1,1
self_duality,0.6425067171174346,0.146802208328651,2,2
max_equiangular_uc,0.2899277985961405,0.12589255323255502,6,3
equiangular_uc,0.2199637753894173,0.12302228584736279,8,4
equiangular_wc,0.47926734720598835,0.12300881778731614,4,5
max_equiangular_wc,0.5410822124147152,0.11605121895392202,3,6
equinorm_uc,0.2628514716484429,0.08427544732541913,7,7
equinorm_wc,0.3882756826554742,0.07465433866170061,5,8
