feature,lr_mean_abs_coef,rf_gini_importance,lr_rank,rf_rank
max_equiangular_uc,0.560097737985217,0.1899542216938346,3,1
equiangular_uc,0.5828607559426253,0.18553202604463098,2,2
max_equiangular_wc,0.5011873750137605,0.14740294598865972,4,3
equinorm_uc,0.32484019538617176,0.14290547741106713,8,4
equiangular_wc,0.41995080880999935,0.09636342264217587,5,5
self_duality,0.35040125081968954,0.08992123311190918,7,6
equinorm_wc,0.6194467953461744,0.07548991123081202,1,7
var_collapse,0.38069759890271454,0.07243076187691048,6,8
