,var_collapse,equiangular_uc,equiangular_wc,equinorm_uc,equinorm_wc,max_equiangular_uc,max_equiangular_wc,self_duality
CTM,0.17232591298163547,1.0782413002210356,-1.5977667477499418,1.8967124480323558,-1.8296513167832587,0.809557159048121,-2.1552704866015393,-0.2965829349722099
CTMmean,-1.5037873488187783,-0.06042426369351674,0.24093694709516156,0.5928520029422609,2.0137464583952447,-0.07357240795746965,0.3353803373230092,1.721160757009486
CTMmeanOC,-1.5037873488187783,-0.06042426369351674,0.24093694709516156,0.5928520029422609,2.0137464583952447,-0.07357240795746965,0.3353803373230092,1.721160757009486
Energy,2.8887475068918205,-1.03775007012624,0.536274950153677,-1.870521260839884,-1.1019443197997472,-0.7386793346848523,0.520330250891592,0.7801403014269068
NNGuide,-1.5037873488187783,-0.06042426369351674,0.24093694709516156,0.5928520029422609,2.0137464583952447,-0.07357240795746965,0.3353803373230092,1.721160757009486
fDBD,-1.5037873488187783,-0.06042426369351674,0.24093694709516156,0.5928520029422609,2.0137464583952447,-0.07357240795746965,0.3353803373230092,1.721160757009486
