feature,lr_mean_abs_coef,rf_gini_importance,lr_rank,rf_rank
equiangular_uc,0.45588890474424926,0.19639446276940625,5,1
var_collapse,0.6620162943348294,0.1690369643149527,2,2
self_duality,0.41001335725090376,0.15512145856689954,8,3
equinorm_wc,0.9875237673026922,0.11150978531087902,1,4
equinorm_uc,0.5377116999422334,0.10632903113279057,3,5
equiangular_wc,0.4496237604851419,0.10595585930088153,7,6
max_equiangular_uc,0.5135485022771331,0.08905779879669447,4,7
max_equiangular_wc,0.45465381682961675,0.066594639807496,6,8
