feature,lr_mean_abs_coef,rf_gini_importance,lr_rank,rf_rank
self_duality,0.8635181745516108,0.267798902622375,3,1
equinorm_wc,1.5153277760908237,0.1818028984059389,1,2
equinorm_uc,0.7293774859665914,0.17042390295963733,5,3
var_collapse,0.9337269196253565,0.1387402817448222,2,4
equiangular_uc,0.6089755181665423,0.0962403851868252,7,5
max_equiangular_uc,0.3951533153746158,0.09471773760209837,8,6
max_equiangular_wc,0.7572476138609022,0.026328097401203312,4,7
equiangular_wc,0.6554920907658774,0.023947794077099734,6,8
