feature,lr_mean_abs_coef,rf_gini_importance,lr_rank,rf_rank
equiangular_wc,0.45648654268928873,0.17602129949689743,3,1
max_equiangular_uc,0.37502149401039864,0.1699104871851259,5,2
equiangular_uc,0.28720703669596015,0.14036422424000283,6,3
max_equiangular_wc,0.4952219185091757,0.12486793334512265,2,4
var_collapse,0.6625370057822002,0.12206914217294812,1,5
self_duality,0.4371940875409986,0.10071135541980407,4,6
equinorm_uc,0.16958087501966487,0.0991664303267624,8,7
equinorm_wc,0.19571573376125456,0.0668891278133366,7,8
