,var_collapse,equiangular_uc,equiangular_wc,equinorm_uc,equinorm_wc,max_equiangular_uc,max_equiangular_wc,self_duality
CTM,-1.2246435084564375,-0.17105666454311746,-0.06500914630837497,0.08315051871261663,-0.2496269205318942,-0.19172571568375618,-0.06147914546516529,-0.3633148792709107
CTMmean,-0.765405794627909,-0.18574788346241541,-0.24312967476536648,-0.03951181165081864,0.5362175230261239,-0.21991071955288724,-0.2256624769985033,0.13985433679515033
CTMmeanOC,-0.12534120855438546,-0.1394481628025483,-0.2624653952996175,-0.04897695007468448,0.8164840293455451,-0.15982856141728127,-0.242599023831914,0.3584657576063293
Energy,1.3820877601692347,0.11388849868372432,0.262882363169845,0.02671126880389939,-0.2298820211220406,0.15468364771896023,0.18404666369453052,0.8006071226564083
GradNorm,-0.5209556890459963,0.3969201439203429,0.7229601919364637,0.5878858742301585,-0.09286544560397343,0.4467764621435421,0.7396012551043096,0.6107218986274329
Maha,0.5432110915595606,-0.8719576445145667,-0.4628229895004033,-0.8536417952151641,-0.5228547394191244,-0.7755136902432369,-0.47938113771046736,-0.33984415654162387
NNGuide,0.723730004379095,0.48364832797528645,0.08453171305321223,-0.765000952122586,-0.2615568328235527,0.3812630443866442,0.128720558764335,-0.33085253333651576
ViM,-0.012682655423160239,0.3737533847432947,-0.03694706228575774,1.00938384731658,0.00408440712891666,0.36425553264801536,-0.0432466935571246,-0.8756375465362695
