feature,lr_mean_abs_coef,rf_gini_importance,lr_rank,rf_rank
self_duality,1.9467344492744378,0.335275896797092,1,1
equinorm_wc,1.2947846538711338,0.15607142628303802,3,2
max_equiangular_uc,0.6125731092815613,0.10496503707037352,8,3
var_collapse,1.468397614916236,0.10381027459170598,2,4
equinorm_uc,1.0968218965179115,0.08602686572877058,4,5
equiangular_uc,0.7980654406137647,0.0830783959476226,6,6
equiangular_wc,0.6945536108278045,0.07367905279193701,7,7
max_equiangular_wc,0.8527431950944159,0.05709305078946017,5,8
