,var_collapse,equiangular_uc,equiangular_wc,equinorm_uc,equinorm_wc,max_equiangular_uc,max_equiangular_wc,self_duality
CTM,-0.8897461629448078,-1.0661328381199056,0.31278070495044946,-0.2535467929567456,0.681397037669379,-1.0424299201057143,0.33948093908468263,-0.418177403722849
CTMmeanOC,-1.9655212922140919,-0.23414897063230652,0.7108911735026867,0.30484267775440815,-0.0008172319959342065,-0.161087510657215,0.6872670931085888,0.3087707539530408
Maha,-0.6007284261784851,1.400046089827496,-0.5138259593473251,0.3197876447865762,-1.1314236385240548,1.0932653300293609,-0.5948618203293906,-0.9047918719902933
NNGuide,1.3983693577416507,-0.2864199292181108,0.5366282770805798,-0.36521695852358266,0.5872619951824194,0.1914511047758878,0.8911163366826937,-1.100884212517432
fDBD,0.5486690732013579,-0.4093342889725339,-0.9800471773373076,-0.35916716528182485,0.4857811503484631,-0.4418565409459051,-0.975031074275079,0.4645824410016617
pNML,1.508957450394376,0.5959899371153593,-0.06642701884908402,0.35330059422116783,-0.6221993126802734,0.360657536903585,-0.34797147427149844,1.6505002932758723
