,var_collapse,equiangular_uc,equiangular_wc,equinorm_uc,equinorm_wc,max_equiangular_uc,max_equiangular_wc,self_duality
GradNorm,-0.8325874961205599,0.17679647563290923,0.12896772691198916,-0.8164827446881935,0.390194901345792,0.213415180570135,0.3289999501610282,-0.25970851286404123
KPCA RecError global,0.8325874961205599,-0.17679647563290923,-0.12896772691198916,0.8164827446881935,-0.390194901345792,-0.213415180570135,-0.3289999501610282,0.25970851286404123
