feature,lr_mean_abs_coef,rf_gini_importance,lr_rank,rf_rank
equinorm_wc,1.2751941228658519,0.24980954103519246,1,1
equiangular_wc,0.5170339711901628,0.14458999472422207,7,2
var_collapse,1.258652658772744,0.12608820334891183,2,3
max_equiangular_wc,0.7192994321779486,0.11376812222284903,3,4
self_duality,0.6949101284142017,0.10830643437066778,4,5
max_equiangular_uc,0.44920034742639764,0.09366486902578681,8,6
equiangular_uc,0.575247505788561,0.08338524454572775,6,7
equinorm_uc,0.614871335480912,0.08038759072664221,5,8
