method,var_collapse,equiangular_uc,equiangular_wc,equinorm_uc,equinorm_wc,max_equiangular_uc,max_equiangular_wc,self_duality
CTM,-0.0026097829866212224,0.0007642496392496368,-0.0002857142857142947,0.0,0.00048439754689754805,-0.0011904761904761932,-3.997564935065562e-05,0.0016273019260151615
CTMmean,-0.0026097829866212224,0.0007642496392496368,-0.0002857142857142947,0.0,0.00048439754689754805,-0.0011904761904761932,-3.997564935065562e-05,0.0016273019260151615
CTMmeanOC,-0.015191552674621573,-0.019119451875556536,-0.02817413576450902,-0.06397718262693837,-0.06707203592009128,-0.023996932391422632,-0.018526346378729148,-0.014942362368131517
Energy,-0.07114220224273923,-0.022127995168080575,-0.028688019342459542,-0.0200833614722541,-0.01538671427005984,-0.02972134756089518,-0.04601529538585857,-0.020085064557652983
KPCA RecError global,-0.015191552674621573,-0.019119451875556536,-0.02817413576450902,-0.06397718262693837,-0.06707203592009128,-0.023996932391422632,-0.018526346378729148,-0.014942362368131517
MLS,-0.07114220224273923,-0.022127995168080575,-0.028688019342459542,-0.0200833614722541,-0.01538671427005984,-0.02972134756089518,-0.04601529538585857,-0.020085064557652983
NNGuide,-0.07114220224273923,-0.022127995168080575,-0.028688019342459542,-0.0200833614722541,-0.01538671427005984,-0.02972134756089518,-0.04601529538585857,-0.020085064557652983
NeCo,-0.07114220224273923,-0.022127995168080575,-0.028688019342459542,-0.0200833614722541,-0.01538671427005984,-0.02972134756089518,-0.04601529538585857,-0.020085064557652983
fDBD,0.005406616028036404,0.002099930972835495,-0.001606811994911987,-0.002474919985363717,-0.003130152261605902,-0.0013431522988581446,0.004145410516765044,-0.0020969209768972375
