feature,rf_gini_importance,rf_rank
self_duality,0.3541842318130227,1
equinorm_wc,0.2110508855983598,2
var_collapse,0.1772708089557979,3
equiangular_uc,0.08440126569512799,4
max_equiangular_uc,0.06693335757980716,5
equiangular_wc,0.03603624120315268,6
max_equiangular_wc,0.031309854707184545,7
equinorm_uc,0.029715922990134085,8
dropout,0.00909743145741316,9
