feature,lr_mean_abs_coef,rf_gini_importance,lr_rank,rf_rank
self_duality,0.2036242805146937,0.16375217763215097,4,1
var_collapse,0.35853437881655387,0.15172057822918716,1,2
equiangular_uc,0.12097075026141994,0.12916490638487718,7,3
max_equiangular_uc,0.10641783277089223,0.12424365067408559,8,4
equiangular_wc,0.20889490971726657,0.12075822609123602,3,5
equinorm_uc,0.21350718900524615,0.1135329053563742,2,6
equinorm_wc,0.18402382492088334,0.11249258500451594,5,7
max_equiangular_wc,0.18083593504164297,0.08433497062757293,6,8
