feature,lr_mean_abs_coef,rf_gini_importance,lr_rank,rf_rank
max_equiangular_uc,0.39194706945345237,0.180697717678673,7,1
equiangular_wc,0.5910640021256298,0.174228767675071,4,2
equiangular_uc,0.3812955820710948,0.1617095227935206,8,3
equinorm_uc,0.4630018855892638,0.1503621965726812,6,4
max_equiangular_wc,0.6406572426597246,0.09835791337012939,3,5
self_duality,0.6975950975549373,0.09474005492700675,1,6
equinorm_wc,0.5260152121378825,0.09385201485219875,5,7
var_collapse,0.6516973446413912,0.046051812130719315,2,8
