feature,lr_mean_abs_coef,rf_gini_importance,lr_rank,rf_rank
equiangular_wc,0.5259727423421139,0.15854197958241867,5,1
self_duality,0.5582807122501151,0.1443181682631705,4,2
max_equiangular_uc,0.30104203849663635,0.12914563680525432,8,3
equinorm_wc,0.7217774495207843,0.12792912918781096,2,4
equinorm_uc,0.37195166112878914,0.12783723976608813,6,5
max_equiangular_wc,0.6895439463512879,0.1183187888514505,3,6
equiangular_uc,0.3333115089747268,0.10676600129519288,7,7
var_collapse,0.777949446687199,0.08714305624861415,1,8
