,var_collapse,equiangular_uc,equiangular_wc,equinorm_uc,equinorm_wc,max_equiangular_uc,max_equiangular_wc,self_duality
CTM,-0.4523225096848259,1.3064013215427246,-1.082901528568453,0.12923153749191996,-1.6430423933057292,0.8202263279635527,-1.4125007826705471,0.024762738228184138
Energy,0.45232250968482596,-1.3064013215427246,1.082901528568453,-0.12923153749192015,1.643042393305729,-0.8202263279635524,1.412500782670547,-0.024762738228183444
MLS,-0.8025678869600114,0.16997983023057409,0.056809102243257,0.7343125484470022,1.604512035478636,0.10000750182125058,0.06629611276035999,1.0532355524384631
NNGuide,1.1091482612837393,-0.8476741941633235,1.056006586328775,-0.5820736182284741,-0.0032853532562591996,-0.39192694596038713,1.3385966467324457,-1.4539207166462678
NeCo,0.45232250968482596,-1.3064013215427246,1.082901528568453,-0.12923153749192015,1.643042393305729,-0.8202263279635524,1.412500782670547,-0.024762738228183444
fDBD,-0.8025678869600114,0.16997983023057409,0.056809102243257,0.7343125484470022,1.604512035478636,0.10000750182125058,0.06629611276035999,1.0532355524384631
