,var_collapse,equiangular_uc,equiangular_wc,equinorm_uc,equinorm_wc,max_equiangular_uc,max_equiangular_wc,self_duality
CTM,-0.6233145125583637,-0.2642176258348286,-0.3448124834937954,-0.14226041367588652,0.02180981234081565,-0.34093138528516725,-0.3515634011610519,-0.31390713124098724
NNGuide,0.5627804635598948,0.09157490442089766,0.6390956202488318,-0.10584466644889712,-0.29485482633322685,0.3075131779869166,0.7538824047227429,-0.5326655412630107
fDBD,0.060534048998468835,0.17264272141393072,-0.2942831367550364,0.24810508012478333,0.2730450139924111,0.03341820729825046,-0.40231900356169104,0.8465726725039977
