feature,lr_mean_abs_coef,rf_gini_importance,lr_rank,rf_rank
max_equiangular_wc,0.9038404421749964,0.14036990252632317,4,1
equiangular_wc,0.7211313271870841,0.14031854462776347,7,2
self_duality,0.796282268663162,0.13510232099354172,5,3
max_equiangular_uc,0.7262293151955738,0.13408307360083666,6,4
equiangular_uc,0.7080716303348485,0.13401850903797854,8,5
var_collapse,1.3226895013292566,0.11534486633225961,1,6
equinorm_uc,1.1364755875256392,0.10202030495158802,2,7
equinorm_wc,0.9146191702610396,0.09874247792970868,3,8
