feature,lr_mean_abs_coef,rf_gini_importance,lr_rank,rf_rank
self_duality,0.8354219249770932,0.17788126421821845,1,1
equiangular_uc,0.44200898169055086,0.1607701097520035,6,2
var_collapse,0.41865558647616763,0.14195215122312504,7,3
max_equiangular_uc,0.19714843166460994,0.11874664246566602,8,4
max_equiangular_wc,0.6619166048099043,0.1130194790142396,2,5
equinorm_uc,0.6210956350467405,0.10573890514329119,3,6
equinorm_wc,0.4502514095934037,0.09140955048429081,5,7
equiangular_wc,0.5792324658401019,0.09048189769916529,4,8
