method,var_collapse,equiangular_uc,equiangular_wc,equinorm_uc,equinorm_wc,max_equiangular_uc,max_equiangular_wc,self_duality,dropout
CTMmeanOC,-0.03893799021929923,-0.036489307076666574,-0.015833298461743705,-0.045320667413630916,-0.006650820148387131,-0.024209902822601066,-0.045668310085543576,-0.03335521296183132,-3.449081029647445e-05
KPCA RecError global,0.0807270276869654,0.004077479770102486,0.0031292461314028825,0.10405555618592252,0.0016189114046351346,0.005143473397033771,0.02204251868431293,0.026205786739624946,6.505213034913027e-19
Residual,-0.08072702768696535,-0.004077479770102489,-0.0031292461314028847,-0.10405555618592255,-0.0016189114046351364,-0.005143473397033769,-0.02204251868431295,-0.02620578673962498,-2.168404344971009e-20
ViM,-0.08072702768696535,-0.004077479770102489,-0.0031292461314028847,-0.10405555618592255,-0.0016189114046351364,-0.005143473397033769,-0.02204251868431295,-0.02620578673962498,-2.168404344971009e-20
pNML,-0.08072702768696535,-0.004077479770102489,-0.0031292461314028847,-0.10405555618592255,-0.0016189114046351364,-0.005143473397033769,-0.02204251868431295,-0.02620578673962498,-2.168404344971009e-20
