feature,lr_mean_abs_coef,rf_gini_importance,lr_rank,rf_rank
equiangular_wc,0.5680133587151986,0.19910018459292733,3,1
self_duality,0.5746059579819246,0.17577225977112185,2,2
equinorm_wc,0.6095988817592527,0.1627292268574618,1,3
max_equiangular_wc,0.5473795652774329,0.14963797217668443,4,4
equinorm_uc,0.4302908813532575,0.14526817105237325,6,5
equiangular_uc,0.4478284932783206,0.09336385527658744,5,6
max_equiangular_uc,0.4219673625087597,0.048626592275395925,7,7
var_collapse,0.3662630958366087,0.02550173799744805,8,8
