lodo_lr_accuracy,lodo_lr_jaccard,lodo_lr_f1,lodo_lr_precision,lodo_lr_recall,lodo_lr_top3_hit,lodo_lr_clique_hit,lodo_rf_accuracy,lodo_rf_jaccard,lodo_rf_f1,lodo_rf_precision,lodo_rf_recall,lodo_rf_top3_hit,lodo_rf_clique_hit,lodo_cc_accuracy,lodo_cc_jaccard,lodo_cc_f1,lodo_cc_precision,lodo_cc_recall,lodo_cc_top3_hit,lodo_cc_clique_hit,lodo_accuracy,lodo_jaccard,lodo_f1,lodo_top3_hit,lodo_clique_hit,lodo_n_samples,lodo_baseline_accuracy,lodo_best_model,kfold_lr_accuracy,kfold_lr_jaccard,kfold_lr_f1,kfold_lr_precision,kfold_lr_recall,kfold_lr_top3_hit,kfold_lr_clique_hit,kfold_rf_accuracy,kfold_rf_jaccard,kfold_rf_f1,kfold_rf_precision,kfold_rf_recall,kfold_rf_top3_hit,kfold_rf_clique_hit,kfold_cc_accuracy,kfold_cc_jaccard,kfold_cc_f1,kfold_cc_precision,kfold_cc_recall,kfold_cc_top3_hit,kfold_cc_clique_hit,kfold_n_folds,kfold_baseline_accuracy,dt_depth,dt_cv_accuracy,dt_cv_jaccard,dt_cv_f1,dt_cv_top3_hit,dt_cv_clique_hit,label,n_samples,n_classes,n_features,classes,target_mode
0.29411764705882354,0.47058823529411764,0.5294117647058822,0.47058823529411764,0.6470588235294118,0.7058823529411765,0.6470588235294118,0.5294117647058824,0.6176470588235294,0.6470588235294118,0.6176470588235294,0.7058823529411765,0.7058823529411765,0.7058823529411765,0.5,0.6428571428571429,0.6904761904761905,0.6428571428571429,0.7857142857142857,0.8571428571428571,0.7857142857142857,0.5294117647058824,0.6176470588235294,0.6470588235294118,0.7058823529411765,0.7058823529411765,17,0.5882352941176471,RF,0.7647058823529411,0.7647058823529411,0.7647058823529411,0.7647058823529411,0.7647058823529411,0.8235294117647058,0.7647058823529411,0.8823529411764706,0.8823529411764706,0.8823529411764706,0.8823529411764706,0.8823529411764706,0.9411764705882353,0.8823529411764706,0.8823529411764706,0.8823529411764706,0.8823529411764706,0.8823529411764706,0.8823529411764706,0.9411764705882353,0.8823529411764706,3,0.5882352941176471,2,0.8235294117647058,0.8529411764705882,0.8627450980392156,0.9411764705882353,0.8823529411764706,group_all,17,3,8,"CTM,CTMmeanOC,ViM",clique
