,var_collapse,equiangular_uc,equiangular_wc,equinorm_uc,equinorm_wc,max_equiangular_uc,max_equiangular_wc,self_duality
CTM,0.21496197762250024,-0.8561509859611619,-0.30456018893583514,-0.7445412111721121,-0.6357960591827524,-0.7732047189995697,-0.30278330720914637,-0.4100894583745257
CTMmean,-1.3050721335764466,-0.23738262680906683,-0.08165600132674386,-0.15415993917330775,0.001302342626698008,-0.27086070600400053,-0.08954212256835041,-0.5888386667077982
Energy,0.3930724273055526,0.23660549627162947,0.8762687496005712,0.3010205017316512,0.2898189570192969,0.36397880428941287,0.9371083325349641,0.4341996744651148
Maha,-0.3616089843315972,0.7630716268952976,-0.30551095181766186,0.13401375135040924,-0.9239090658257431,0.5689454393104567,-0.3759082292834211,-0.4283146343573768
NNGuide,0.7478215534156482,0.011386843548450177,0.34313219124036987,0.00311394942858291,0.13067741197835328,0.17629157016997274,0.4848782347700033,-0.529226680825939
ViM,-0.06484944916651818,-0.10209411221059907,-0.2948265769556951,0.02920519470935171,0.7231776878318276,-0.1377538663545456,-0.29026495747730047,0.32611990167054083
fDBD,-0.03922342531675688,-0.10957917039787987,-0.33713222529779424,0.13425883224502952,0.800823668018756,-0.16497327708543652,-0.3353509050049859,0.3604249520566526
pNML,0.41489803404761766,0.29414292866333147,0.10428500349279005,0.2970889208803967,-0.38609494246643633,0.23757675467371125,-0.028137045761761854,0.8357249120733328
