feature,lr_mean_abs_coef,rf_gini_importance,lr_rank,rf_rank
var_collapse,0.5771960807583708,0.1797351004920379,1,1
max_equiangular_wc,0.43701685345561814,0.1477040612409944,3,2
max_equiangular_uc,0.33227954536852816,0.14597690631225957,6,3
equiangular_wc,0.4955971260109173,0.1421354245506834,2,4
equiangular_uc,0.3058907507720721,0.11762132779091157,7,5
equinorm_uc,0.3639990443737554,0.10326293885320519,4,6
self_duality,0.18280547933242794,0.10176237569476303,8,7
equinorm_wc,0.34201532422453784,0.06180186506514506,5,8
