feature,lr_mean_abs_coef,rf_gini_importance,lr_rank,rf_rank
var_collapse,0.5672192712928176,0.1501889480295594,3,1
equiangular_uc,0.4026696068869993,0.14563387700581926,7,2
equiangular_wc,0.4073090093165282,0.13655316229659628,6,3
max_equiangular_uc,0.3821713818290664,0.13343831504986173,8,4
equinorm_wc,0.6296749800262263,0.1281940540851464,1,5
max_equiangular_wc,0.4991980875446899,0.12047304084961924,5,6
self_duality,0.5562190684320908,0.10278316802847465,4,7
equinorm_uc,0.5831356689564812,0.08273543465492304,2,8
