,var_collapse,equiangular_uc,equiangular_wc,equinorm_uc,equinorm_wc,max_equiangular_uc,max_equiangular_wc,self_duality
CTM,-0.5715642403664644,0.10418203447881137,-0.5769981764678498,0.18979096441005353,0.03147785099072159,-0.05611518394864435,-0.5802076826325085,-0.15574643961136858
Energy,0.5734293855454752,0.1471092217270161,0.509194125504566,-0.27681735601653384,-0.4527162301761632,0.25887275167524293,0.3687025304744944,-0.011504099885519054
NNGuide,0.16186058434082576,-0.4181389174445379,0.2650949356828912,-0.3134610137566656,-0.1264612188597666,-0.31503636784566474,0.35965357515754426,-0.22467856013938445
fDBD,-0.1637257295198363,0.16684766123871048,-0.19729088471960698,0.4004874053631456,0.5476995980452077,0.11227880011906584,-0.14814842299953102,0.3919290996362722
