,var_collapse,equiangular_uc,equiangular_wc,equinorm_uc,equinorm_wc,max_equiangular_uc,max_equiangular_wc,self_duality
CTM,-0.2674321428131539,0.9814231160400364,-0.966231823167198,0.6138305550438833,-2.1024747468365095,0.746104847124746,-1.1579265472397622,-0.3302295257201722
CTMmean,-0.39551853819341415,0.398131637379662,-0.27296085160306555,0.796286210949613,1.6499223163716905,0.20262781312142097,-0.23885724488772464,1.022742717796271
CTMmeanOC,-0.39551853819341415,0.398131637379662,-0.27296085160306555,0.796286210949613,1.6499223163716905,0.20262781312142097,-0.23885724488772464,1.022742717796271
Energy,2.2455514178843456,-0.343305765661398,0.292542120926712,-1.088034533835761,-1.059713563855011,0.011108143373149085,0.2542210413880289,0.21302573661238422
NNGuide,-0.39551853819341415,0.398131637379662,-0.27296085160306555,0.796286210949613,1.6499223163716905,0.20262781312142097,-0.23885724488772464,1.022742717796271
fDBD,-0.39551853819341415,0.398131637379662,-0.27296085160306555,0.796286210949613,1.6499223163716905,0.20262781312142097,-0.23885724488772464,1.022742717796271
