method,var_collapse,equiangular_uc,equiangular_wc,equinorm_uc,equinorm_wc,max_equiangular_uc,max_equiangular_wc,self_duality
CTM,-0.0026097829866212224,0.0007642496392496368,-0.0002857142857142947,-1.1102230246251566e-17,0.0004843975468975482,-0.0011904761904761932,-3.9975649350670886e-05,0.0016273019260151622
CTMmean,-0.04125000000000002,-0.03750000000000001,-0.04826578282828285,-0.001019874222999222,-0.0023593750000000012,-0.04739583333333337,-0.02925000000000001,-0.04045913461538466
CTMmeanOC,-0.04125000000000002,-0.03750000000000001,-0.04826578282828285,-0.001019874222999222,-0.0023593750000000012,-0.04739583333333337,-0.02925000000000001,-0.04045913461538466
Energy,0.0026097829866212176,-0.0007642496392496368,0.0002857142857142933,4.163336342344337e-18,-0.0004843975468975457,0.0011904761904761954,3.997564935065284e-05,-0.0016273019260151622
KPCA RecError global,-0.015191552674621573,-0.019119451875556547,-0.02817413576450902,-0.06397718262693837,-0.06707203592009128,-0.023996932391422632,-0.01852634637872914,-0.014942362368131516
NeCo,-0.0030886561355311353,-0.0410544467787115,-0.04500000000000002,-0.03371600877192983,-0.040000000000000015,-0.04375000000000001,-0.0008908883138275545,-0.04125000000000001
