feature,lr_mean_abs_coef,rf_gini_importance,lr_rank,rf_rank
equiangular_wc,0.434887348292905,0.19512841152603935,3,1
self_duality,0.31904213674624177,0.17345526012698134,5,2
equinorm_uc,0.3285635423425792,0.14900765771496902,4,3
max_equiangular_wc,0.44689414011574913,0.14750631767868447,2,4
equinorm_wc,0.5166277518947845,0.13214401858400251,1,5
var_collapse,0.1673098211591558,0.08049954287249464,6,6
max_equiangular_uc,0.12965555152519467,0.062343663376506764,8,7
equiangular_uc,0.15106906118732394,0.059915128120321806,7,8
