feature,lr_mean_abs_coef,rf_gini_importance,lr_rank,rf_rank
equiangular_wc,0.6673176547153153,0.2264288804060497,1,1
max_equiangular_uc,0.5732383051235668,0.21916553273848557,3,2
var_collapse,0.5326016670709582,0.17382145088306314,4,3
max_equiangular_wc,0.6318776919765487,0.13982630987417283,2,4
self_duality,0.38433442893211794,0.0751050940487777,8,5
equinorm_uc,0.5063396709987898,0.06583716604533872,7,6
equinorm_wc,0.5268045993596323,0.056802673838040246,6,7
equiangular_uc,0.5285203788084438,0.04301289216607227,5,8
