method,var_collapse,equiangular_uc,equiangular_wc,equinorm_uc,equinorm_wc,max_equiangular_uc,max_equiangular_wc,self_duality
GE,-0.041080357142857175,-0.003501335617749123,-0.021834538236262795,-0.04485936125251386,-0.04715722909515639,-0.005017538265122691,-0.03387966409389844,-0.05166997629643962
GradNorm,-0.041080357142857175,-0.003501335617749123,-0.021834538236262795,-0.04485936125251386,-0.04715722909515639,-0.005017538265122691,-0.03387966409389844,-0.05166997629643962
Residual,0.04108035714285717,0.003501335617749124,0.02183453823626279,0.04485936125251386,0.047157229095156385,0.0050175382651226905,0.03387966409389844,0.051669976296439615
ViM,-0.00022916666666666918,0.001095643939393942,-0.0004895060165040918,-0.0002940340909090844,0.0009960376018472495,0.000997326203208565,-0.0015902963458110531,-0.0004860046245588459
pNML,0.005139167009574386,-0.003716940137596711,-0.002574338509470883,0.0013928971953007787,-0.003912836855033719,-0.005490130645420509,0.001302610059022817,-0.001140428116376211
