feature,lr_mean_abs_coef,rf_gini_importance,lr_rank,rf_rank
self_duality,0.3516479757942642,0.16762378350563956,7,1
var_collapse,0.5590189351593989,0.1447790010082253,3,2
equiangular_wc,0.4019997967033033,0.13185034093704645,5,3
max_equiangular_wc,0.4797730660937033,0.12424928737341023,4,4
equinorm_uc,0.6355577635777235,0.1240550538423366,1,5
equinorm_wc,0.5629100198054214,0.11493038694034018,2,6
max_equiangular_uc,0.35510641879611693,0.10673021448524249,6,7
equiangular_uc,0.32395854320213957,0.08578193190775929,8,8
