feature,rf_gini_importance,rf_rank
self_duality,0.18737371755839938,1
var_collapse,0.1570774783189709,2
equiangular_uc,0.1478061602295896,3
equiangular_wc,0.13892568658910345,4
max_equiangular_wc,0.11312911967064851,5
max_equiangular_uc,0.09327346735258141,6
equinorm_uc,0.08646321855475728,7
equinorm_wc,0.07268784145163117,8
dropout,0.003263310274318321,9
