method,var_collapse,equiangular_uc,equiangular_wc,equinorm_uc,equinorm_wc,max_equiangular_uc,max_equiangular_wc,self_duality
CTM,0.001429793750219208,0.003550378543009393,-0.005797171920782829,-0.0017026154840937694,-0.002257257991415113,0.006368892084523811,-0.006721342611201774,0.0053793236297410545
CTMmean,-0.013977710085992886,-0.027296459339431697,-0.021599326810300728,-0.01908779037866836,-0.06353343318095861,-0.0246284129642799,-0.014577668526900569,-0.06371586538013391
CTMmeanOC,-0.013977710085992886,-0.027296459339431697,-0.021599326810300728,-0.01908779037866836,-0.06353343318095861,-0.0246284129642799,-0.014577668526900569,-0.06371586538013391
Energy,-0.009203489835017365,0.0072243154448384745,-0.005206942768636383,0.0035655178679187428,0.003493042542028761,0.003707607977763024,-0.006295105007680268,0.000381720445451536
NNGuide,-0.013977710085992886,-0.027296459339431697,-0.021599326810300728,-0.01908779037866836,-0.06353343318095861,-0.0246284129642799,-0.014577668526900569,-0.06371586538013391
fDBD,-0.013977710085992886,-0.027296459339431697,-0.021599326810300728,-0.01908779037866836,-0.06353343318095861,-0.0246284129642799,-0.014577668526900569,-0.06371586538013391
