feature,rf_gini_importance,rf_rank
equinorm_uc,0.3166580048880533,1
var_collapse,0.29544835693701466,2
self_duality,0.17196574273092752,3
max_equiangular_wc,0.14761292972732123,4
equiangular_wc,0.033416420881868324,5
equinorm_wc,0.01456568367684383,6
max_equiangular_uc,0.013629171720412791,7
equiangular_uc,0.0065484619074176655,8
dropout,0.00015522753014078074,9
