feature,lr_mean_abs_coef,rf_gini_importance,lr_rank,rf_rank
equinorm_uc,0.4291351087462581,0.14736034839205275,5,1
var_collapse,0.929232889656335,0.14464738040072134,1,2
max_equiangular_wc,0.5925188134120131,0.1327241657194204,2,3
self_duality,0.4013862313742749,0.1254328543639454,6,4
equinorm_wc,0.4566328892835462,0.12052882631343027,4,5
equiangular_uc,0.2619154016075134,0.11501104319708338,8,6
max_equiangular_uc,0.2639573809930968,0.11269392501940624,7,7
equiangular_wc,0.5076822932332883,0.10160145659394024,3,8
