feature,lr_mean_abs_coef,rf_gini_importance,lr_rank,rf_rank
equiangular_uc,0.44711710958952977,0.14587157903434833,8,1
equiangular_wc,0.5349860371556148,0.1430395528836252,6,2
self_duality,0.6372294834349392,0.13782292662237725,2,3
max_equiangular_uc,0.4909535957490114,0.13622909919153173,7,4
max_equiangular_wc,0.6020452613848798,0.1251657260596831,3,5
var_collapse,0.8565489078718116,0.11985954730232884,1,6
equinorm_wc,0.5409763833664752,0.10771545921266332,5,7
equinorm_uc,0.5759174432419757,0.08429610969344228,4,8
