,var_collapse,equiangular_uc,equiangular_wc,equinorm_uc,equinorm_wc,max_equiangular_uc,max_equiangular_wc,self_duality
CTM,-0.69089215815092,-0.16313623472354455,-0.0881138290172431,-0.2621513964768511,-0.5009184664460962,-0.037041330362460365,-0.136518237359603,-0.6705157213398204
CTMmeanOC,-0.058566881865142674,0.4941090566568014,-0.33082622209023227,0.5353967590606277,0.832028112541537,0.40286984076424076,-0.016887700855247382,0.5549414162905841
ViM,0.7220804912286894,-0.07202635135777657,0.5331538676695463,-0.03804813234384465,-0.455862106309127,-0.07520635643016134,0.297729274330387,0.19939834398368203
