,var_collapse,cdnv_score,bias_collapse,equiangular_uc,equiangular_wc,equinorm_uc,equinorm_wc,max_equiangular_uc,max_equiangular_wc,self_duality,w_etf_diff,M_etf_diff,wM_etf_diff
CTM,-0.5257836823666626,0.2122269775825377,-0.24066984933276434,-0.25830949015047294,-0.2222250501621655,-0.03257165361970283,-0.3416320790548536,-0.29162648343653697,-0.2869264050919354,-0.44914744684194763,0.44445392004604634,0.31860207949153796,0.36305166980576453
CTMmeanOC,0.05526370974239589,0.18639736163913967,0.38812464106698613,0.20867912491411086,0.05026145614397256,0.08800471398322446,0.1992518033522558,0.20270447280312973,0.21054263410018592,0.15907002465836773,0.05366172625420197,0.09680846546882726,0.08390027566638895
Confidence,0.16860209481623137,-0.10691777630905935,-0.06520754341661221,-0.21758671094466212,-0.23541585219673075,-0.06875252383381295,0.2982604887017804,-0.2708226162915189,-0.3236739864187707,0.0049989949431702985,-0.354894469419676,-0.3017047458598823,-0.3263638425121472
Maha,0.4108261970410363,-0.2993625581968349,-0.18306193354454828,0.18638170818083696,0.6503239942692394,0.0003352699401905619,-0.40418922927226913,0.31057339689920893,0.4712942923878445,0.10259658364602714,-0.1782038960246115,-0.19729516312340806,-0.18685795114577447
NNGuide,-0.10890831923300082,0.007655995284216652,0.10081468522693869,0.08083536800018731,-0.24294454805431523,0.012984193530100626,0.24830901627308644,0.04917123002571721,-0.07123653497732399,0.1824818435943825,0.03498271914403893,0.0835893640229248,0.06626984818576778
