feature,lr_mean_abs_coef,rf_gini_importance,lr_rank,rf_rank
self_duality,0.45960638057972397,0.2332866002731273,3,1
var_collapse,0.897961056255516,0.2243263685631804,1,2
equinorm_wc,0.7164703519770292,0.12509994246300046,2,3
equinorm_uc,0.36750213017399297,0.12268306765429066,4,4
equiangular_uc,0.07415104270797572,0.08686935772632484,8,5
max_equiangular_uc,0.09496346734577756,0.0787322080420149,7,6
equiangular_wc,0.16524790605677564,0.0780689227292167,5,7
max_equiangular_wc,0.15042974290770603,0.050933532548844834,6,8
