,var_collapse,equiangular_uc,equiangular_wc,equinorm_uc,equinorm_wc,max_equiangular_uc,max_equiangular_wc,self_duality
CTM,-0.5813913311905385,-0.2686207498263448,-0.1420034363282464,-0.08177713108522183,-0.2977123546982519,-0.2093083971334178,-0.16985611451413188,-0.4748535797681206
NNGuide,0.6974322123319725,0.029379394467242883,0.24389967727882247,-0.30540731385462144,-0.0980484712405801,0.0009032408180751865,0.10749851715653386,0.1811330054804417
fDBD,-0.116040881141434,0.2392413553591018,-0.10189624095057623,0.38718444493984305,0.395760825938832,0.20840515631534245,0.062357597357597806,0.2937205742876787
