,var_collapse,equiangular_uc,equiangular_wc,equinorm_uc,equinorm_wc,max_equiangular_uc,max_equiangular_wc,self_duality
CTM,-0.3717201907253804,-0.5353962142970896,-0.7838592654933444,-0.4025465614865879,-0.2730351161461034,-0.6431890312363451,-0.824978618268555,-0.11409857765897566
CTMmean,-1.3423582847492903,-0.30716449510757327,-0.2985053082444167,-0.044869853639800596,0.30998781297818606,-0.4230718625146967,-0.2860514861115943,-0.7249878906071061
CTMmeanOC,-1.3423582847492903,-0.30716449510757327,-0.2985053082444167,-0.044869853639800596,0.30998781297818606,-0.4230718625146967,-0.2860514861115943,-0.7249878906071061
Energy,0.7696054172072953,0.4459404010141593,0.5254326878275917,0.29210542990588617,-0.01144556951308365,0.5192580869611928,0.5385471290917131,0.3790163074138139
KPCA RecError global,0.3877998407093134,-0.056720717195737236,-0.30420633063334546,0.030948544266994688,-0.01659756030289935,-0.11412912865314777,-0.40036452560335567,0.7749385042594426
MLS,0.2760538537800762,0.28739497685330223,0.2845061645395872,-0.054902077264202286,0.05362344928340729,0.42828896355046586,0.2880488995778768,-0.016182300212768022
NNGuide,0.7034117480088592,0.050706646919643515,0.4471187440002332,-0.11757714909830869,-0.4041917252056438,0.16678421120861486,0.5463552240301596,-0.19096876741414023
NeCo,0.37172019072538054,0.5353962142970898,0.7838592654933443,0.40254656148658785,0.2730351161461034,0.643189031236345,0.8249786182685551,0.11409857765897564
fDBD,0.3978052413849161,0.058979169471472616,-0.38238580972731934,0.1358618443888151,0.10953744129767817,-0.014211268218082756,-0.4616212795191775,0.8954679720366594
