feature,rf_gini_importance,rf_rank
equinorm_wc,0.382981167547891,1
self_duality,0.2049673412827352,2
var_collapse,0.09521976593934738,3
equiangular_uc,0.07651738386372663,4
equinorm_uc,0.07464887605545978,5
max_equiangular_uc,0.07144087755697608,6
equiangular_wc,0.05473068186943048,7
max_equiangular_wc,0.03444692171579309,8
dropout,0.005046984168640324,9
