feature,lr_mean_abs_coef,rf_gini_importance,lr_rank,rf_rank
equiangular_wc,0.4717277904410759,0.17427093800804655,1,1
max_equiangular_uc,0.33923316639080586,0.14178133537231444,6,2
equiangular_uc,0.3447805002440907,0.13555495326174052,5,3
max_equiangular_wc,0.46596551991300195,0.13272895786514144,2,4
var_collapse,0.4077424915825742,0.13095546702802194,4,5
self_duality,0.23562937177189502,0.10875688251204442,8,6
equinorm_uc,0.2494348553668488,0.09333724642927409,7,7
equinorm_wc,0.42923658207267046,0.08261421952341655,3,8
