method,var_collapse,equiangular_uc,equiangular_wc,equinorm_uc,equinorm_wc,max_equiangular_uc,max_equiangular_wc,self_duality
CTM,0.0007217248794852665,0.003666615407740883,0.006237693532193812,0.0032031313074897907,-0.005821169343659135,-0.0015439765038086928,0.0015595036486549334,-0.0055235229280968055
CTMmeanOC,-0.009448321261652721,-0.011300323464383037,-0.06413490230458944,-0.03063337770308087,-0.033360641015581186,-0.016546442625206485,-0.04519224715972,-0.04238374446578621
Energy,-0.005096662962733145,-0.0002587321042412329,0.0003536469168334405,-0.001185615173181513,0.01174577053344849,-0.003377941455574347,0.0012855853360120202,-0.0049660510905636356
GE,-0.10091493312043084,-0.013743704905519094,-0.016351099679886856,-0.023880239731936433,-0.0039749992600398585,-0.013652375987127634,-0.01646826772595754,-0.06426437958910172
Maha,-0.10091493312043084,-0.013743704905519094,-0.016351099679886856,-0.023880239731936433,-0.0039749992600398585,-0.013652375987127634,-0.01646826772595754,-0.06426437958910172
NNGuide,-0.009448321261652721,-0.011300323464383037,-0.06413490230458944,-0.03063337770308087,-0.033360641015581186,-0.016546442625206485,-0.04519224715972,-0.04238374446578621
NeCo,-0.10091493312043084,-0.013743704905519094,-0.016351099679886856,-0.023880239731936433,-0.0039749992600398585,-0.013652375987127634,-0.01646826772595754,-0.06426437958910172
fDBD,-0.009448321261652721,-0.011300323464383037,-0.06413490230458944,-0.03063337770308087,-0.033360641015581186,-0.016546442625206485,-0.04519224715972,-0.04238374446578621
