feature,lr_mean_abs_coef,rf_gini_importance,lr_rank,rf_rank
self_duality,0.31468059776511886,0.16344424963687892,7,1
var_collapse,0.8400113195274487,0.1445103359981298,1,2
equinorm_wc,0.39067156258449426,0.12562025352711428,5,3
equinorm_uc,0.5990070085678528,0.12222177403374652,3,4
equiangular_wc,0.4557567692786544,0.11901364327535825,4,5
max_equiangular_wc,0.6507073585260266,0.11535329295115364,2,6
max_equiangular_uc,0.33163578312539443,0.10742592652848519,6,7
equiangular_uc,0.3020313848207271,0.10241052404913342,8,8
