feature,lr_mean_abs_coef,rf_gini_importance,lr_rank,rf_rank
var_collapse,0.7812373184156333,0.2202416494385689,3,1
max_equiangular_wc,0.9256764068943042,0.1981860987607951,1,2
equiangular_wc,0.843430855389453,0.13581689800330135,2,3
max_equiangular_uc,0.33057581067022895,0.12936636658005915,7,4
equiangular_uc,0.2581288044123133,0.12438504817710795,8,5
equinorm_uc,0.362949852248277,0.1088755589876302,6,6
self_duality,0.6289336058400963,0.06161761048246126,4,7
equinorm_wc,0.47020378239375105,0.021510769570076107,5,8
