encoder,source,n_per_class,seed,family,variant,ood,trial_key,augrc_base,augrc_var,delta_augrc
clip_vitl14,cifar10,25,0,MLS,global,cifar100,mls,137.1328,137.704,-0.5712
clip_vitl14,cifar10,25,0,Energy,global,cifar100,energy,137.1383,137.7101,-0.5717
clip_vitl14,cifar10,25,0,MSR,global,cifar100,msr,139.6791,139.887,-0.2079
clip_vitl14,cifar10,25,0,GradNorm,global,cifar100,gradnorm,191.166,154.676,36.49
clip_vitl14,cifar10,25,0,Maha,global,cifar100,maha,163.442,148.9015,14.5405
clip_vitl14,cifar10,25,0,GradNorm,class pred,cifar100,gradnorm_cp,191.166,189.1716,1.9944
clip_vitl14,cifar10,25,0,Maha,class pred,cifar100,maha_cp,163.442,231.6461,-68.2041
clip_vitl14,cifar10,25,0,PCA RecError,class pred,cifar100,recerr_cp,179.3708,164.9118,14.459
clip_vitl14,cifar10,25,0,PCA RecError,class,cifar100,recerr_class,179.3708,167.7992,11.5716
clip_vitl14,cifar10,25,0,MLS,global,tinyimagenet,mls,143.9652,145.456,-1.4908
clip_vitl14,cifar10,25,0,Energy,global,tinyimagenet,energy,143.9683,145.4598,-1.4915
clip_vitl14,cifar10,25,0,MSR,global,tinyimagenet,msr,142.9085,143.6495,-0.741
clip_vitl14,cifar10,25,0,GradNorm,global,tinyimagenet,gradnorm,226.9928,138.6186,88.3742
clip_vitl14,cifar10,25,0,Maha,global,tinyimagenet,maha,131.8073,131.5944,0.2129
clip_vitl14,cifar10,25,0,GradNorm,class pred,tinyimagenet,gradnorm_cp,226.9928,162.8951,64.0977
clip_vitl14,cifar10,25,0,Maha,class pred,tinyimagenet,maha_cp,131.8073,170.7911,-38.9839
clip_vitl14,cifar10,25,0,PCA RecError,class pred,tinyimagenet,recerr_cp,133.9514,132.2457,1.7057
clip_vitl14,cifar10,25,0,PCA RecError,class,tinyimagenet,recerr_class,133.9514,132.5986,1.3528
clip_vitl14,cifar10,25,0,MLS,global,lsun resize,mls,130.387,130.8178,-0.4308
clip_vitl14,cifar10,25,0,Energy,global,lsun resize,energy,130.3874,130.82,-0.4327
clip_vitl14,cifar10,25,0,MSR,global,lsun resize,msr,134.7357,135.0246,-0.2889
clip_vitl14,cifar10,25,0,GradNorm,global,lsun resize,gradnorm,143.8686,139.3233,4.5453
clip_vitl14,cifar10,25,0,Maha,global,lsun resize,maha,137.3342,132.3944,4.9398
clip_vitl14,cifar10,25,0,GradNorm,class pred,lsun resize,gradnorm_cp,143.8686,244.9074,-101.0388
clip_vitl14,cifar10,25,0,Maha,class pred,lsun resize,maha_cp,137.3342,150.0965,-12.7623
clip_vitl14,cifar10,25,0,PCA RecError,class pred,lsun resize,recerr_cp,155.4613,143.8902,11.5711
clip_vitl14,cifar10,25,0,PCA RecError,class,lsun resize,recerr_class,155.4613,148.6675,6.7939
clip_vitl14,cifar10,25,0,MLS,global,isun,mls,117.0478,117.6119,-0.5641
clip_vitl14,cifar10,25,0,Energy,global,isun,energy,117.0488,117.6148,-0.566
clip_vitl14,cifar10,25,0,MSR,global,isun,msr,121.5921,121.9698,-0.3777
clip_vitl14,cifar10,25,0,GradNorm,global,isun,gradnorm,131.7576,128.9274,2.8302
clip_vitl14,cifar10,25,0,Maha,global,isun,maha,127.4637,119.4202,8.0435
clip_vitl14,cifar10,25,0,GradNorm,class pred,isun,gradnorm_cp,131.7576,236.8309,-105.0733
clip_vitl14,cifar10,25,0,Maha,class pred,isun,maha_cp,127.4637,135.4233,-7.9596
clip_vitl14,cifar10,25,0,PCA RecError,class pred,isun,recerr_cp,151.0357,136.7844,14.2514
clip_vitl14,cifar10,25,0,PCA RecError,class,isun,recerr_class,151.0357,141.6516,9.3841
clip_vitl14,cifar10,25,0,MLS,global,places365,mls,141.5137,144.3688,-2.8551
clip_vitl14,cifar10,25,0,Energy,global,places365,energy,141.5139,144.3717,-2.8578
clip_vitl14,cifar10,25,0,MSR,global,places365,msr,141.8178,142.5542,-0.7363
clip_vitl14,cifar10,25,0,GradNorm,global,places365,gradnorm,259.0936,131.5661,127.5275
clip_vitl14,cifar10,25,0,Maha,global,places365,maha,131.3356,129.4517,1.8839
clip_vitl14,cifar10,25,0,GradNorm,class pred,places365,gradnorm_cp,259.0936,148.6493,110.4443
clip_vitl14,cifar10,25,0,Maha,class pred,places365,maha_cp,131.3356,192.2351,-60.8995
clip_vitl14,cifar10,25,0,PCA RecError,class pred,places365,recerr_cp,132.5276,131.0254,1.5022
clip_vitl14,cifar10,25,0,PCA RecError,class,places365,recerr_class,132.5276,131.3237,1.2039
clip_vitl14,cifar10,25,0,MLS,global,lsun cropped,mls,130.0651,130.1924,-0.1273
clip_vitl14,cifar10,25,0,Energy,global,lsun cropped,energy,130.0689,130.1979,-0.129
clip_vitl14,cifar10,25,0,MSR,global,lsun cropped,msr,133.7701,133.7148,0.0554
clip_vitl14,cifar10,25,0,GradNorm,global,lsun cropped,gradnorm,142.1775,139.0678,3.1097
clip_vitl14,cifar10,25,0,Maha,global,lsun cropped,maha,152.291,135.4634,16.8275
clip_vitl14,cifar10,25,0,GradNorm,class pred,lsun cropped,gradnorm_cp,142.1775,182.3756,-40.1981
clip_vitl14,cifar10,25,0,Maha,class pred,lsun cropped,maha_cp,152.291,182.0422,-29.7512
clip_vitl14,cifar10,25,0,PCA RecError,class pred,lsun cropped,recerr_cp,187.7827,164.3027,23.48
clip_vitl14,cifar10,25,0,PCA RecError,class,lsun cropped,recerr_class,187.7827,167.3891,20.3936
clip_vitl14,cifar10,25,0,MLS,global,textures,mls,69.4701,70.1107,-0.6406
clip_vitl14,cifar10,25,0,Energy,global,textures,energy,69.4723,70.114,-0.6417
clip_vitl14,cifar10,25,0,MSR,global,textures,msr,74.2969,75.2741,-0.9772
clip_vitl14,cifar10,25,0,GradNorm,global,textures,gradnorm,155.2066,69.517,85.6896
clip_vitl14,cifar10,25,0,Maha,global,textures,maha,71.5598,68.4641,3.0957
clip_vitl14,cifar10,25,0,GradNorm,class pred,textures,gradnorm_cp,155.2066,73.7803,81.4263
clip_vitl14,cifar10,25,0,Maha,class pred,textures,maha_cp,71.5598,101.8126,-30.2528
clip_vitl14,cifar10,25,0,PCA RecError,class pred,textures,recerr_cp,73.5861,71.0714,2.5147
clip_vitl14,cifar10,25,0,PCA RecError,class,textures,recerr_class,73.5861,71.5741,2.0121
clip_vitl14,cifar10,25,0,MLS,global,svhn,mls,266.6247,266.7224,-0.0977
clip_vitl14,cifar10,25,0,Energy,global,svhn,energy,266.6225,266.7216,-0.0991
clip_vitl14,cifar10,25,0,MSR,global,svhn,msr,270.9787,271.1671,-0.1884
clip_vitl14,cifar10,25,0,GradNorm,global,svhn,gradnorm,273.1646,267.8056,5.3589
clip_vitl14,cifar10,25,0,Maha,global,svhn,maha,273.6367,270.4832,3.1535
clip_vitl14,cifar10,25,0,GradNorm,class pred,svhn,gradnorm_cp,273.1646,281.3471,-8.1825
clip_vitl14,cifar10,25,0,Maha,class pred,svhn,maha_cp,273.6367,292.7874,-19.1507
clip_vitl14,cifar10,25,0,PCA RecError,class pred,svhn,recerr_cp,284.1,277.8651,6.2349
clip_vitl14,cifar10,25,0,PCA RecError,class,svhn,recerr_class,284.1,280.7949,3.3051
clip_vitl14,cifar10,25,1,MLS,global,cifar100,mls,138.0949,138.7775,-0.6826
clip_vitl14,cifar10,25,1,Energy,global,cifar100,energy,138.0984,138.7792,-0.6808
clip_vitl14,cifar10,25,1,MSR,global,cifar100,msr,141.7697,142.4716,-0.7019
clip_vitl14,cifar10,25,1,GradNorm,global,cifar100,gradnorm,193.6748,157.694,35.9807
clip_vitl14,cifar10,25,1,Maha,global,cifar100,maha,160.8036,147.6573,13.1462
clip_vitl14,cifar10,25,1,GradNorm,class pred,cifar100,gradnorm_cp,193.6748,187.5148,6.1599
clip_vitl14,cifar10,25,1,Maha,class pred,cifar100,maha_cp,160.8036,215.4604,-54.6568
clip_vitl14,cifar10,25,1,PCA RecError,class pred,cifar100,recerr_cp,178.7912,164.4156,14.3756
clip_vitl14,cifar10,25,1,PCA RecError,class,cifar100,recerr_class,178.7912,167.7152,11.076
clip_vitl14,cifar10,25,1,MLS,global,tinyimagenet,mls,146.9428,148.7853,-1.8425
clip_vitl14,cifar10,25,1,Energy,global,tinyimagenet,energy,146.9447,148.7865,-1.8417
clip_vitl14,cifar10,25,1,MSR,global,tinyimagenet,msr,144.7548,145.8245,-1.0697
clip_vitl14,cifar10,25,1,GradNorm,global,tinyimagenet,gradnorm,231.3585,140.4764,90.8821
clip_vitl14,cifar10,25,1,Maha,global,tinyimagenet,maha,133.1215,134.1,-0.9785
clip_vitl14,cifar10,25,1,GradNorm,class pred,tinyimagenet,gradnorm_cp,231.3585,155.6611,75.6974
clip_vitl14,cifar10,25,1,Maha,class pred,tinyimagenet,maha_cp,133.1215,201.5481,-68.4266
clip_vitl14,cifar10,25,1,PCA RecError,class pred,tinyimagenet,recerr_cp,135.3687,133.3485,2.0203
clip_vitl14,cifar10,25,1,PCA RecError,class,tinyimagenet,recerr_class,135.3687,133.8633,1.5054
clip_vitl14,cifar10,25,1,MLS,global,lsun resize,mls,131.6133,132.0426,-0.4293
clip_vitl14,cifar10,25,1,Energy,global,lsun resize,energy,131.6161,132.045,-0.4289
clip_vitl14,cifar10,25,1,MSR,global,lsun resize,msr,135.5867,135.8841,-0.2974
clip_vitl14,cifar10,25,1,GradNorm,global,lsun resize,gradnorm,144.9208,143.6804,1.2404
clip_vitl14,cifar10,25,1,Maha,global,lsun resize,maha,137.5616,134.7924,2.7691
clip_vitl14,cifar10,25,1,GradNorm,class pred,lsun resize,gradnorm_cp,144.9208,213.0606,-68.1398
clip_vitl14,cifar10,25,1,Maha,class pred,lsun resize,maha_cp,137.5616,176.6895,-39.128
clip_vitl14,cifar10,25,1,PCA RecError,class pred,lsun resize,recerr_cp,152.4744,141.209,11.2654
clip_vitl14,cifar10,25,1,PCA RecError,class,lsun resize,recerr_class,152.4744,146.7785,5.6959
clip_vitl14,cifar10,25,1,MLS,global,isun,mls,118.287,118.8194,-0.5324
clip_vitl14,cifar10,25,1,Energy,global,isun,energy,118.289,118.8216,-0.5326
clip_vitl14,cifar10,25,1,MSR,global,isun,msr,123.0145,123.5165,-0.5021
clip_vitl14,cifar10,25,1,GradNorm,global,isun,gradnorm,133.5586,134.7408,-1.1821
clip_vitl14,cifar10,25,1,Maha,global,isun,maha,126.2654,122.6429,3.6225
clip_vitl14,cifar10,25,1,GradNorm,class pred,isun,gradnorm_cp,133.5586,206.7262,-73.1676
clip_vitl14,cifar10,25,1,Maha,class pred,isun,maha_cp,126.2654,154.442,-28.1766
clip_vitl14,cifar10,25,1,PCA RecError,class pred,isun,recerr_cp,147.4302,133.6078,13.8224
clip_vitl14,cifar10,25,1,PCA RecError,class,isun,recerr_class,147.4302,139.5024,7.9278
clip_vitl14,cifar10,25,1,MLS,global,places365,mls,144.5159,147.0199,-2.5041
clip_vitl14,cifar10,25,1,Energy,global,places365,energy,144.5175,147.0214,-2.5038
clip_vitl14,cifar10,25,1,MSR,global,places365,msr,143.4057,143.8765,-0.4708
clip_vitl14,cifar10,25,1,GradNorm,global,places365,gradnorm,266.5551,132.4665,134.0886
clip_vitl14,cifar10,25,1,Maha,global,places365,maha,132.5765,130.5034,2.0731
clip_vitl14,cifar10,25,1,GradNorm,class pred,places365,gradnorm_cp,266.5551,140.7868,125.7683
clip_vitl14,cifar10,25,1,Maha,class pred,places365,maha_cp,132.5765,214.422,-81.8455
clip_vitl14,cifar10,25,1,PCA RecError,class pred,places365,recerr_cp,134.0933,132.1809,1.9124
clip_vitl14,cifar10,25,1,PCA RecError,class,places365,recerr_class,134.0933,132.6307,1.4626
clip_vitl14,cifar10,25,1,MLS,global,lsun cropped,mls,131.6621,131.9659,-0.3038
clip_vitl14,cifar10,25,1,Energy,global,lsun cropped,energy,131.663,131.9653,-0.3023
clip_vitl14,cifar10,25,1,MSR,global,lsun cropped,msr,137.039,137.67,-0.631
clip_vitl14,cifar10,25,1,GradNorm,global,lsun cropped,gradnorm,143.9706,139.9579,4.0128
clip_vitl14,cifar10,25,1,Maha,global,lsun cropped,maha,153.6761,137.4342,16.2419
clip_vitl14,cifar10,25,1,GradNorm,class pred,lsun cropped,gradnorm_cp,143.9706,164.9392,-20.9686
clip_vitl14,cifar10,25,1,Maha,class pred,lsun cropped,maha_cp,153.6761,183.1087,-29.4326
clip_vitl14,cifar10,25,1,PCA RecError,class pred,lsun cropped,recerr_cp,190.786,169.3472,21.4388
clip_vitl14,cifar10,25,1,PCA RecError,class,lsun cropped,recerr_class,190.786,173.1608,17.6252
clip_vitl14,cifar10,25,1,MLS,global,textures,mls,76.835,76.2385,0.5964
clip_vitl14,cifar10,25,1,Energy,global,textures,energy,76.8353,76.2373,0.598
clip_vitl14,cifar10,25,1,MSR,global,textures,msr,84.671,84.4987,0.1723
clip_vitl14,cifar10,25,1,GradNorm,global,textures,gradnorm,178.8225,71.0305,107.792
clip_vitl14,cifar10,25,1,Maha,global,textures,maha,72.8517,69.4894,3.3623
clip_vitl14,cifar10,25,1,GradNorm,class pred,textures,gradnorm_cp,178.8225,72.7726,106.0499
clip_vitl14,cifar10,25,1,Maha,class pred,textures,maha_cp,72.8517,106.4792,-33.6275
clip_vitl14,cifar10,25,1,PCA RecError,class pred,textures,recerr_cp,75.4132,72.2135,3.1997
clip_vitl14,cifar10,25,1,PCA RecError,class,textures,recerr_class,75.4132,72.9713,2.442
clip_vitl14,cifar10,25,1,MLS,global,svhn,mls,270.1166,271.0943,-0.9777
clip_vitl14,cifar10,25,1,Energy,global,svhn,energy,270.1134,271.0898,-0.9764
clip_vitl14,cifar10,25,1,MSR,global,svhn,msr,276.767,278.8088,-2.0418
clip_vitl14,cifar10,25,1,GradNorm,global,svhn,gradnorm,276.0801,269.0599,7.0203
clip_vitl14,cifar10,25,1,Maha,global,svhn,maha,275.0429,270.3553,4.6876
clip_vitl14,cifar10,25,1,GradNorm,class pred,svhn,gradnorm_cp,276.0801,270.2948,5.7853
clip_vitl14,cifar10,25,1,Maha,class pred,svhn,maha_cp,275.0429,310.4741,-35.4312
clip_vitl14,cifar10,25,1,PCA RecError,class pred,svhn,recerr_cp,286.3103,274.8316,11.4787
clip_vitl14,cifar10,25,1,PCA RecError,class,svhn,recerr_class,286.3103,278.2067,8.1036
clip_vitl14,cifar10,25,2,MLS,global,cifar100,mls,140.6395,141.2423,-0.6029
clip_vitl14,cifar10,25,2,Energy,global,cifar100,energy,140.6406,141.2452,-0.6045
clip_vitl14,cifar10,25,2,MSR,global,cifar100,msr,146.0399,146.3029,-0.263
clip_vitl14,cifar10,25,2,GradNorm,global,cifar100,gradnorm,197.8569,163.2259,34.631
clip_vitl14,cifar10,25,2,Maha,global,cifar100,maha,162.0743,146.916,15.1583
clip_vitl14,cifar10,25,2,GradNorm,class pred,cifar100,gradnorm_cp,197.8569,187.6734,10.1835
clip_vitl14,cifar10,25,2,Maha,class pred,cifar100,maha_cp,162.0743,224.996,-62.9217
clip_vitl14,cifar10,25,2,PCA RecError,class pred,cifar100,recerr_cp,181.132,165.942,15.1899
clip_vitl14,cifar10,25,2,PCA RecError,class,cifar100,recerr_class,181.132,169.5888,11.5432
clip_vitl14,cifar10,25,2,MLS,global,tinyimagenet,mls,147.5913,148.6448,-1.0535
clip_vitl14,cifar10,25,2,Energy,global,tinyimagenet,energy,147.5896,148.6461,-1.0565
clip_vitl14,cifar10,25,2,MSR,global,tinyimagenet,msr,151.3557,150.6634,0.6924
clip_vitl14,cifar10,25,2,GradNorm,global,tinyimagenet,gradnorm,237.2233,144.6996,92.5238
clip_vitl14,cifar10,25,2,Maha,global,tinyimagenet,maha,136.0425,135.2126,0.8299
clip_vitl14,cifar10,25,2,GradNorm,class pred,tinyimagenet,gradnorm_cp,237.2233,163.5682,73.6552
clip_vitl14,cifar10,25,2,Maha,class pred,tinyimagenet,maha_cp,136.0425,186.0029,-49.9604
clip_vitl14,cifar10,25,2,PCA RecError,class pred,tinyimagenet,recerr_cp,138.2701,136.0557,2.2144
clip_vitl14,cifar10,25,2,PCA RecError,class,tinyimagenet,recerr_class,138.2701,136.6169,1.6532
clip_vitl14,cifar10,25,2,MLS,global,lsun resize,mls,136.1208,135.8569,0.2639
clip_vitl14,cifar10,25,2,Energy,global,lsun resize,energy,136.1109,135.8499,0.2609
clip_vitl14,cifar10,25,2,MSR,global,lsun resize,msr,152.3383,149.59,2.7482
clip_vitl14,cifar10,25,2,GradNorm,global,lsun resize,gradnorm,154.3773,145.9629,8.4144
clip_vitl14,cifar10,25,2,Maha,global,lsun resize,maha,140.1264,134.6167,5.5097
clip_vitl14,cifar10,25,2,GradNorm,class pred,lsun resize,gradnorm_cp,154.3773,205.018,-50.6406
clip_vitl14,cifar10,25,2,Maha,class pred,lsun resize,maha_cp,140.1264,162.0707,-21.9443
clip_vitl14,cifar10,25,2,PCA RecError,class pred,lsun resize,recerr_cp,154.4496,147.4565,6.9932
clip_vitl14,cifar10,25,2,PCA RecError,class,lsun resize,recerr_class,154.4496,148.5944,5.8553
clip_vitl14,cifar10,25,2,MLS,global,isun,mls,122.1757,122.0567,0.119
clip_vitl14,cifar10,25,2,Energy,global,isun,energy,122.1671,122.0513,0.1158
clip_vitl14,cifar10,25,2,MSR,global,isun,msr,136.2647,134.1357,2.129
clip_vitl14,cifar10,25,2,GradNorm,global,isun,gradnorm,141.6825,135.1842,6.4983
clip_vitl14,cifar10,25,2,Maha,global,isun,maha,128.0899,121.6824,6.4075
clip_vitl14,cifar10,25,2,GradNorm,class pred,isun,gradnorm_cp,141.6825,199.2079,-57.5254
clip_vitl14,cifar10,25,2,Maha,class pred,isun,maha_cp,128.0899,148.2934,-20.2035
clip_vitl14,cifar10,25,2,PCA RecError,class pred,isun,recerr_cp,147.4654,137.9457,9.5196
clip_vitl14,cifar10,25,2,PCA RecError,class,isun,recerr_class,147.4654,139.5783,7.8871
clip_vitl14,cifar10,25,2,MLS,global,places365,mls,146.1939,147.9359,-1.742
clip_vitl14,cifar10,25,2,Energy,global,places365,energy,146.1894,147.9362,-1.7468
clip_vitl14,cifar10,25,2,MSR,global,places365,msr,148.0077,148.0157,-0.008
clip_vitl14,cifar10,25,2,GradNorm,global,places365,gradnorm,265.8001,136.1256,129.6745
clip_vitl14,cifar10,25,2,Maha,global,places365,maha,135.6747,133.1098,2.5648
clip_vitl14,cifar10,25,2,GradNorm,class pred,places365,gradnorm_cp,265.8001,145.9944,119.8057
clip_vitl14,cifar10,25,2,Maha,class pred,places365,maha_cp,135.6747,180.7375,-45.0629
clip_vitl14,cifar10,25,2,PCA RecError,class pred,places365,recerr_cp,137.2194,135.0993,2.1201
clip_vitl14,cifar10,25,2,PCA RecError,class,places365,recerr_class,137.2194,135.6041,1.6152
clip_vitl14,cifar10,25,2,MLS,global,lsun cropped,mls,135.2867,135.3689,-0.0821
clip_vitl14,cifar10,25,2,Energy,global,lsun cropped,energy,135.2772,135.3628,-0.0856
clip_vitl14,cifar10,25,2,MSR,global,lsun cropped,msr,149.0692,149.0887,-0.0195
clip_vitl14,cifar10,25,2,GradNorm,global,lsun cropped,gradnorm,152.5951,143.7917,8.8034
clip_vitl14,cifar10,25,2,Maha,global,lsun cropped,maha,156.3948,139.079,17.3157
clip_vitl14,cifar10,25,2,GradNorm,class pred,lsun cropped,gradnorm_cp,152.5951,176.0073,-23.4122
clip_vitl14,cifar10,25,2,Maha,class pred,lsun cropped,maha_cp,156.3948,203.564,-47.1693
clip_vitl14,cifar10,25,2,PCA RecError,class pred,lsun cropped,recerr_cp,186.1323,164.767,21.3653
clip_vitl14,cifar10,25,2,PCA RecError,class,lsun cropped,recerr_class,186.1323,168.7526,17.3796
clip_vitl14,cifar10,25,2,MLS,global,textures,mls,75.3323,75.0391,0.2933
clip_vitl14,cifar10,25,2,Energy,global,textures,energy,75.3303,75.0394,0.2909
clip_vitl14,cifar10,25,2,MSR,global,textures,msr,83.9574,82.6435,1.3138
clip_vitl14,cifar10,25,2,GradNorm,global,textures,gradnorm,172.9568,74.4414,98.5154
clip_vitl14,cifar10,25,2,Maha,global,textures,maha,76.3845,72.1959,4.1886
clip_vitl14,cifar10,25,2,GradNorm,class pred,textures,gradnorm_cp,172.9568,77.8038,95.153
clip_vitl14,cifar10,25,2,Maha,class pred,textures,maha_cp,76.3845,139.1071,-62.7226
clip_vitl14,cifar10,25,2,PCA RecError,class pred,textures,recerr_cp,78.9762,75.4436,3.5326
clip_vitl14,cifar10,25,2,PCA RecError,class,textures,recerr_class,78.9762,76.2882,2.688
clip_vitl14,cifar10,25,2,MLS,global,svhn,mls,270.2138,270.1266,0.0873
clip_vitl14,cifar10,25,2,Energy,global,svhn,energy,270.2066,270.1237,0.0829
clip_vitl14,cifar10,25,2,MSR,global,svhn,msr,276.8286,275.9482,0.8804
clip_vitl14,cifar10,25,2,GradNorm,global,svhn,gradnorm,277.6927,271.051,6.6417
clip_vitl14,cifar10,25,2,Maha,global,svhn,maha,274.1821,273.1548,1.0274
clip_vitl14,cifar10,25,2,GradNorm,class pred,svhn,gradnorm_cp,277.6927,279.5726,-1.8799
clip_vitl14,cifar10,25,2,Maha,class pred,svhn,maha_cp,274.1821,303.256,-29.0739
clip_vitl14,cifar10,25,2,PCA RecError,class pred,svhn,recerr_cp,287.6895,276.8051,10.8844
clip_vitl14,cifar10,25,2,PCA RecError,class,svhn,recerr_class,287.6895,280.4985,7.191
clip_vitl14,cifar10,100,0,MLS,global,cifar100,mls,134.278,134.5716,-0.2936
clip_vitl14,cifar10,100,0,Energy,global,cifar100,energy,134.2815,134.5755,-0.294
clip_vitl14,cifar10,100,0,MSR,global,cifar100,msr,137.7736,137.8544,-0.0808
clip_vitl14,cifar10,100,0,GradNorm,global,cifar100,gradnorm,190.5635,155.7186,34.8448
clip_vitl14,cifar10,100,0,Maha,global,cifar100,maha,166.6814,149.1477,17.5337
clip_vitl14,cifar10,100,0,GradNorm,class pred,cifar100,gradnorm_cp,190.5635,164.7279,25.8355
clip_vitl14,cifar10,100,0,Maha,class pred,cifar100,maha_cp,166.6814,172.9498,-6.2684
clip_vitl14,cifar10,100,0,PCA RecError,class pred,cifar100,recerr_cp,172.2755,155.9082,16.3673
clip_vitl14,cifar10,100,0,PCA RecError,class,cifar100,recerr_class,172.2755,158.763,13.5125
clip_vitl14,cifar10,100,0,MLS,global,tinyimagenet,mls,143.2018,144.1936,-0.9917
clip_vitl14,cifar10,100,0,Energy,global,tinyimagenet,energy,143.2057,144.198,-0.9923
clip_vitl14,cifar10,100,0,MSR,global,tinyimagenet,msr,140.2693,140.5403,-0.271
clip_vitl14,cifar10,100,0,GradNorm,global,tinyimagenet,gradnorm,221.7807,138.6299,83.1508
clip_vitl14,cifar10,100,0,Maha,global,tinyimagenet,maha,130.9821,128.8017,2.1804
clip_vitl14,cifar10,100,0,GradNorm,class pred,tinyimagenet,gradnorm_cp,221.7807,142.5636,79.217
clip_vitl14,cifar10,100,0,Maha,class pred,tinyimagenet,maha_cp,130.9821,134.3427,-3.3606
clip_vitl14,cifar10,100,0,PCA RecError,class pred,tinyimagenet,recerr_cp,131.2839,129.4217,1.8622
clip_vitl14,cifar10,100,0,PCA RecError,class,tinyimagenet,recerr_class,131.2839,129.8004,1.4835
clip_vitl14,cifar10,100,0,MLS,global,lsun resize,mls,128.7372,129.008,-0.2708
clip_vitl14,cifar10,100,0,Energy,global,lsun resize,energy,128.7425,129.0138,-0.2713
clip_vitl14,cifar10,100,0,MSR,global,lsun resize,msr,132.2517,132.2863,-0.0345
clip_vitl14,cifar10,100,0,GradNorm,global,lsun resize,gradnorm,141.7764,133.3365,8.4399
clip_vitl14,cifar10,100,0,Maha,global,lsun resize,maha,134.7144,131.8212,2.8932
clip_vitl14,cifar10,100,0,GradNorm,class pred,lsun resize,gradnorm_cp,141.7764,155.3432,-13.5668
clip_vitl14,cifar10,100,0,Maha,class pred,lsun resize,maha_cp,134.7144,155.8588,-21.1444
clip_vitl14,cifar10,100,0,PCA RecError,class pred,lsun resize,recerr_cp,142.1849,136.2306,5.9543
clip_vitl14,cifar10,100,0,PCA RecError,class,lsun resize,recerr_class,142.1849,138.0457,4.1392
clip_vitl14,cifar10,100,0,MLS,global,isun,mls,114.9512,115.2209,-0.2697
clip_vitl14,cifar10,100,0,Energy,global,isun,energy,114.9563,115.2271,-0.2708
clip_vitl14,cifar10,100,0,MSR,global,isun,msr,118.4033,118.4734,-0.07
clip_vitl14,cifar10,100,0,GradNorm,global,isun,gradnorm,129.1606,120.9375,8.223
clip_vitl14,cifar10,100,0,Maha,global,isun,maha,123.0872,119.4711,3.6161
clip_vitl14,cifar10,100,0,GradNorm,class pred,isun,gradnorm_cp,129.1606,145.8324,-16.6718
clip_vitl14,cifar10,100,0,Maha,class pred,isun,maha_cp,123.0872,142.381,-19.2938
clip_vitl14,cifar10,100,0,PCA RecError,class pred,isun,recerr_cp,134.7947,126.0455,8.7492
clip_vitl14,cifar10,100,0,PCA RecError,class,isun,recerr_class,134.7947,128.7038,6.091
clip_vitl14,cifar10,100,0,MLS,global,places365,mls,141.2747,142.2656,-0.9909
clip_vitl14,cifar10,100,0,Energy,global,places365,energy,141.2758,142.2681,-0.9922
clip_vitl14,cifar10,100,0,MSR,global,places365,msr,142.2693,141.3656,0.9037
clip_vitl14,cifar10,100,0,GradNorm,global,places365,gradnorm,263.8302,129.8464,133.9838
clip_vitl14,cifar10,100,0,Maha,global,places365,maha,129.9897,128.323,1.6667
clip_vitl14,cifar10,100,0,GradNorm,class pred,places365,gradnorm_cp,263.8302,131.9651,131.8651
clip_vitl14,cifar10,100,0,Maha,class pred,places365,maha_cp,129.9897,129.2948,0.6949
clip_vitl14,cifar10,100,0,PCA RecError,class pred,places365,recerr_cp,130.2375,128.675,1.5625
clip_vitl14,cifar10,100,0,PCA RecError,class,places365,recerr_class,130.2375,128.9981,1.2394
clip_vitl14,cifar10,100,0,MLS,global,lsun cropped,mls,127.7722,127.8253,-0.0531
clip_vitl14,cifar10,100,0,Energy,global,lsun cropped,energy,127.7731,127.8265,-0.0534
clip_vitl14,cifar10,100,0,MSR,global,lsun cropped,msr,132.0702,131.8727,0.1975
clip_vitl14,cifar10,100,0,GradNorm,global,lsun cropped,gradnorm,139.2738,133.1201,6.1538
clip_vitl14,cifar10,100,0,Maha,global,lsun cropped,maha,156.5802,138.7878,17.7923
clip_vitl14,cifar10,100,0,GradNorm,class pred,lsun cropped,gradnorm_cp,139.2738,139.1406,0.1333
clip_vitl14,cifar10,100,0,Maha,class pred,lsun cropped,maha_cp,156.5802,169.592,-13.0119
clip_vitl14,cifar10,100,0,PCA RecError,class pred,lsun cropped,recerr_cp,172.9568,150.8742,22.0826
clip_vitl14,cifar10,100,0,PCA RecError,class,lsun cropped,recerr_class,172.9568,154.799,18.1578
clip_vitl14,cifar10,100,0,MLS,global,textures,mls,67.2919,67.578,-0.2861
clip_vitl14,cifar10,100,0,Energy,global,textures,energy,67.2943,67.5813,-0.287
clip_vitl14,cifar10,100,0,MSR,global,textures,msr,72.3836,72.3808,0.0028
clip_vitl14,cifar10,100,0,GradNorm,global,textures,gradnorm,154.7457,67.915,86.8307
clip_vitl14,cifar10,100,0,Maha,global,textures,maha,70.6324,67.8195,2.8129
clip_vitl14,cifar10,100,0,GradNorm,class pred,textures,gradnorm_cp,154.7457,67.9179,86.8278
clip_vitl14,cifar10,100,0,Maha,class pred,textures,maha_cp,70.6324,69.4247,1.2077
clip_vitl14,cifar10,100,0,PCA RecError,class pred,textures,recerr_cp,71.0662,68.4272,2.639
clip_vitl14,cifar10,100,0,PCA RecError,class,textures,recerr_class,71.0662,68.9731,2.0931
clip_vitl14,cifar10,100,0,MLS,global,svhn,mls,265.2771,265.4322,-0.155
clip_vitl14,cifar10,100,0,Energy,global,svhn,energy,265.2756,265.43,-0.1544
clip_vitl14,cifar10,100,0,MSR,global,svhn,msr,269.2457,270.6982,-1.4525
clip_vitl14,cifar10,100,0,GradNorm,global,svhn,gradnorm,271.2994,266.1856,5.1139
clip_vitl14,cifar10,100,0,Maha,global,svhn,maha,272.0579,269.305,2.753
clip_vitl14,cifar10,100,0,GradNorm,class pred,svhn,gradnorm_cp,271.2994,266.6277,4.6717
clip_vitl14,cifar10,100,0,Maha,class pred,svhn,maha_cp,272.0579,292.5552,-20.4973
clip_vitl14,cifar10,100,0,PCA RecError,class pred,svhn,recerr_cp,280.9981,272.9746,8.0235
clip_vitl14,cifar10,100,0,PCA RecError,class,svhn,recerr_class,280.9981,274.1046,6.8935
clip_vitl14,cifar10,100,1,MLS,global,cifar100,mls,137.4802,137.879,-0.3987
clip_vitl14,cifar10,100,1,Energy,global,cifar100,energy,137.4834,137.8821,-0.3986
clip_vitl14,cifar10,100,1,MSR,global,cifar100,msr,141.7396,141.7343,0.0053
clip_vitl14,cifar10,100,1,GradNorm,global,cifar100,gradnorm,192.3591,159.4652,32.8938
clip_vitl14,cifar10,100,1,Maha,global,cifar100,maha,168.6529,152.3217,16.3312
clip_vitl14,cifar10,100,1,GradNorm,class pred,cifar100,gradnorm_cp,192.3591,162.4542,29.9049
clip_vitl14,cifar10,100,1,Maha,class pred,cifar100,maha_cp,168.6529,176.9296,-8.2766
clip_vitl14,cifar10,100,1,PCA RecError,class pred,cifar100,recerr_cp,174.1457,158.2695,15.8762
clip_vitl14,cifar10,100,1,PCA RecError,class,cifar100,recerr_class,174.1457,161.1041,13.0416
clip_vitl14,cifar10,100,1,MLS,global,tinyimagenet,mls,145.0808,145.92,-0.8393
clip_vitl14,cifar10,100,1,Energy,global,tinyimagenet,energy,145.0811,145.9192,-0.8381
clip_vitl14,cifar10,100,1,MSR,global,tinyimagenet,msr,145.9631,145.9891,-0.026
clip_vitl14,cifar10,100,1,GradNorm,global,tinyimagenet,gradnorm,228.4694,140.89,87.5794
clip_vitl14,cifar10,100,1,Maha,global,tinyimagenet,maha,131.7937,129.8232,1.9704
clip_vitl14,cifar10,100,1,GradNorm,class pred,tinyimagenet,gradnorm_cp,228.4694,140.6936,87.7759
clip_vitl14,cifar10,100,1,Maha,class pred,tinyimagenet,maha_cp,131.7937,133.3293,-1.5356
clip_vitl14,cifar10,100,1,PCA RecError,class pred,tinyimagenet,recerr_cp,132.286,130.274,2.012
clip_vitl14,cifar10,100,1,PCA RecError,class,tinyimagenet,recerr_class,132.286,130.7107,1.5753
clip_vitl14,cifar10,100,1,MLS,global,lsun resize,mls,129.5067,129.5044,0.0023
clip_vitl14,cifar10,100,1,Energy,global,lsun resize,energy,129.5094,129.5059,0.0035
clip_vitl14,cifar10,100,1,MSR,global,lsun resize,msr,133.8586,133.5517,0.3069
clip_vitl14,cifar10,100,1,GradNorm,global,lsun resize,gradnorm,142.5148,134.0238,8.491
clip_vitl14,cifar10,100,1,Maha,global,lsun resize,maha,136.5579,132.8769,3.681
clip_vitl14,cifar10,100,1,GradNorm,class pred,lsun resize,gradnorm_cp,142.5148,147.3449,-4.8302
clip_vitl14,cifar10,100,1,Maha,class pred,lsun resize,maha_cp,136.5579,149.2874,-12.7296
clip_vitl14,cifar10,100,1,PCA RecError,class pred,lsun resize,recerr_cp,146.9663,139.4138,7.5525
clip_vitl14,cifar10,100,1,PCA RecError,class,lsun resize,recerr_class,146.9663,141.1556,5.8107
clip_vitl14,cifar10,100,1,MLS,global,isun,mls,116.1924,116.2899,-0.0975
clip_vitl14,cifar10,100,1,Energy,global,isun,energy,116.1946,116.2908,-0.0962
clip_vitl14,cifar10,100,1,MSR,global,isun,msr,121.1993,121.0093,0.19
clip_vitl14,cifar10,100,1,GradNorm,global,isun,gradnorm,130.7683,122.3492,8.419
clip_vitl14,cifar10,100,1,Maha,global,isun,maha,126.0801,121.0398,5.0403
clip_vitl14,cifar10,100,1,GradNorm,class pred,isun,gradnorm_cp,130.7683,135.0165,-4.2483
clip_vitl14,cifar10,100,1,Maha,class pred,isun,maha_cp,126.0801,136.7567,-10.6766
clip_vitl14,cifar10,100,1,PCA RecError,class pred,isun,recerr_cp,140.9925,130.5723,10.4202
clip_vitl14,cifar10,100,1,PCA RecError,class,isun,recerr_class,140.9925,132.8975,8.095
clip_vitl14,cifar10,100,1,MLS,global,places365,mls,141.9097,142.9034,-0.9937
clip_vitl14,cifar10,100,1,Energy,global,places365,energy,141.9081,142.9027,-0.9946
clip_vitl14,cifar10,100,1,MSR,global,places365,msr,144.4637,143.6469,0.8167
clip_vitl14,cifar10,100,1,GradNorm,global,places365,gradnorm,262.2869,130.8377,131.4492
clip_vitl14,cifar10,100,1,Maha,global,places365,maha,130.7802,129.28,1.5002
clip_vitl14,cifar10,100,1,GradNorm,class pred,places365,gradnorm_cp,262.2869,131.8524,130.4345
clip_vitl14,cifar10,100,1,Maha,class pred,places365,maha_cp,130.7802,130.1267,0.6535
clip_vitl14,cifar10,100,1,PCA RecError,class pred,places365,recerr_cp,131.0149,129.4046,1.6103
clip_vitl14,cifar10,100,1,PCA RecError,class,places365,recerr_class,131.0149,129.7902,1.2247
clip_vitl14,cifar10,100,1,MLS,global,lsun cropped,mls,129.3744,129.5334,-0.1591
clip_vitl14,cifar10,100,1,Energy,global,lsun cropped,energy,129.3708,129.5293,-0.1585
clip_vitl14,cifar10,100,1,MSR,global,lsun cropped,msr,137.6445,137.7817,-0.1372
clip_vitl14,cifar10,100,1,GradNorm,global,lsun cropped,gradnorm,144.4368,135.3522,9.0846
clip_vitl14,cifar10,100,1,Maha,global,lsun cropped,maha,157.6325,142.1496,15.4828
clip_vitl14,cifar10,100,1,GradNorm,class pred,lsun cropped,gradnorm_cp,144.4368,133.9775,10.4593
clip_vitl14,cifar10,100,1,Maha,class pred,lsun cropped,maha_cp,157.6325,166.2936,-8.6611
clip_vitl14,cifar10,100,1,PCA RecError,class pred,lsun cropped,recerr_cp,179.4376,154.5951,24.8426
clip_vitl14,cifar10,100,1,PCA RecError,class,lsun cropped,recerr_class,179.4376,157.8762,21.5614
clip_vitl14,cifar10,100,1,MLS,global,textures,mls,70.5933,70.6273,-0.034
clip_vitl14,cifar10,100,1,Energy,global,textures,energy,70.592,70.6253,-0.0333
clip_vitl14,cifar10,100,1,MSR,global,textures,msr,79.4761,79.1268,0.3493
clip_vitl14,cifar10,100,1,GradNorm,global,textures,gradnorm,165.9467,68.9356,97.0111
clip_vitl14,cifar10,100,1,Maha,global,textures,maha,71.3396,68.833,2.5066
clip_vitl14,cifar10,100,1,GradNorm,class pred,textures,gradnorm_cp,165.9467,68.1805,97.7662
clip_vitl14,cifar10,100,1,Maha,class pred,textures,maha_cp,71.3396,70.9927,0.347
clip_vitl14,cifar10,100,1,PCA RecError,class pred,textures,recerr_cp,71.7765,69.0579,2.7186
clip_vitl14,cifar10,100,1,PCA RecError,class,textures,recerr_class,71.7765,69.7079,2.0686
clip_vitl14,cifar10,100,1,MLS,global,svhn,mls,265.9963,266.0764,-0.0801
clip_vitl14,cifar10,100,1,Energy,global,svhn,energy,265.9935,266.0726,-0.0791
clip_vitl14,cifar10,100,1,MSR,global,svhn,msr,270.8932,271.5436,-0.6504
clip_vitl14,cifar10,100,1,GradNorm,global,svhn,gradnorm,272.692,266.855,5.837
clip_vitl14,cifar10,100,1,Maha,global,svhn,maha,272.8769,269.4158,3.4611
clip_vitl14,cifar10,100,1,GradNorm,class pred,svhn,gradnorm_cp,272.692,267.6461,5.0459
clip_vitl14,cifar10,100,1,Maha,class pred,svhn,maha_cp,272.8769,297.3975,-24.5206
clip_vitl14,cifar10,100,1,PCA RecError,class pred,svhn,recerr_cp,282.6889,274.7411,7.9479
clip_vitl14,cifar10,100,1,PCA RecError,class,svhn,recerr_class,282.6889,275.8772,6.8117
clip_vitl14,cifar10,100,2,MLS,global,cifar100,mls,134.3822,134.755,-0.3728
clip_vitl14,cifar10,100,2,Energy,global,cifar100,energy,134.3886,134.7595,-0.3709
clip_vitl14,cifar10,100,2,MSR,global,cifar100,msr,137.0026,137.3336,-0.331
clip_vitl14,cifar10,100,2,GradNorm,global,cifar100,gradnorm,190.8707,156.154,34.7167
clip_vitl14,cifar10,100,2,Maha,global,cifar100,maha,167.5379,153.2932,14.2447
clip_vitl14,cifar10,100,2,GradNorm,class pred,cifar100,gradnorm_cp,190.8707,163.4693,27.4014
clip_vitl14,cifar10,100,2,Maha,class pred,cifar100,maha_cp,167.5379,175.5941,-8.0562
clip_vitl14,cifar10,100,2,PCA RecError,class pred,cifar100,recerr_cp,173.29,156.372,16.918
clip_vitl14,cifar10,100,2,PCA RecError,class,cifar100,recerr_class,173.29,159.2401,14.0499
clip_vitl14,cifar10,100,2,MLS,global,tinyimagenet,mls,141.8619,142.8749,-1.013
clip_vitl14,cifar10,100,2,Energy,global,tinyimagenet,energy,141.8664,142.8784,-1.012
clip_vitl14,cifar10,100,2,MSR,global,tinyimagenet,msr,139.8411,139.9551,-0.114
clip_vitl14,cifar10,100,2,GradNorm,global,tinyimagenet,gradnorm,229.055,140.0145,89.0404
clip_vitl14,cifar10,100,2,Maha,global,tinyimagenet,maha,131.3615,129.4551,1.9064
clip_vitl14,cifar10,100,2,GradNorm,class pred,tinyimagenet,gradnorm_cp,229.055,140.3026,88.7524
clip_vitl14,cifar10,100,2,Maha,class pred,tinyimagenet,maha_cp,131.3615,133.2543,-1.8927
clip_vitl14,cifar10,100,2,PCA RecError,class pred,tinyimagenet,recerr_cp,131.7778,129.9033,1.8745
clip_vitl14,cifar10,100,2,PCA RecError,class,tinyimagenet,recerr_class,131.7778,130.281,1.4968
clip_vitl14,cifar10,100,2,MLS,global,lsun resize,mls,129.4409,130.0481,-0.6072
clip_vitl14,cifar10,100,2,Energy,global,lsun resize,energy,129.4503,130.0532,-0.6028
clip_vitl14,cifar10,100,2,MSR,global,lsun resize,msr,131.597,132.7062,-1.1091
clip_vitl14,cifar10,100,2,GradNorm,global,lsun resize,gradnorm,142.0631,133.7897,8.2734
clip_vitl14,cifar10,100,2,Maha,global,lsun resize,maha,134.8602,135.107,-0.2468
clip_vitl14,cifar10,100,2,GradNorm,class pred,lsun resize,gradnorm_cp,142.0631,153.1679,-11.1048
clip_vitl14,cifar10,100,2,Maha,class pred,lsun resize,maha_cp,134.8602,139.9626,-5.1025
clip_vitl14,cifar10,100,2,PCA RecError,class pred,lsun resize,recerr_cp,143.6036,138.4734,5.1302
clip_vitl14,cifar10,100,2,PCA RecError,class,lsun resize,recerr_class,143.6036,140.769,2.8346
clip_vitl14,cifar10,100,2,MLS,global,isun,mls,115.8107,116.428,-0.6172
clip_vitl14,cifar10,100,2,Energy,global,isun,energy,115.8196,116.4329,-0.6133
clip_vitl14,cifar10,100,2,MSR,global,isun,msr,117.9048,118.8715,-0.9667
clip_vitl14,cifar10,100,2,GradNorm,global,isun,gradnorm,129.8774,121.6535,8.2239
clip_vitl14,cifar10,100,2,Maha,global,isun,maha,123.6605,124.2656,-0.6051
clip_vitl14,cifar10,100,2,GradNorm,class pred,isun,gradnorm_cp,129.8774,143.8667,-13.9893
clip_vitl14,cifar10,100,2,Maha,class pred,isun,maha_cp,123.6605,129.0791,-5.4186
clip_vitl14,cifar10,100,2,PCA RecError,class pred,isun,recerr_cp,136.4428,128.1711,8.2717
clip_vitl14,cifar10,100,2,PCA RecError,class,isun,recerr_class,136.4428,131.4939,4.949
clip_vitl14,cifar10,100,2,MLS,global,places365,mls,140.5792,141.3381,-0.759
clip_vitl14,cifar10,100,2,Energy,global,places365,energy,140.5827,141.34,-0.7573
clip_vitl14,cifar10,100,2,MSR,global,places365,msr,138.7487,138.4694,0.2792
clip_vitl14,cifar10,100,2,GradNorm,global,places365,gradnorm,262.3644,129.9576,132.4068
clip_vitl14,cifar10,100,2,Maha,global,places365,maha,130.3662,128.7345,1.6318
clip_vitl14,cifar10,100,2,GradNorm,class pred,places365,gradnorm_cp,262.3644,131.9376,130.4268
clip_vitl14,cifar10,100,2,Maha,class pred,places365,maha_cp,130.3662,129.7018,0.6645
clip_vitl14,cifar10,100,2,PCA RecError,class pred,places365,recerr_cp,130.6823,129.0009,1.6814
clip_vitl14,cifar10,100,2,PCA RecError,class,places365,recerr_class,130.6823,129.3402,1.342
clip_vitl14,cifar10,100,2,MLS,global,lsun cropped,mls,127.9543,128.0787,-0.1244
clip_vitl14,cifar10,100,2,Energy,global,lsun cropped,energy,127.9567,128.0791,-0.1223
clip_vitl14,cifar10,100,2,MSR,global,lsun cropped,msr,131.6465,131.6577,-0.0111
clip_vitl14,cifar10,100,2,GradNorm,global,lsun cropped,gradnorm,139.4946,133.105,6.3895
clip_vitl14,cifar10,100,2,Maha,global,lsun cropped,maha,154.8337,140.2883,14.5454
clip_vitl14,cifar10,100,2,GradNorm,class pred,lsun cropped,gradnorm_cp,139.4946,136.4664,3.0282
clip_vitl14,cifar10,100,2,Maha,class pred,lsun cropped,maha_cp,154.8337,171.2082,-16.3745
clip_vitl14,cifar10,100,2,PCA RecError,class pred,lsun cropped,recerr_cp,180.7125,153.3394,27.3731
clip_vitl14,cifar10,100,2,PCA RecError,class,lsun cropped,recerr_class,180.7125,158.2629,22.4497
clip_vitl14,cifar10,100,2,MLS,global,textures,mls,68.4475,68.8206,-0.373
clip_vitl14,cifar10,100,2,Energy,global,textures,energy,68.4506,68.8219,-0.3713
clip_vitl14,cifar10,100,2,MSR,global,textures,msr,74.1421,74.6649,-0.5228
clip_vitl14,cifar10,100,2,GradNorm,global,textures,gradnorm,163.9619,68.1372,95.8248
clip_vitl14,cifar10,100,2,Maha,global,textures,maha,71.0422,68.2723,2.7699
clip_vitl14,cifar10,100,2,GradNorm,class pred,textures,gradnorm_cp,163.9619,68.5613,95.4007
clip_vitl14,cifar10,100,2,Maha,class pred,textures,maha_cp,71.0422,69.889,1.1532
clip_vitl14,cifar10,100,2,PCA RecError,class pred,textures,recerr_cp,71.5919,68.7431,2.8488
clip_vitl14,cifar10,100,2,PCA RecError,class,textures,recerr_class,71.5919,69.3129,2.279
clip_vitl14,cifar10,100,2,MLS,global,svhn,mls,265.7163,265.7967,-0.0805
clip_vitl14,cifar10,100,2,Energy,global,svhn,energy,265.7151,265.7935,-0.0783
clip_vitl14,cifar10,100,2,MSR,global,svhn,msr,270.413,270.8098,-0.3969
clip_vitl14,cifar10,100,2,GradNorm,global,svhn,gradnorm,272.6854,266.2534,6.4321
clip_vitl14,cifar10,100,2,Maha,global,svhn,maha,271.4682,272.0398,-0.5716
clip_vitl14,cifar10,100,2,GradNorm,class pred,svhn,gradnorm_cp,272.6854,266.7461,5.9393
clip_vitl14,cifar10,100,2,Maha,class pred,svhn,maha_cp,271.4682,288.5783,-17.1101
clip_vitl14,cifar10,100,2,PCA RecError,class pred,svhn,recerr_cp,281.6499,272.5545,9.0954
clip_vitl14,cifar10,100,2,PCA RecError,class,svhn,recerr_class,281.6499,274.4926,7.1573
clip_vitl14,cifar10,0,0,MLS,global,cifar100,mls,136.8504,137.0109,-0.1605
clip_vitl14,cifar10,0,0,Energy,global,cifar100,energy,136.9201,137.0788,-0.1587
clip_vitl14,cifar10,0,0,MSR,global,cifar100,msr,140.0067,139.2303,0.7764
clip_vitl14,cifar10,0,0,GradNorm,global,cifar100,gradnorm,164.353,143.8223,20.5307
clip_vitl14,cifar10,0,0,Maha,global,cifar100,maha,159.7815,150.3252,9.4563
clip_vitl14,cifar10,0,0,GradNorm,class pred,cifar100,gradnorm_cp,164.353,148.8388,15.5143
clip_vitl14,cifar10,0,0,Maha,class pred,cifar100,maha_cp,159.7815,155.6664,4.1151
clip_vitl14,cifar10,0,0,PCA RecError,class pred,cifar100,recerr_cp,168.3684,147.4223,20.9461
clip_vitl14,cifar10,0,0,PCA RecError,class,cifar100,recerr_class,168.3684,151.0123,17.3562
clip_vitl14,cifar10,0,0,MLS,global,tinyimagenet,mls,145.1141,145.9362,-0.822
clip_vitl14,cifar10,0,0,Energy,global,tinyimagenet,energy,145.1587,145.9777,-0.8189
clip_vitl14,cifar10,0,0,MSR,global,tinyimagenet,msr,148.8464,147.9912,0.8553
clip_vitl14,cifar10,0,0,GradNorm,global,tinyimagenet,gradnorm,196.2779,139.1495,57.1285
clip_vitl14,cifar10,0,0,Maha,global,tinyimagenet,maha,126.2534,125.5876,0.6659
clip_vitl14,cifar10,0,0,GradNorm,class pred,tinyimagenet,gradnorm_cp,196.2779,141.6929,54.585
clip_vitl14,cifar10,0,0,Maha,class pred,tinyimagenet,maha_cp,126.2534,126.0079,0.2455
clip_vitl14,cifar10,0,0,PCA RecError,class pred,tinyimagenet,recerr_cp,126.9274,125.3695,1.5579
clip_vitl14,cifar10,0,0,PCA RecError,class,tinyimagenet,recerr_class,126.9274,125.7658,1.1616
clip_vitl14,cifar10,0,0,MLS,global,lsun resize,mls,125.8354,125.8297,0.0057
clip_vitl14,cifar10,0,0,Energy,global,lsun resize,energy,125.8433,125.8337,0.0096
clip_vitl14,cifar10,0,0,MSR,global,lsun resize,msr,132.8464,132.5204,0.326
clip_vitl14,cifar10,0,0,GradNorm,global,lsun resize,gradnorm,132.9536,127.4719,5.4817
clip_vitl14,cifar10,0,0,Maha,global,lsun resize,maha,128.862,132.306,-3.4439
clip_vitl14,cifar10,0,0,GradNorm,class pred,lsun resize,gradnorm_cp,132.9536,128.1482,4.8054
clip_vitl14,cifar10,0,0,Maha,class pred,lsun resize,maha_cp,128.862,134.7331,-5.8711
clip_vitl14,cifar10,0,0,PCA RecError,class pred,lsun resize,recerr_cp,134.8159,128.2458,6.57
clip_vitl14,cifar10,0,0,PCA RecError,class,lsun resize,recerr_class,134.8159,129.3921,5.4238
clip_vitl14,cifar10,0,0,MLS,global,isun,mls,113.3379,113.1576,0.1803
clip_vitl14,cifar10,0,0,Energy,global,isun,energy,113.3458,113.1655,0.1803
clip_vitl14,cifar10,0,0,MSR,global,isun,msr,121.6559,119.9353,1.7206
clip_vitl14,cifar10,0,0,GradNorm,global,isun,gradnorm,121.6462,114.5532,7.093
clip_vitl14,cifar10,0,0,Maha,global,isun,maha,116.9837,121.6561,-4.6724
clip_vitl14,cifar10,0,0,GradNorm,class pred,isun,gradnorm_cp,121.6462,115.5981,6.0481
clip_vitl14,cifar10,0,0,Maha,class pred,isun,maha_cp,116.9837,126.3133,-9.3296
clip_vitl14,cifar10,0,0,PCA RecError,class pred,isun,recerr_cp,126.2078,116.2406,9.9671
clip_vitl14,cifar10,0,0,PCA RecError,class,isun,recerr_class,126.2078,117.8504,8.3574
clip_vitl14,cifar10,0,0,MLS,global,places365,mls,147.5542,149.2397,-1.6855
clip_vitl14,cifar10,0,0,Energy,global,places365,energy,147.5965,149.2848,-1.6883
clip_vitl14,cifar10,0,0,MSR,global,places365,msr,153.4661,153.2667,0.1994
clip_vitl14,cifar10,0,0,GradNorm,global,places365,gradnorm,225.8228,128.0006,97.8222
clip_vitl14,cifar10,0,0,Maha,global,places365,maha,125.6371,125.0905,0.5466
clip_vitl14,cifar10,0,0,GradNorm,class pred,places365,gradnorm_cp,225.8228,129.0413,96.7814
clip_vitl14,cifar10,0,0,Maha,class pred,places365,maha_cp,125.6371,125.1875,0.4496
clip_vitl14,cifar10,0,0,PCA RecError,class pred,places365,recerr_cp,125.9182,124.6984,1.2198
clip_vitl14,cifar10,0,0,PCA RecError,class,places365,recerr_class,125.9182,125.0181,0.9
clip_vitl14,cifar10,0,0,MLS,global,lsun cropped,mls,124.6358,124.5677,0.0681
clip_vitl14,cifar10,0,0,Energy,global,lsun cropped,energy,124.6385,124.5691,0.0694
clip_vitl14,cifar10,0,0,MSR,global,lsun cropped,msr,130.6944,129.9531,0.7413
clip_vitl14,cifar10,0,0,GradNorm,global,lsun cropped,gradnorm,130.2626,126.8339,3.4287
clip_vitl14,cifar10,0,0,Maha,global,lsun cropped,maha,145.8267,142.7832,3.0435
clip_vitl14,cifar10,0,0,GradNorm,class pred,lsun cropped,gradnorm_cp,130.2626,127.9887,2.2739
clip_vitl14,cifar10,0,0,Maha,class pred,lsun cropped,maha_cp,145.8267,153.0318,-7.2051
clip_vitl14,cifar10,0,0,PCA RecError,class pred,lsun cropped,recerr_cp,168.2163,140.7707,27.4456
clip_vitl14,cifar10,0,0,PCA RecError,class,lsun cropped,recerr_class,168.2163,146.5747,21.6416
clip_vitl14,cifar10,0,0,MLS,global,textures,mls,66.9029,67.1331,-0.2302
clip_vitl14,cifar10,0,0,Energy,global,textures,energy,66.938,67.179,-0.241
clip_vitl14,cifar10,0,0,MSR,global,textures,msr,74.9706,72.0596,2.911
clip_vitl14,cifar10,0,0,GradNorm,global,textures,gradnorm,122.3672,64.4759,57.8913
clip_vitl14,cifar10,0,0,Maha,global,textures,maha,65.5314,64.605,0.9264
clip_vitl14,cifar10,0,0,GradNorm,class pred,textures,gradnorm_cp,122.3672,63.906,58.4612
clip_vitl14,cifar10,0,0,Maha,class pred,textures,maha_cp,65.5314,64.7859,0.7455
clip_vitl14,cifar10,0,0,PCA RecError,class pred,textures,recerr_cp,66.0725,63.9893,2.0832
clip_vitl14,cifar10,0,0,PCA RecError,class,textures,recerr_class,66.0725,64.5336,1.5388
clip_vitl14,cifar10,0,0,MLS,global,svhn,mls,262.8396,262.7609,0.0786
clip_vitl14,cifar10,0,0,Energy,global,svhn,energy,262.8399,262.7635,0.0763
clip_vitl14,cifar10,0,0,MSR,global,svhn,msr,266.0383,265.4134,0.6249
clip_vitl14,cifar10,0,0,GradNorm,global,svhn,gradnorm,265.8292,263.0707,2.7586
clip_vitl14,cifar10,0,0,Maha,global,svhn,maha,267.4759,268.4757,-0.9998
clip_vitl14,cifar10,0,0,GradNorm,class pred,svhn,gradnorm_cp,265.8292,263.377,2.4523
clip_vitl14,cifar10,0,0,Maha,class pred,svhn,maha_cp,267.4759,273.8203,-6.3444
clip_vitl14,cifar10,0,0,PCA RecError,class pred,svhn,recerr_cp,275.9795,267.3413,8.6383
clip_vitl14,cifar10,0,0,PCA RecError,class,svhn,recerr_class,275.9795,269.0832,6.8964
clip_vitl14,cifar10,0,1,MLS,global,cifar100,mls,136.936,136.997,-0.061
clip_vitl14,cifar10,0,1,Energy,global,cifar100,energy,137.0015,137.0611,-0.0597
clip_vitl14,cifar10,0,1,MSR,global,cifar100,msr,141.6362,140.2625,1.3737
clip_vitl14,cifar10,0,1,GradNorm,global,cifar100,gradnorm,165.78,144.1728,21.6072
clip_vitl14,cifar10,0,1,Maha,global,cifar100,maha,160.0328,150.6424,9.3904
clip_vitl14,cifar10,0,1,GradNorm,class pred,cifar100,gradnorm_cp,165.78,149.6155,16.1645
clip_vitl14,cifar10,0,1,Maha,class pred,cifar100,maha_cp,160.0328,155.9553,4.0774
clip_vitl14,cifar10,0,1,PCA RecError,class pred,cifar100,recerr_cp,168.555,147.7022,20.8528
clip_vitl14,cifar10,0,1,PCA RecError,class,cifar100,recerr_class,168.555,151.2853,17.2697
clip_vitl14,cifar10,0,1,MLS,global,tinyimagenet,mls,144.9842,145.5728,-0.5886
clip_vitl14,cifar10,0,1,Energy,global,tinyimagenet,energy,145.0311,145.6173,-0.5862
clip_vitl14,cifar10,0,1,MSR,global,tinyimagenet,msr,149.9941,148.4413,1.5529
clip_vitl14,cifar10,0,1,GradNorm,global,tinyimagenet,gradnorm,198.4086,139.3329,59.0757
clip_vitl14,cifar10,0,1,Maha,global,tinyimagenet,maha,126.4745,125.807,0.6675
clip_vitl14,cifar10,0,1,GradNorm,class pred,tinyimagenet,gradnorm_cp,198.4086,141.9587,56.45
clip_vitl14,cifar10,0,1,Maha,class pred,tinyimagenet,maha_cp,126.4745,126.214,0.2604
clip_vitl14,cifar10,0,1,PCA RecError,class pred,tinyimagenet,recerr_cp,127.0997,125.5099,1.5899
clip_vitl14,cifar10,0,1,PCA RecError,class,tinyimagenet,recerr_class,127.0997,125.9178,1.182
clip_vitl14,cifar10,0,1,MLS,global,lsun resize,mls,126.2257,126.1711,0.0545
clip_vitl14,cifar10,0,1,Energy,global,lsun resize,energy,126.2329,126.1786,0.0543
clip_vitl14,cifar10,0,1,MSR,global,lsun resize,msr,134.5176,133.4182,1.0993
clip_vitl14,cifar10,0,1,GradNorm,global,lsun resize,gradnorm,133.7661,127.6077,6.1583
clip_vitl14,cifar10,0,1,Maha,global,lsun resize,maha,129.0897,132.6536,-3.5639
clip_vitl14,cifar10,0,1,GradNorm,class pred,lsun resize,gradnorm_cp,133.7661,128.1085,5.6575
clip_vitl14,cifar10,0,1,Maha,class pred,lsun resize,maha_cp,129.0897,134.8088,-5.7191
clip_vitl14,cifar10,0,1,PCA RecError,class pred,lsun resize,recerr_cp,134.9512,128.4284,6.5228
clip_vitl14,cifar10,0,1,PCA RecError,class,lsun resize,recerr_class,134.9512,129.499,5.4522
clip_vitl14,cifar10,0,1,MLS,global,isun,mls,113.8303,113.5529,0.2774
clip_vitl14,cifar10,0,1,Energy,global,isun,energy,113.8413,113.5676,0.2737
clip_vitl14,cifar10,0,1,MSR,global,isun,msr,123.4858,120.8745,2.6113
clip_vitl14,cifar10,0,1,GradNorm,global,isun,gradnorm,121.9859,114.6577,7.3282
clip_vitl14,cifar10,0,1,Maha,global,isun,maha,117.2242,122.0732,-4.849
clip_vitl14,cifar10,0,1,GradNorm,class pred,isun,gradnorm_cp,121.9859,115.4243,6.5616
clip_vitl14,cifar10,0,1,Maha,class pred,isun,maha_cp,117.2242,126.1573,-8.9332
clip_vitl14,cifar10,0,1,PCA RecError,class pred,isun,recerr_cp,126.3267,116.424,9.9027
clip_vitl14,cifar10,0,1,PCA RecError,class,isun,recerr_class,126.3267,117.9446,8.3821
clip_vitl14,cifar10,0,1,MLS,global,places365,mls,147.4539,148.9956,-1.5417
clip_vitl14,cifar10,0,1,Energy,global,places365,energy,147.4938,149.0416,-1.5479
clip_vitl14,cifar10,0,1,MSR,global,places365,msr,155.661,154.2287,1.4322
clip_vitl14,cifar10,0,1,GradNorm,global,places365,gradnorm,227.1036,128.0579,99.0457
clip_vitl14,cifar10,0,1,Maha,global,places365,maha,125.8554,125.2861,0.5693
clip_vitl14,cifar10,0,1,GradNorm,class pred,places365,gradnorm_cp,227.1036,129.1063,97.9973
clip_vitl14,cifar10,0,1,Maha,class pred,places365,maha_cp,125.8554,125.3992,0.4562
clip_vitl14,cifar10,0,1,PCA RecError,class pred,places365,recerr_cp,126.1072,124.824,1.2832
clip_vitl14,cifar10,0,1,PCA RecError,class,places365,recerr_class,126.1072,125.1609,0.9463
clip_vitl14,cifar10,0,1,MLS,global,lsun cropped,mls,124.8431,124.7179,0.1252
clip_vitl14,cifar10,0,1,Energy,global,lsun cropped,energy,124.8447,124.7214,0.1234
clip_vitl14,cifar10,0,1,MSR,global,lsun cropped,msr,131.492,129.83,1.6619
clip_vitl14,cifar10,0,1,GradNorm,global,lsun cropped,gradnorm,130.8,126.8623,3.9377
clip_vitl14,cifar10,0,1,Maha,global,lsun cropped,maha,145.9495,143.3124,2.6371
clip_vitl14,cifar10,0,1,GradNorm,class pred,lsun cropped,gradnorm_cp,130.8,128.4268,2.3732
clip_vitl14,cifar10,0,1,Maha,class pred,lsun cropped,maha_cp,145.9495,153.9815,-8.032
clip_vitl14,cifar10,0,1,PCA RecError,class pred,lsun cropped,recerr_cp,168.0955,139.7605,28.335
clip_vitl14,cifar10,0,1,PCA RecError,class,lsun cropped,recerr_class,168.0955,146.102,21.9935
clip_vitl14,cifar10,0,1,MLS,global,textures,mls,66.5689,66.771,-0.2021
clip_vitl14,cifar10,0,1,Energy,global,textures,energy,66.6009,66.8129,-0.212
clip_vitl14,cifar10,0,1,MSR,global,textures,msr,74.561,72.3719,2.1891
clip_vitl14,cifar10,0,1,GradNorm,global,textures,gradnorm,119.938,64.5216,55.4164
clip_vitl14,cifar10,0,1,Maha,global,textures,maha,65.8383,64.8727,0.9656
clip_vitl14,cifar10,0,1,GradNorm,class pred,textures,gradnorm_cp,119.938,64.0346,55.9035
clip_vitl14,cifar10,0,1,Maha,class pred,textures,maha_cp,65.8383,65.0793,0.7589
clip_vitl14,cifar10,0,1,PCA RecError,class pred,textures,recerr_cp,66.3262,64.1398,2.1864
clip_vitl14,cifar10,0,1,PCA RecError,class,textures,recerr_class,66.3262,64.7135,1.6127
clip_vitl14,cifar10,0,1,MLS,global,svhn,mls,263.0751,262.9802,0.0949
clip_vitl14,cifar10,0,1,Energy,global,svhn,energy,263.0773,262.9857,0.0916
clip_vitl14,cifar10,0,1,MSR,global,svhn,msr,266.1647,265.1878,0.9769
clip_vitl14,cifar10,0,1,GradNorm,global,svhn,gradnorm,265.7072,263.0494,2.6578
clip_vitl14,cifar10,0,1,Maha,global,svhn,maha,267.5364,268.6432,-1.1068
clip_vitl14,cifar10,0,1,GradNorm,class pred,svhn,gradnorm_cp,265.7072,263.3528,2.3545
clip_vitl14,cifar10,0,1,Maha,class pred,svhn,maha_cp,267.5364,273.5269,-5.9905
clip_vitl14,cifar10,0,1,PCA RecError,class pred,svhn,recerr_cp,276.105,267.005,9.1
clip_vitl14,cifar10,0,1,PCA RecError,class,svhn,recerr_class,276.105,269.2992,6.8058
clip_vitl14,cifar10,0,2,MLS,global,cifar100,mls,136.9596,137.1419,-0.1823
clip_vitl14,cifar10,0,2,Energy,global,cifar100,energy,137.0286,137.2096,-0.181
clip_vitl14,cifar10,0,2,MSR,global,cifar100,msr,140.4294,139.4326,0.9967
clip_vitl14,cifar10,0,2,GradNorm,global,cifar100,gradnorm,165.3883,144.5168,20.8715
clip_vitl14,cifar10,0,2,Maha,global,cifar100,maha,160.037,150.5108,9.5262
clip_vitl14,cifar10,0,2,GradNorm,class pred,cifar100,gradnorm_cp,165.3883,149.3566,16.0317
clip_vitl14,cifar10,0,2,Maha,class pred,cifar100,maha_cp,160.037,156.1533,3.8837
clip_vitl14,cifar10,0,2,PCA RecError,class pred,cifar100,recerr_cp,168.7004,147.6378,21.0626
clip_vitl14,cifar10,0,2,PCA RecError,class,cifar100,recerr_class,168.7004,151.2135,17.4869
clip_vitl14,cifar10,0,2,MLS,global,tinyimagenet,mls,145.1839,146.0819,-0.8981
clip_vitl14,cifar10,0,2,Energy,global,tinyimagenet,energy,145.2286,146.1288,-0.9001
clip_vitl14,cifar10,0,2,MSR,global,tinyimagenet,msr,149.409,148.3225,1.0865
clip_vitl14,cifar10,0,2,GradNorm,global,tinyimagenet,gradnorm,198.1954,139.2698,58.9256
clip_vitl14,cifar10,0,2,Maha,global,tinyimagenet,maha,126.6043,125.8681,0.7362
clip_vitl14,cifar10,0,2,GradNorm,class pred,tinyimagenet,gradnorm_cp,198.1954,142.1933,56.0021
clip_vitl14,cifar10,0,2,Maha,class pred,tinyimagenet,maha_cp,126.6043,126.3273,0.2771
clip_vitl14,cifar10,0,2,PCA RecError,class pred,tinyimagenet,recerr_cp,127.3113,125.6409,1.6705
clip_vitl14,cifar10,0,2,PCA RecError,class,tinyimagenet,recerr_class,127.3113,126.0662,1.2451
clip_vitl14,cifar10,0,2,MLS,global,lsun resize,mls,126.889,127.1392,-0.2502
clip_vitl14,cifar10,0,2,Energy,global,lsun resize,energy,126.8972,127.1435,-0.2462
clip_vitl14,cifar10,0,2,MSR,global,lsun resize,msr,135.6876,136.2444,-0.5568
clip_vitl14,cifar10,0,2,GradNorm,global,lsun resize,gradnorm,134.4198,128.3394,6.0804
clip_vitl14,cifar10,0,2,Maha,global,lsun resize,maha,129.2073,132.4437,-3.2364
clip_vitl14,cifar10,0,2,GradNorm,class pred,lsun resize,gradnorm_cp,134.4198,128.3995,6.0203
clip_vitl14,cifar10,0,2,Maha,class pred,lsun resize,maha_cp,129.2073,134.5118,-5.3045
clip_vitl14,cifar10,0,2,PCA RecError,class pred,lsun resize,recerr_cp,135.2763,128.4696,6.8067
clip_vitl14,cifar10,0,2,PCA RecError,class,lsun resize,recerr_class,135.2763,129.6448,5.6315
clip_vitl14,cifar10,0,2,MLS,global,isun,mls,114.643,114.7103,-0.0673
clip_vitl14,cifar10,0,2,Energy,global,isun,energy,114.6521,114.7199,-0.0679
clip_vitl14,cifar10,0,2,MSR,global,isun,msr,125.1339,123.9944,1.1394
clip_vitl14,cifar10,0,2,GradNorm,global,isun,gradnorm,123.0183,115.3375,7.6808
clip_vitl14,cifar10,0,2,Maha,global,isun,maha,117.3255,121.8112,-4.4858
clip_vitl14,cifar10,0,2,GradNorm,class pred,isun,gradnorm_cp,123.0183,115.668,7.3503
clip_vitl14,cifar10,0,2,Maha,class pred,isun,maha_cp,117.3255,125.5454,-8.22
clip_vitl14,cifar10,0,2,PCA RecError,class pred,isun,recerr_cp,126.6665,116.431,10.2355
clip_vitl14,cifar10,0,2,PCA RecError,class,isun,recerr_class,126.6665,118.0867,8.5797
clip_vitl14,cifar10,0,2,MLS,global,places365,mls,148.4481,150.2968,-1.8486
clip_vitl14,cifar10,0,2,Energy,global,places365,energy,148.4912,150.3434,-1.8522
clip_vitl14,cifar10,0,2,MSR,global,places365,msr,154.7992,154.6844,0.1148
clip_vitl14,cifar10,0,2,GradNorm,global,places365,gradnorm,228.4301,128.0888,100.3413
clip_vitl14,cifar10,0,2,Maha,global,places365,maha,125.9917,125.3848,0.607
clip_vitl14,cifar10,0,2,GradNorm,class pred,places365,gradnorm_cp,228.4301,129.2654,99.1647
clip_vitl14,cifar10,0,2,Maha,class pred,places365,maha_cp,125.9917,125.4989,0.4928
clip_vitl14,cifar10,0,2,PCA RecError,class pred,places365,recerr_cp,126.2977,124.9658,1.3319
clip_vitl14,cifar10,0,2,PCA RecError,class,places365,recerr_class,126.2977,125.3207,0.977
clip_vitl14,cifar10,0,2,MLS,global,lsun cropped,mls,125.0366,124.964,0.0726
clip_vitl14,cifar10,0,2,Energy,global,lsun cropped,energy,125.0393,124.9676,0.0717
clip_vitl14,cifar10,0,2,MSR,global,lsun cropped,msr,131.2936,130.158,1.1356
clip_vitl14,cifar10,0,2,GradNorm,global,lsun cropped,gradnorm,131.1343,127.059,4.0752
clip_vitl14,cifar10,0,2,Maha,global,lsun cropped,maha,146.0878,143.2425,2.8453
clip_vitl14,cifar10,0,2,GradNorm,class pred,lsun cropped,gradnorm_cp,131.1343,128.1242,3.0101
clip_vitl14,cifar10,0,2,Maha,class pred,lsun cropped,maha_cp,146.0878,154.7448,-8.657
clip_vitl14,cifar10,0,2,PCA RecError,class pred,lsun cropped,recerr_cp,168.4727,139.8817,28.591
clip_vitl14,cifar10,0,2,PCA RecError,class,lsun cropped,recerr_class,168.4727,146.1351,22.3376
clip_vitl14,cifar10,0,2,MLS,global,textures,mls,66.9705,67.2485,-0.278
clip_vitl14,cifar10,0,2,Energy,global,textures,energy,67.0077,67.2961,-0.2884
clip_vitl14,cifar10,0,2,MSR,global,textures,msr,74.1105,72.3321,1.7784
clip_vitl14,cifar10,0,2,GradNorm,global,textures,gradnorm,119.9428,64.662,55.2808
clip_vitl14,cifar10,0,2,Maha,global,textures,maha,65.9108,64.882,1.0288
clip_vitl14,cifar10,0,2,GradNorm,class pred,textures,gradnorm_cp,119.9428,64.0302,55.9126
clip_vitl14,cifar10,0,2,Maha,class pred,textures,maha_cp,65.9108,65.0969,0.8139
clip_vitl14,cifar10,0,2,PCA RecError,class pred,textures,recerr_cp,66.4897,64.2173,2.2725
clip_vitl14,cifar10,0,2,PCA RecError,class,textures,recerr_class,66.4897,64.8244,1.6653
clip_vitl14,cifar10,0,2,MLS,global,svhn,mls,263.1496,263.0406,0.1089
clip_vitl14,cifar10,0,2,Energy,global,svhn,energy,263.1511,263.0442,0.1069
clip_vitl14,cifar10,0,2,MSR,global,svhn,msr,266.969,265.8259,1.1431
clip_vitl14,cifar10,0,2,GradNorm,global,svhn,gradnorm,265.9596,263.2138,2.7458
clip_vitl14,cifar10,0,2,Maha,global,svhn,maha,267.6832,268.7139,-1.0307
clip_vitl14,cifar10,0,2,GradNorm,class pred,svhn,gradnorm_cp,265.9596,263.5357,2.4239
clip_vitl14,cifar10,0,2,Maha,class pred,svhn,maha_cp,267.6832,274.791,-7.1078
clip_vitl14,cifar10,0,2,PCA RecError,class pred,svhn,recerr_cp,276.323,267.1814,9.1415
clip_vitl14,cifar10,0,2,PCA RecError,class,svhn,recerr_class,276.323,269.2312,7.0917
clip_vitl14,cifar100,25,0,MLS,global,cifar10,mls,210.5098,211.9837,-1.4739
clip_vitl14,cifar100,25,0,Energy,global,cifar10,energy,210.9767,212.458,-1.4813
clip_vitl14,cifar100,25,0,MSR,global,cifar10,msr,210.024,211.8893,-1.8653
clip_vitl14,cifar100,25,0,GradNorm,global,cifar10,gradnorm,252.5404,232.0873,20.4531
clip_vitl14,cifar100,25,0,Maha,global,cifar10,maha,242.2649,221.3116,20.9534
clip_vitl14,cifar100,25,0,GradNorm,class pred,cifar10,gradnorm_cp,252.5404,269.9715,-17.4311
clip_vitl14,cifar100,25,0,Maha,class pred,cifar10,maha_cp,242.2649,268.8816,-26.6167
clip_vitl14,cifar100,25,0,PCA RecError,class pred,cifar10,recerr_cp,252.9263,226.169,26.7573
clip_vitl14,cifar100,25,0,PCA RecError,class,cifar10,recerr_class,252.9263,231.0082,21.9182
clip_vitl14,cifar100,25,0,MLS,global,tinyimagenet,mls,224.12,226.0755,-1.9555
clip_vitl14,cifar100,25,0,Energy,global,tinyimagenet,energy,224.561,226.5556,-1.9946
clip_vitl14,cifar100,25,0,MSR,global,tinyimagenet,msr,222.7578,224.3204,-1.5625
clip_vitl14,cifar100,25,0,GradNorm,global,tinyimagenet,gradnorm,269.4387,213.9477,55.4911
clip_vitl14,cifar100,25,0,Maha,global,tinyimagenet,maha,200.5539,195.9128,4.6411
clip_vitl14,cifar100,25,0,GradNorm,class pred,tinyimagenet,gradnorm_cp,269.4387,235.962,33.4768
clip_vitl14,cifar100,25,0,Maha,class pred,tinyimagenet,maha_cp,200.5539,238.7854,-38.2315
clip_vitl14,cifar100,25,0,PCA RecError,class pred,tinyimagenet,recerr_cp,204.5463,194.9012,9.6451
clip_vitl14,cifar100,25,0,PCA RecError,class,tinyimagenet,recerr_class,204.5463,196.4079,8.1384
clip_vitl14,cifar100,25,0,MLS,global,lsun resize,mls,197.2772,198.5905,-1.3133
clip_vitl14,cifar100,25,0,Energy,global,lsun resize,energy,197.568,198.8833,-1.3153
clip_vitl14,cifar100,25,0,MSR,global,lsun resize,msr,203.9241,206.0252,-2.1012
clip_vitl14,cifar100,25,0,GradNorm,global,lsun resize,gradnorm,200.4869,193.0973,7.3896
clip_vitl14,cifar100,25,0,Maha,global,lsun resize,maha,208.4481,211.2507,-2.8026
clip_vitl14,cifar100,25,0,GradNorm,class pred,lsun resize,gradnorm_cp,200.4869,242.8406,-42.3538
clip_vitl14,cifar100,25,0,Maha,class pred,lsun resize,maha_cp,208.4481,240.3835,-31.9354
clip_vitl14,cifar100,25,0,PCA RecError,class pred,lsun resize,recerr_cp,226.7048,208.8163,17.8885
clip_vitl14,cifar100,25,0,PCA RecError,class,lsun resize,recerr_class,226.7048,213.974,12.7309
clip_vitl14,cifar100,25,0,MLS,global,isun,mls,183.7852,184.8711,-1.086
clip_vitl14,cifar100,25,0,Energy,global,isun,energy,184.1178,185.2271,-1.1093
clip_vitl14,cifar100,25,0,MSR,global,isun,msr,189.6533,191.2166,-1.5632
clip_vitl14,cifar100,25,0,GradNorm,global,isun,gradnorm,188.7518,182.6651,6.0866
clip_vitl14,cifar100,25,0,Maha,global,isun,maha,202.9116,207.5,-4.5884
clip_vitl14,cifar100,25,0,GradNorm,class pred,isun,gradnorm_cp,188.7518,236.5565,-47.8047
clip_vitl14,cifar100,25,0,Maha,class pred,isun,maha_cp,202.9116,232.3801,-29.4684
clip_vitl14,cifar100,25,0,PCA RecError,class pred,isun,recerr_cp,224.7837,204.9741,19.8096
clip_vitl14,cifar100,25,0,PCA RecError,class,isun,recerr_class,224.7837,211.235,13.5488
clip_vitl14,cifar100,25,0,MLS,global,places365,mls,227.378,233.9613,-6.5834
clip_vitl14,cifar100,25,0,Energy,global,places365,energy,227.9318,234.576,-6.6443
clip_vitl14,cifar100,25,0,MSR,global,places365,msr,224.9387,228.5686,-3.6299
clip_vitl14,cifar100,25,0,GradNorm,global,places365,gradnorm,302.1871,191.6751,110.512
clip_vitl14,cifar100,25,0,Maha,global,places365,maha,198.6591,194.2686,4.3905
clip_vitl14,cifar100,25,0,GradNorm,class pred,places365,gradnorm_cp,302.1871,218.8039,83.3832
clip_vitl14,cifar100,25,0,Maha,class pred,places365,maha_cp,198.6591,212.5358,-13.8767
clip_vitl14,cifar100,25,0,PCA RecError,class pred,places365,recerr_cp,200.459,193.0122,7.4468
clip_vitl14,cifar100,25,0,PCA RecError,class,places365,recerr_class,200.459,194.3703,6.0887
clip_vitl14,cifar100,25,0,MLS,global,lsun cropped,mls,188.9822,189.2425,-0.2603
clip_vitl14,cifar100,25,0,Energy,global,lsun cropped,energy,189.0992,189.3689,-0.2697
clip_vitl14,cifar100,25,0,MSR,global,lsun cropped,msr,198.1039,198.9417,-0.8377
clip_vitl14,cifar100,25,0,GradNorm,global,lsun cropped,gradnorm,195.4053,193.0554,2.3499
clip_vitl14,cifar100,25,0,Maha,global,lsun cropped,maha,246.8012,238.3879,8.4133
clip_vitl14,cifar100,25,0,GradNorm,class pred,lsun cropped,gradnorm_cp,195.4053,223.4606,-28.0553
clip_vitl14,cifar100,25,0,Maha,class pred,lsun cropped,maha_cp,246.8012,276.1381,-29.3369
clip_vitl14,cifar100,25,0,PCA RecError,class pred,lsun cropped,recerr_cp,274.9424,236.443,38.4994
clip_vitl14,cifar100,25,0,PCA RecError,class,lsun cropped,recerr_class,274.9424,243.3807,31.5616
clip_vitl14,cifar100,25,0,MLS,global,textures,mls,144.9246,146.6735,-1.7489
clip_vitl14,cifar100,25,0,Energy,global,textures,energy,145.458,147.2276,-1.7696
clip_vitl14,cifar100,25,0,MSR,global,textures,msr,145.3261,147.1857,-1.8596
clip_vitl14,cifar100,25,0,GradNorm,global,textures,gradnorm,196.9592,136.399,60.5602
clip_vitl14,cifar100,25,0,Maha,global,textures,maha,151.1811,143.7532,7.4279
clip_vitl14,cifar100,25,0,GradNorm,class pred,textures,gradnorm_cp,196.9592,150.6919,46.2674
clip_vitl14,cifar100,25,0,Maha,class pred,textures,maha_cp,151.1811,185.9976,-34.8164
clip_vitl14,cifar100,25,0,PCA RecError,class pred,textures,recerr_cp,154.4639,141.7195,12.7444
clip_vitl14,cifar100,25,0,PCA RecError,class,textures,recerr_class,154.4639,143.9929,10.471
clip_vitl14,cifar100,25,0,MLS,global,svhn,mls,306.5083,306.4978,0.0105
clip_vitl14,cifar100,25,0,Energy,global,svhn,energy,306.523,306.5174,0.0056
clip_vitl14,cifar100,25,0,MSR,global,svhn,msr,313.8013,314.3192,-0.518
clip_vitl14,cifar100,25,0,GradNorm,global,svhn,gradnorm,308.5851,305.4833,3.1018
clip_vitl14,cifar100,25,0,Maha,global,svhn,maha,320.9696,326.5382,-5.5686
clip_vitl14,cifar100,25,0,GradNorm,class pred,svhn,gradnorm_cp,308.5851,317.4145,-8.8294
clip_vitl14,cifar100,25,0,Maha,class pred,svhn,maha_cp,320.9696,326.1592,-5.1896
clip_vitl14,cifar100,25,0,PCA RecError,class pred,svhn,recerr_cp,332.9885,324.0835,8.905
clip_vitl14,cifar100,25,0,PCA RecError,class,svhn,recerr_class,332.9885,326.385,6.6035
clip_vitl14,cifar100,25,1,MLS,global,cifar10,mls,210.913,212.7532,-1.8402
clip_vitl14,cifar100,25,1,Energy,global,cifar10,energy,211.4697,213.292,-1.8223
clip_vitl14,cifar100,25,1,MSR,global,cifar10,msr,207.7087,210.7077,-2.9991
clip_vitl14,cifar100,25,1,GradNorm,global,cifar10,gradnorm,251.2531,234.2494,17.0037
clip_vitl14,cifar100,25,1,Maha,global,cifar10,maha,244.6237,223.7329,20.8908
clip_vitl14,cifar100,25,1,GradNorm,class pred,cifar10,gradnorm_cp,251.2531,267.4232,-16.1701
clip_vitl14,cifar100,25,1,Maha,class pred,cifar10,maha_cp,244.6237,274.1486,-29.5249
clip_vitl14,cifar100,25,1,PCA RecError,class pred,cifar10,recerr_cp,256.5266,227.7488,28.7778
clip_vitl14,cifar100,25,1,PCA RecError,class,cifar10,recerr_class,256.5266,232.6792,23.8474
clip_vitl14,cifar100,25,1,MLS,global,tinyimagenet,mls,228.0781,230.2507,-2.1726
clip_vitl14,cifar100,25,1,Energy,global,tinyimagenet,energy,228.5094,230.6667,-2.1573
clip_vitl14,cifar100,25,1,MSR,global,tinyimagenet,msr,226.4852,229.2367,-2.7515
clip_vitl14,cifar100,25,1,GradNorm,global,tinyimagenet,gradnorm,273.5863,216.7488,56.8376
clip_vitl14,cifar100,25,1,Maha,global,tinyimagenet,maha,202.1324,197.476,4.6563
clip_vitl14,cifar100,25,1,GradNorm,class pred,tinyimagenet,gradnorm_cp,273.5863,237.3489,36.2374
clip_vitl14,cifar100,25,1,Maha,class pred,tinyimagenet,maha_cp,202.1324,239.2104,-37.0781
clip_vitl14,cifar100,25,1,PCA RecError,class pred,tinyimagenet,recerr_cp,206.1329,196.796,9.3369
clip_vitl14,cifar100,25,1,PCA RecError,class,tinyimagenet,recerr_class,206.1329,198.2911,7.8419
clip_vitl14,cifar100,25,1,MLS,global,lsun resize,mls,199.0821,199.8723,-0.7902
clip_vitl14,cifar100,25,1,Energy,global,lsun resize,energy,199.3067,200.0719,-0.7651
clip_vitl14,cifar100,25,1,MSR,global,lsun resize,msr,207.8077,210.1443,-2.3366
clip_vitl14,cifar100,25,1,GradNorm,global,lsun resize,gradnorm,203.5576,195.4194,8.1382
clip_vitl14,cifar100,25,1,Maha,global,lsun resize,maha,208.9533,212.6381,-3.6848
clip_vitl14,cifar100,25,1,GradNorm,class pred,lsun resize,gradnorm_cp,203.5576,249.024,-45.4664
clip_vitl14,cifar100,25,1,Maha,class pred,lsun resize,maha_cp,208.9533,245.1616,-36.2083
clip_vitl14,cifar100,25,1,PCA RecError,class pred,lsun resize,recerr_cp,225.8012,211.8003,14.0009
clip_vitl14,cifar100,25,1,PCA RecError,class,lsun resize,recerr_class,225.8012,215.1088,10.6924
clip_vitl14,cifar100,25,1,MLS,global,isun,mls,185.0212,185.7182,-0.697
clip_vitl14,cifar100,25,1,Energy,global,isun,energy,185.2879,185.9518,-0.6639
clip_vitl14,cifar100,25,1,MSR,global,isun,msr,192.4265,194.3908,-1.9643
clip_vitl14,cifar100,25,1,GradNorm,global,isun,gradnorm,190.5527,184.6222,5.9306
clip_vitl14,cifar100,25,1,Maha,global,isun,maha,203.0821,208.8478,-5.7657
clip_vitl14,cifar100,25,1,GradNorm,class pred,isun,gradnorm_cp,190.5527,244.8013,-54.2486
clip_vitl14,cifar100,25,1,Maha,class pred,isun,maha_cp,203.0821,235.2553,-32.1732
clip_vitl14,cifar100,25,1,PCA RecError,class pred,isun,recerr_cp,224.0345,205.5507,18.4838
clip_vitl14,cifar100,25,1,PCA RecError,class,isun,recerr_class,224.0345,210.47,13.5646
clip_vitl14,cifar100,25,1,MLS,global,places365,mls,225.0093,230.9477,-5.9384
clip_vitl14,cifar100,25,1,Energy,global,places365,energy,225.4361,231.4142,-5.9782
clip_vitl14,cifar100,25,1,MSR,global,places365,msr,226.594,230.7881,-4.194
clip_vitl14,cifar100,25,1,GradNorm,global,places365,gradnorm,303.5818,194.1073,109.4744
clip_vitl14,cifar100,25,1,Maha,global,places365,maha,200.2699,195.839,4.4309
clip_vitl14,cifar100,25,1,GradNorm,class pred,places365,gradnorm_cp,303.5818,223.5858,79.9959
clip_vitl14,cifar100,25,1,Maha,class pred,places365,maha_cp,200.2699,214.4336,-14.1637
clip_vitl14,cifar100,25,1,PCA RecError,class pred,places365,recerr_cp,202.3102,194.7524,7.5579
clip_vitl14,cifar100,25,1,PCA RecError,class,places365,recerr_class,202.3102,196.1339,6.1763
clip_vitl14,cifar100,25,1,MLS,global,lsun cropped,mls,193.0114,193.2486,-0.2371
clip_vitl14,cifar100,25,1,Energy,global,lsun cropped,energy,193.1426,193.3547,-0.2121
clip_vitl14,cifar100,25,1,MSR,global,lsun cropped,msr,202.9925,204.6408,-1.6483
clip_vitl14,cifar100,25,1,GradNorm,global,lsun cropped,gradnorm,199.5268,195.667,3.8599
clip_vitl14,cifar100,25,1,Maha,global,lsun cropped,maha,248.0135,237.4676,10.5459
clip_vitl14,cifar100,25,1,GradNorm,class pred,lsun cropped,gradnorm_cp,199.5268,225.1874,-25.6606
clip_vitl14,cifar100,25,1,Maha,class pred,lsun cropped,maha_cp,248.0135,280.166,-32.1525
clip_vitl14,cifar100,25,1,PCA RecError,class pred,lsun cropped,recerr_cp,276.742,239.1946,37.5473
clip_vitl14,cifar100,25,1,PCA RecError,class,lsun cropped,recerr_class,276.742,245.6206,31.1213
clip_vitl14,cifar100,25,1,MLS,global,textures,mls,148.1675,149.8366,-1.6691
clip_vitl14,cifar100,25,1,Energy,global,textures,energy,148.652,150.3088,-1.6569
clip_vitl14,cifar100,25,1,MSR,global,textures,msr,149.3799,152.2387,-2.8587
clip_vitl14,cifar100,25,1,GradNorm,global,textures,gradnorm,199.6193,140.7936,58.8258
clip_vitl14,cifar100,25,1,Maha,global,textures,maha,153.1792,145.659,7.5202
clip_vitl14,cifar100,25,1,GradNorm,class pred,textures,gradnorm_cp,199.6193,156.3937,43.2257
clip_vitl14,cifar100,25,1,Maha,class pred,textures,maha_cp,153.1792,181.5867,-28.4075
clip_vitl14,cifar100,25,1,PCA RecError,class pred,textures,recerr_cp,156.8643,143.9519,12.9123
clip_vitl14,cifar100,25,1,PCA RecError,class,textures,recerr_class,156.8643,146.268,10.5963
clip_vitl14,cifar100,25,1,MLS,global,svhn,mls,308.956,309.1804,-0.2245
clip_vitl14,cifar100,25,1,Energy,global,svhn,energy,308.9566,309.1432,-0.1866
clip_vitl14,cifar100,25,1,MSR,global,svhn,msr,318.4626,320.3456,-1.883
clip_vitl14,cifar100,25,1,GradNorm,global,svhn,gradnorm,310.8854,307.076,3.8094
clip_vitl14,cifar100,25,1,Maha,global,svhn,maha,322.5056,328.1478,-5.6422
clip_vitl14,cifar100,25,1,GradNorm,class pred,svhn,gradnorm_cp,310.8854,314.4201,-3.5347
clip_vitl14,cifar100,25,1,Maha,class pred,svhn,maha_cp,322.5056,347.9132,-25.4077
clip_vitl14,cifar100,25,1,PCA RecError,class pred,svhn,recerr_cp,335.5455,328.68,6.8655
clip_vitl14,cifar100,25,1,PCA RecError,class,svhn,recerr_class,335.5455,329.7096,5.8359
clip_vitl14,cifar100,25,2,MLS,global,cifar10,mls,211.0822,212.641,-1.5588
clip_vitl14,cifar100,25,2,Energy,global,cifar10,energy,211.5271,213.0604,-1.5333
clip_vitl14,cifar100,25,2,MSR,global,cifar10,msr,212.1887,215.1013,-2.9126
clip_vitl14,cifar100,25,2,GradNorm,global,cifar10,gradnorm,257.6851,236.3962,21.2889
clip_vitl14,cifar100,25,2,Maha,global,cifar10,maha,243.8711,223.0409,20.8302
clip_vitl14,cifar100,25,2,GradNorm,class pred,cifar10,gradnorm_cp,257.6851,262.9854,-5.3003
clip_vitl14,cifar100,25,2,Maha,class pred,cifar10,maha_cp,243.8711,273.3537,-29.4826
clip_vitl14,cifar100,25,2,PCA RecError,class pred,cifar10,recerr_cp,255.1444,227.5961,27.5484
clip_vitl14,cifar100,25,2,PCA RecError,class,cifar10,recerr_class,255.1444,232.4576,22.6868
clip_vitl14,cifar100,25,2,MLS,global,tinyimagenet,mls,225.7551,228.2979,-2.5428
clip_vitl14,cifar100,25,2,Energy,global,tinyimagenet,energy,226.2193,228.7791,-2.5598
clip_vitl14,cifar100,25,2,MSR,global,tinyimagenet,msr,224.0368,226.9408,-2.9039
clip_vitl14,cifar100,25,2,GradNorm,global,tinyimagenet,gradnorm,270.6756,215.3521,55.3235
clip_vitl14,cifar100,25,2,Maha,global,tinyimagenet,maha,200.7816,196.3522,4.4294
clip_vitl14,cifar100,25,2,GradNorm,class pred,tinyimagenet,gradnorm_cp,270.6756,234.4424,36.2332
clip_vitl14,cifar100,25,2,Maha,class pred,tinyimagenet,maha_cp,200.7816,237.7749,-36.9934
clip_vitl14,cifar100,25,2,PCA RecError,class pred,tinyimagenet,recerr_cp,204.6101,195.7021,8.908
clip_vitl14,cifar100,25,2,PCA RecError,class,tinyimagenet,recerr_class,204.6101,197.1172,7.4929
clip_vitl14,cifar100,25,2,MLS,global,lsun resize,mls,196.4551,197.9204,-1.4653
clip_vitl14,cifar100,25,2,Energy,global,lsun resize,energy,196.7286,198.1677,-1.4391
clip_vitl14,cifar100,25,2,MSR,global,lsun resize,msr,202.4904,205.8581,-3.3677
clip_vitl14,cifar100,25,2,GradNorm,global,lsun resize,gradnorm,200.4006,194.0848,6.3158
clip_vitl14,cifar100,25,2,Maha,global,lsun resize,maha,208.8902,216.7194,-7.8292
clip_vitl14,cifar100,25,2,GradNorm,class pred,lsun resize,gradnorm_cp,200.4006,250.2307,-49.8301
clip_vitl14,cifar100,25,2,Maha,class pred,lsun resize,maha_cp,208.8902,235.2297,-26.3395
clip_vitl14,cifar100,25,2,PCA RecError,class pred,lsun resize,recerr_cp,224.2597,211.3899,12.8698
clip_vitl14,cifar100,25,2,PCA RecError,class,lsun resize,recerr_class,224.2597,216.2449,8.0147
clip_vitl14,cifar100,25,2,MLS,global,isun,mls,184.7857,185.7955,-1.0099
clip_vitl14,cifar100,25,2,Energy,global,isun,energy,185.0685,186.0546,-0.9861
clip_vitl14,cifar100,25,2,MSR,global,isun,msr,192.4232,194.8669,-2.4437
clip_vitl14,cifar100,25,2,GradNorm,global,isun,gradnorm,189.6062,184.0256,5.5806
clip_vitl14,cifar100,25,2,Maha,global,isun,maha,203.8449,213.8822,-10.0374
clip_vitl14,cifar100,25,2,GradNorm,class pred,isun,gradnorm_cp,189.6062,246.2256,-56.6194
clip_vitl14,cifar100,25,2,Maha,class pred,isun,maha_cp,203.8449,227.9196,-24.0748
clip_vitl14,cifar100,25,2,PCA RecError,class pred,isun,recerr_cp,222.6598,206.8754,15.7844
clip_vitl14,cifar100,25,2,PCA RecError,class,isun,recerr_class,222.6598,213.2069,9.4528
clip_vitl14,cifar100,25,2,MLS,global,places365,mls,223.6799,230.6507,-6.9708
clip_vitl14,cifar100,25,2,Energy,global,places365,energy,224.1127,231.1111,-6.9983
clip_vitl14,cifar100,25,2,MSR,global,places365,msr,225.4702,230.9657,-5.4956
clip_vitl14,cifar100,25,2,GradNorm,global,places365,gradnorm,300.6973,192.9109,107.7864
clip_vitl14,cifar100,25,2,Maha,global,places365,maha,198.8743,194.5671,4.3073
clip_vitl14,cifar100,25,2,GradNorm,class pred,places365,gradnorm_cp,300.6973,220.3553,80.342
clip_vitl14,cifar100,25,2,Maha,class pred,places365,maha_cp,198.8743,212.124,-13.2497
clip_vitl14,cifar100,25,2,PCA RecError,class pred,places365,recerr_cp,200.8938,193.6137,7.28
clip_vitl14,cifar100,25,2,PCA RecError,class,places365,recerr_class,200.8938,194.9112,5.9825
clip_vitl14,cifar100,25,2,MLS,global,lsun cropped,mls,189.6494,190.1347,-0.4853
clip_vitl14,cifar100,25,2,Energy,global,lsun cropped,energy,189.7621,190.2336,-0.4715
clip_vitl14,cifar100,25,2,MSR,global,lsun cropped,msr,198.5777,200.5836,-2.0058
clip_vitl14,cifar100,25,2,GradNorm,global,lsun cropped,gradnorm,196.0485,192.7767,3.2717
clip_vitl14,cifar100,25,2,Maha,global,lsun cropped,maha,249.3545,239.4486,9.9059
clip_vitl14,cifar100,25,2,GradNorm,class pred,lsun cropped,gradnorm_cp,196.0485,245.8987,-49.8503
clip_vitl14,cifar100,25,2,Maha,class pred,lsun cropped,maha_cp,249.3545,262.9789,-13.6244
clip_vitl14,cifar100,25,2,PCA RecError,class pred,lsun cropped,recerr_cp,278.1953,234.8652,43.3301
clip_vitl14,cifar100,25,2,PCA RecError,class,lsun cropped,recerr_class,278.1953,241.1515,37.0438
clip_vitl14,cifar100,25,2,MLS,global,textures,mls,145.6773,147.3618,-1.6845
clip_vitl14,cifar100,25,2,Energy,global,textures,energy,146.2505,147.9278,-1.6773
clip_vitl14,cifar100,25,2,MSR,global,textures,msr,144.6048,147.2466,-2.6418
clip_vitl14,cifar100,25,2,GradNorm,global,textures,gradnorm,197.5375,139.7184,57.8191
clip_vitl14,cifar100,25,2,Maha,global,textures,maha,151.3401,144.0626,7.2775
clip_vitl14,cifar100,25,2,GradNorm,class pred,textures,gradnorm_cp,197.5375,154.0738,43.4637
clip_vitl14,cifar100,25,2,Maha,class pred,textures,maha_cp,151.3401,177.0248,-25.6847
clip_vitl14,cifar100,25,2,PCA RecError,class pred,textures,recerr_cp,155.027,142.5347,12.4923
clip_vitl14,cifar100,25,2,PCA RecError,class,textures,recerr_class,155.027,144.7099,10.3171
clip_vitl14,cifar100,25,2,MLS,global,svhn,mls,306.3643,306.4872,-0.123
clip_vitl14,cifar100,25,2,Energy,global,svhn,energy,306.4543,306.5842,-0.1299
clip_vitl14,cifar100,25,2,MSR,global,svhn,msr,311.0062,311.5795,-0.5734
clip_vitl14,cifar100,25,2,GradNorm,global,svhn,gradnorm,307.5258,305.6315,1.8943
clip_vitl14,cifar100,25,2,Maha,global,svhn,maha,321.2007,331.4475,-10.2468
clip_vitl14,cifar100,25,2,GradNorm,class pred,svhn,gradnorm_cp,307.5258,325.0521,-17.5264
clip_vitl14,cifar100,25,2,Maha,class pred,svhn,maha_cp,321.2007,346.1237,-24.923
clip_vitl14,cifar100,25,2,PCA RecError,class pred,svhn,recerr_cp,334.8477,322.9957,11.852
clip_vitl14,cifar100,25,2,PCA RecError,class,svhn,recerr_class,334.8477,325.9723,8.8755
clip_vitl14,cifar100,100,0,MLS,global,cifar10,mls,199.0315,200.968,-1.9365
clip_vitl14,cifar100,100,0,Energy,global,cifar10,energy,199.6653,201.5607,-1.8954
clip_vitl14,cifar100,100,0,MSR,global,cifar10,msr,195.859,198.903,-3.0439
clip_vitl14,cifar100,100,0,GradNorm,global,cifar10,gradnorm,234.6279,218.9652,15.6626
clip_vitl14,cifar100,100,0,Maha,global,cifar10,maha,231.0671,213.6251,17.442
clip_vitl14,cifar100,100,0,GradNorm,class pred,cifar10,gradnorm_cp,234.6279,245.0114,-10.3836
clip_vitl14,cifar100,100,0,Maha,class pred,cifar10,maha_cp,231.0671,231.7766,-0.7095
clip_vitl14,cifar100,100,0,PCA RecError,class pred,cifar10,recerr_cp,243.4349,212.2054,31.2295
clip_vitl14,cifar100,100,0,PCA RecError,class,cifar10,recerr_class,243.4349,218.8115,24.6234
clip_vitl14,cifar100,100,0,MLS,global,tinyimagenet,mls,220.8167,222.4085,-1.5918
clip_vitl14,cifar100,100,0,Energy,global,tinyimagenet,energy,221.4083,222.9953,-1.587
clip_vitl14,cifar100,100,0,MSR,global,tinyimagenet,msr,216.5712,218.7974,-2.2262
clip_vitl14,cifar100,100,0,GradNorm,global,tinyimagenet,gradnorm,264.5771,207.8032,56.7739
clip_vitl14,cifar100,100,0,Maha,global,tinyimagenet,maha,189.1387,185.6131,3.5255
clip_vitl14,cifar100,100,0,GradNorm,class pred,tinyimagenet,gradnorm_cp,264.5771,209.3863,55.1908
clip_vitl14,cifar100,100,0,Maha,class pred,tinyimagenet,maha_cp,189.1387,196.0841,-6.9454
clip_vitl14,cifar100,100,0,PCA RecError,class pred,tinyimagenet,recerr_cp,193.2015,182.8371,10.3643
clip_vitl14,cifar100,100,0,PCA RecError,class,tinyimagenet,recerr_class,193.2015,184.5728,8.6287
clip_vitl14,cifar100,100,0,MLS,global,lsun resize,mls,191.1111,192.8944,-1.7833
clip_vitl14,cifar100,100,0,Energy,global,lsun resize,energy,191.4197,193.0978,-1.678
clip_vitl14,cifar100,100,0,MSR,global,lsun resize,msr,199.0243,203.8079,-4.7836
clip_vitl14,cifar100,100,0,GradNorm,global,lsun resize,gradnorm,191.9672,183.3285,8.6387
clip_vitl14,cifar100,100,0,Maha,global,lsun resize,maha,196.5873,203.0865,-6.4992
clip_vitl14,cifar100,100,0,GradNorm,class pred,lsun resize,gradnorm_cp,191.9672,199.4303,-7.4631
clip_vitl14,cifar100,100,0,Maha,class pred,lsun resize,maha_cp,196.5873,219.5129,-22.9256
clip_vitl14,cifar100,100,0,PCA RecError,class pred,lsun resize,recerr_cp,211.2859,193.3852,17.9007
clip_vitl14,cifar100,100,0,PCA RecError,class,lsun resize,recerr_class,211.2859,197.05,14.2359
clip_vitl14,cifar100,100,0,MLS,global,isun,mls,175.6262,176.6319,-1.0057
clip_vitl14,cifar100,100,0,Energy,global,isun,energy,175.972,176.8752,-0.9032
clip_vitl14,cifar100,100,0,MSR,global,isun,msr,182.2778,185.4829,-3.2051
clip_vitl14,cifar100,100,0,GradNorm,global,isun,gradnorm,178.972,171.1927,7.7793
clip_vitl14,cifar100,100,0,Maha,global,isun,maha,190.3551,198.8169,-8.4618
clip_vitl14,cifar100,100,0,GradNorm,class pred,isun,gradnorm_cp,178.972,190.0311,-11.0592
clip_vitl14,cifar100,100,0,Maha,class pred,isun,maha_cp,190.3551,215.3802,-25.0251
clip_vitl14,cifar100,100,0,PCA RecError,class pred,isun,recerr_cp,208.5632,186.4388,22.1244
clip_vitl14,cifar100,100,0,PCA RecError,class,isun,recerr_class,208.5632,191.4725,17.0908
clip_vitl14,cifar100,100,0,MLS,global,places365,mls,227.0762,234.6772,-7.6011
clip_vitl14,cifar100,100,0,Energy,global,places365,energy,227.9244,235.5602,-7.6358
clip_vitl14,cifar100,100,0,MSR,global,places365,msr,217.2768,221.2062,-3.9294
clip_vitl14,cifar100,100,0,GradNorm,global,places365,gradnorm,295.2838,183.9991,111.2847
clip_vitl14,cifar100,100,0,Maha,global,places365,maha,187.2661,183.9937,3.2724
clip_vitl14,cifar100,100,0,GradNorm,class pred,places365,gradnorm_cp,295.2838,191.2941,103.9896
clip_vitl14,cifar100,100,0,Maha,class pred,places365,maha_cp,187.2661,186.9774,0.2888
clip_vitl14,cifar100,100,0,PCA RecError,class pred,places365,recerr_cp,188.9948,181.1782,7.8166
clip_vitl14,cifar100,100,0,PCA RecError,class,places365,recerr_class,188.9948,182.7919,6.203
clip_vitl14,cifar100,100,0,MLS,global,lsun cropped,mls,179.3278,179.9526,-0.6248
clip_vitl14,cifar100,100,0,Energy,global,lsun cropped,energy,179.5323,180.1086,-0.5763
clip_vitl14,cifar100,100,0,MSR,global,lsun cropped,msr,185.083,187.1421,-2.0591
clip_vitl14,cifar100,100,0,GradNorm,global,lsun cropped,gradnorm,184.0128,181.2806,2.7322
clip_vitl14,cifar100,100,0,Maha,global,lsun cropped,maha,234.4907,228.1867,6.304
clip_vitl14,cifar100,100,0,GradNorm,class pred,lsun cropped,gradnorm_cp,184.0128,191.037,-7.0242
clip_vitl14,cifar100,100,0,Maha,class pred,lsun cropped,maha_cp,234.4907,245.474,-10.9833
clip_vitl14,cifar100,100,0,PCA RecError,class pred,lsun cropped,recerr_cp,263.4935,215.2495,48.244
clip_vitl14,cifar100,100,0,PCA RecError,class,lsun cropped,recerr_class,263.4935,222.5674,40.9261
clip_vitl14,cifar100,100,0,MLS,global,textures,mls,140.9066,141.4563,-0.5497
clip_vitl14,cifar100,100,0,Energy,global,textures,energy,141.7969,142.2777,-0.4809
clip_vitl14,cifar100,100,0,MSR,global,textures,msr,134.7163,137.024,-2.3077
clip_vitl14,cifar100,100,0,GradNorm,global,textures,gradnorm,189.04,127.9548,61.0852
clip_vitl14,cifar100,100,0,Maha,global,textures,maha,137.8284,132.2616,5.5668
clip_vitl14,cifar100,100,0,GradNorm,class pred,textures,gradnorm_cp,189.04,128.706,60.334
clip_vitl14,cifar100,100,0,Maha,class pred,textures,maha_cp,137.8284,138.3591,-0.5307
clip_vitl14,cifar100,100,0,PCA RecError,class pred,textures,recerr_cp,141.0637,127.5971,13.4667
clip_vitl14,cifar100,100,0,PCA RecError,class,textures,recerr_class,141.0637,130.3015,10.7623
clip_vitl14,cifar100,100,0,MLS,global,svhn,mls,299.213,299.3613,-0.1483
clip_vitl14,cifar100,100,0,Energy,global,svhn,energy,299.1675,299.2482,-0.0808
clip_vitl14,cifar100,100,0,MSR,global,svhn,msr,305.7169,307.8798,-2.1629
clip_vitl14,cifar100,100,0,GradNorm,global,svhn,gradnorm,300.9182,298.8026,2.1156
clip_vitl14,cifar100,100,0,Maha,global,svhn,maha,313.3053,319.6191,-6.3138
clip_vitl14,cifar100,100,0,GradNorm,class pred,svhn,gradnorm_cp,300.9182,301.1356,-0.2174
clip_vitl14,cifar100,100,0,Maha,class pred,svhn,maha_cp,313.3053,323.6982,-10.3929
clip_vitl14,cifar100,100,0,PCA RecError,class pred,svhn,recerr_cp,325.3873,311.4471,13.9402
clip_vitl14,cifar100,100,0,PCA RecError,class,svhn,recerr_class,325.3873,315.7137,9.6737
clip_vitl14,cifar100,100,1,MLS,global,cifar10,mls,199.9044,201.7677,-1.8633
clip_vitl14,cifar100,100,1,Energy,global,cifar10,energy,200.569,202.4116,-1.8426
clip_vitl14,cifar100,100,1,MSR,global,cifar10,msr,196.5183,199.2428,-2.7245
clip_vitl14,cifar100,100,1,GradNorm,global,cifar10,gradnorm,237.4368,220.9933,16.4435
clip_vitl14,cifar100,100,1,Maha,global,cifar10,maha,230.9854,214.5411,16.4443
clip_vitl14,cifar100,100,1,GradNorm,class pred,cifar10,gradnorm_cp,237.4368,241.6474,-4.2106
clip_vitl14,cifar100,100,1,Maha,class pred,cifar10,maha_cp,230.9854,233.4317,-2.4463
clip_vitl14,cifar100,100,1,PCA RecError,class pred,cifar10,recerr_cp,242.6559,212.9399,29.716
clip_vitl14,cifar100,100,1,PCA RecError,class,cifar10,recerr_class,242.6559,219.4908,23.1651
clip_vitl14,cifar100,100,1,MLS,global,tinyimagenet,mls,220.2225,222.0781,-1.8556
clip_vitl14,cifar100,100,1,Energy,global,tinyimagenet,energy,220.8198,222.676,-1.8562
clip_vitl14,cifar100,100,1,MSR,global,tinyimagenet,msr,216.6115,218.579,-1.9675
clip_vitl14,cifar100,100,1,GradNorm,global,tinyimagenet,gradnorm,264.1171,208.1675,55.9497
clip_vitl14,cifar100,100,1,Maha,global,tinyimagenet,maha,188.5198,185.3462,3.1736
clip_vitl14,cifar100,100,1,GradNorm,class pred,tinyimagenet,gradnorm_cp,264.1171,208.3148,55.8023
clip_vitl14,cifar100,100,1,Maha,class pred,tinyimagenet,maha_cp,188.5198,195.7804,-7.2606
clip_vitl14,cifar100,100,1,PCA RecError,class pred,tinyimagenet,recerr_cp,192.4378,182.5063,9.9315
clip_vitl14,cifar100,100,1,PCA RecError,class,tinyimagenet,recerr_class,192.4378,184.231,8.2068
clip_vitl14,cifar100,100,1,MLS,global,lsun resize,mls,187.6327,188.4176,-0.7849
clip_vitl14,cifar100,100,1,Energy,global,lsun resize,energy,187.8843,188.6253,-0.741
clip_vitl14,cifar100,100,1,MSR,global,lsun resize,msr,195.9453,197.8959,-1.9506
clip_vitl14,cifar100,100,1,GradNorm,global,lsun resize,gradnorm,190.6928,183.2787,7.4141
clip_vitl14,cifar100,100,1,Maha,global,lsun resize,maha,195.4433,202.8554,-7.4121
clip_vitl14,cifar100,100,1,GradNorm,class pred,lsun resize,gradnorm_cp,190.6928,200.4431,-9.7504
clip_vitl14,cifar100,100,1,Maha,class pred,lsun resize,maha_cp,195.4433,219.5197,-24.0764
clip_vitl14,cifar100,100,1,PCA RecError,class pred,lsun resize,recerr_cp,209.8676,193.0191,16.8484
clip_vitl14,cifar100,100,1,PCA RecError,class,lsun resize,recerr_class,209.8676,197.0609,12.8067
clip_vitl14,cifar100,100,1,MLS,global,isun,mls,173.8645,174.4217,-0.5572
clip_vitl14,cifar100,100,1,Energy,global,isun,energy,174.1857,174.7187,-0.533
clip_vitl14,cifar100,100,1,MSR,global,isun,msr,180.0967,181.4235,-1.3269
clip_vitl14,cifar100,100,1,GradNorm,global,isun,gradnorm,177.8996,171.7516,6.148
clip_vitl14,cifar100,100,1,Maha,global,isun,maha,189.1816,198.4125,-9.2309
clip_vitl14,cifar100,100,1,GradNorm,class pred,isun,gradnorm_cp,177.8996,190.2258,-12.3262
clip_vitl14,cifar100,100,1,Maha,class pred,isun,maha_cp,189.1816,215.2034,-26.0218
clip_vitl14,cifar100,100,1,PCA RecError,class pred,isun,recerr_cp,207.322,186.607,20.715
clip_vitl14,cifar100,100,1,PCA RecError,class,isun,recerr_class,207.322,191.7239,15.5981
clip_vitl14,cifar100,100,1,MLS,global,places365,mls,223.6188,229.2127,-5.5939
clip_vitl14,cifar100,100,1,Energy,global,places365,energy,224.3758,230.0276,-5.6518
clip_vitl14,cifar100,100,1,MSR,global,places365,msr,216.0748,219.5954,-3.5206
clip_vitl14,cifar100,100,1,GradNorm,global,places365,gradnorm,295.7968,184.0175,111.7793
clip_vitl14,cifar100,100,1,Maha,global,places365,maha,186.7768,183.6698,3.1071
clip_vitl14,cifar100,100,1,GradNorm,class pred,places365,gradnorm_cp,295.7968,190.1982,105.5986
clip_vitl14,cifar100,100,1,Maha,class pred,places365,maha_cp,186.7768,186.6976,0.0792
clip_vitl14,cifar100,100,1,PCA RecError,class pred,places365,recerr_cp,188.4357,180.8292,7.6065
clip_vitl14,cifar100,100,1,PCA RecError,class,places365,recerr_class,188.4357,182.4246,6.0111
clip_vitl14,cifar100,100,1,MLS,global,lsun cropped,mls,180.5799,181.2727,-0.6928
clip_vitl14,cifar100,100,1,Energy,global,lsun cropped,energy,180.7649,181.4025,-0.6377
clip_vitl14,cifar100,100,1,MSR,global,lsun cropped,msr,187.809,190.1348,-2.3257
clip_vitl14,cifar100,100,1,GradNorm,global,lsun cropped,gradnorm,185.8395,183.0736,2.7659
clip_vitl14,cifar100,100,1,Maha,global,lsun cropped,maha,233.7353,228.2914,5.4439
clip_vitl14,cifar100,100,1,GradNorm,class pred,lsun cropped,gradnorm_cp,185.8395,192.5238,-6.6843
clip_vitl14,cifar100,100,1,Maha,class pred,lsun cropped,maha_cp,233.7353,249.0183,-15.283
clip_vitl14,cifar100,100,1,PCA RecError,class pred,lsun cropped,recerr_cp,263.8439,216.2768,47.5671
clip_vitl14,cifar100,100,1,PCA RecError,class,lsun cropped,recerr_class,263.8439,222.7603,41.0836
clip_vitl14,cifar100,100,1,MLS,global,textures,mls,145.2179,145.5572,-0.3393
clip_vitl14,cifar100,100,1,Energy,global,textures,energy,146.0963,146.4073,-0.311
clip_vitl14,cifar100,100,1,MSR,global,textures,msr,138.6992,140.4468,-1.7476
clip_vitl14,cifar100,100,1,GradNorm,global,textures,gradnorm,193.5257,129.6225,63.9032
clip_vitl14,cifar100,100,1,Maha,global,textures,maha,137.1977,131.9131,5.2846
clip_vitl14,cifar100,100,1,GradNorm,class pred,textures,gradnorm_cp,193.5257,127.7946,65.7311
clip_vitl14,cifar100,100,1,Maha,class pred,textures,maha_cp,137.1977,138.007,-0.8093
clip_vitl14,cifar100,100,1,PCA RecError,class pred,textures,recerr_cp,140.3421,127.2034,13.1387
clip_vitl14,cifar100,100,1,PCA RecError,class,textures,recerr_class,140.3421,129.8836,10.4584
clip_vitl14,cifar100,100,1,MLS,global,svhn,mls,298.7506,298.8597,-0.1091
clip_vitl14,cifar100,100,1,Energy,global,svhn,energy,298.8187,298.9054,-0.0867
clip_vitl14,cifar100,100,1,MSR,global,svhn,msr,302.0856,302.7222,-0.6366
clip_vitl14,cifar100,100,1,GradNorm,global,svhn,gradnorm,299.8107,298.3565,1.4543
clip_vitl14,cifar100,100,1,Maha,global,svhn,maha,312.7395,319.9228,-7.1833
clip_vitl14,cifar100,100,1,GradNorm,class pred,svhn,gradnorm_cp,299.8107,300.5756,-0.7648
clip_vitl14,cifar100,100,1,Maha,class pred,svhn,maha_cp,312.7395,335.1291,-22.3896
clip_vitl14,cifar100,100,1,PCA RecError,class pred,svhn,recerr_cp,324.8649,310.6905,14.1744
clip_vitl14,cifar100,100,1,PCA RecError,class,svhn,recerr_class,324.8649,315.5779,9.287
clip_vitl14,cifar100,100,2,MLS,global,cifar10,mls,200.8637,202.7838,-1.9201
clip_vitl14,cifar100,100,2,Energy,global,cifar10,energy,201.4912,203.4212,-1.9299
clip_vitl14,cifar100,100,2,MSR,global,cifar10,msr,197.4558,199.8836,-2.4278
clip_vitl14,cifar100,100,2,GradNorm,global,cifar10,gradnorm,235.1725,219.8552,15.3173
clip_vitl14,cifar100,100,2,Maha,global,cifar10,maha,231.4217,214.2356,17.1861
clip_vitl14,cifar100,100,2,GradNorm,class pred,cifar10,gradnorm_cp,235.1725,245.8688,-10.6963
clip_vitl14,cifar100,100,2,Maha,class pred,cifar10,maha_cp,231.4217,232.4236,-1.0018
clip_vitl14,cifar100,100,2,PCA RecError,class pred,cifar10,recerr_cp,243.5043,212.4987,31.0056
clip_vitl14,cifar100,100,2,PCA RecError,class,cifar10,recerr_class,243.5043,219.3392,24.1652
clip_vitl14,cifar100,100,2,MLS,global,tinyimagenet,mls,220.5451,222.7981,-2.253
clip_vitl14,cifar100,100,2,Energy,global,tinyimagenet,energy,221.1585,223.425,-2.2665
clip_vitl14,cifar100,100,2,MSR,global,tinyimagenet,msr,216.1346,218.6906,-2.556
clip_vitl14,cifar100,100,2,GradNorm,global,tinyimagenet,gradnorm,262.4776,208.8297,53.6479
clip_vitl14,cifar100,100,2,Maha,global,tinyimagenet,maha,189.0506,185.6063,3.4444
clip_vitl14,cifar100,100,2,GradNorm,class pred,tinyimagenet,gradnorm_cp,262.4776,208.7579,53.7197
clip_vitl14,cifar100,100,2,Maha,class pred,tinyimagenet,maha_cp,189.0506,195.8639,-6.8132
clip_vitl14,cifar100,100,2,PCA RecError,class pred,tinyimagenet,recerr_cp,193.0441,182.7821,10.262
clip_vitl14,cifar100,100,2,PCA RecError,class,tinyimagenet,recerr_class,193.0441,184.5215,8.5226
clip_vitl14,cifar100,100,2,MLS,global,lsun resize,mls,186.4057,187.2496,-0.8439
clip_vitl14,cifar100,100,2,Energy,global,lsun resize,energy,186.6796,187.5116,-0.8321
clip_vitl14,cifar100,100,2,MSR,global,lsun resize,msr,193.0999,195.0811,-1.9813
clip_vitl14,cifar100,100,2,GradNorm,global,lsun resize,gradnorm,189.7821,183.2669,6.5153
clip_vitl14,cifar100,100,2,Maha,global,lsun resize,maha,196.604,203.231,-6.627
clip_vitl14,cifar100,100,2,GradNorm,class pred,lsun resize,gradnorm_cp,189.7821,197.1415,-7.3594
clip_vitl14,cifar100,100,2,Maha,class pred,lsun resize,maha_cp,196.604,214.5791,-17.9751
clip_vitl14,cifar100,100,2,PCA RecError,class pred,lsun resize,recerr_cp,210.8182,193.651,17.1672
clip_vitl14,cifar100,100,2,PCA RecError,class,lsun resize,recerr_class,210.8182,198.0168,12.8013
clip_vitl14,cifar100,100,2,MLS,global,isun,mls,174.0615,174.5913,-0.5298
clip_vitl14,cifar100,100,2,Energy,global,isun,energy,174.3467,174.8835,-0.5368
clip_vitl14,cifar100,100,2,MSR,global,isun,msr,181.2085,182.3617,-1.1532
clip_vitl14,cifar100,100,2,GradNorm,global,isun,gradnorm,178.4063,172.5512,5.8552
clip_vitl14,cifar100,100,2,Maha,global,isun,maha,190.3361,198.7156,-8.3795
clip_vitl14,cifar100,100,2,GradNorm,class pred,isun,gradnorm_cp,178.4063,191.0613,-12.6549
clip_vitl14,cifar100,100,2,Maha,class pred,isun,maha_cp,190.3361,210.819,-20.4829
clip_vitl14,cifar100,100,2,PCA RecError,class pred,isun,recerr_cp,207.9277,186.9571,20.9706
clip_vitl14,cifar100,100,2,PCA RecError,class,isun,recerr_class,207.9277,192.1939,15.7338
clip_vitl14,cifar100,100,2,MLS,global,places365,mls,225.4584,230.9326,-5.4742
clip_vitl14,cifar100,100,2,Energy,global,places365,energy,226.1896,231.7728,-5.5832
clip_vitl14,cifar100,100,2,MSR,global,places365,msr,218.5537,220.9611,-2.4074
clip_vitl14,cifar100,100,2,GradNorm,global,places365,gradnorm,297.1988,184.3973,112.8014
clip_vitl14,cifar100,100,2,Maha,global,places365,maha,187.2214,183.9505,3.2709
clip_vitl14,cifar100,100,2,GradNorm,class pred,places365,gradnorm_cp,297.1988,190.7489,106.4499
clip_vitl14,cifar100,100,2,Maha,class pred,places365,maha_cp,187.2214,186.8603,0.3611
clip_vitl14,cifar100,100,2,PCA RecError,class pred,places365,recerr_cp,188.9856,181.1552,7.8305
clip_vitl14,cifar100,100,2,PCA RecError,class,places365,recerr_class,188.9856,182.7658,6.2198
clip_vitl14,cifar100,100,2,MLS,global,lsun cropped,mls,180.5154,180.5606,-0.0453
clip_vitl14,cifar100,100,2,Energy,global,lsun cropped,energy,180.6271,180.6558,-0.0287
clip_vitl14,cifar100,100,2,MSR,global,lsun cropped,msr,190.3186,191.0513,-0.7327
clip_vitl14,cifar100,100,2,GradNorm,global,lsun cropped,gradnorm,187.5049,182.8644,4.6405
clip_vitl14,cifar100,100,2,Maha,global,lsun cropped,maha,234.4762,229.5988,4.8774
clip_vitl14,cifar100,100,2,GradNorm,class pred,lsun cropped,gradnorm_cp,187.5049,191.2426,-3.7376
clip_vitl14,cifar100,100,2,Maha,class pred,lsun cropped,maha_cp,234.4762,247.1579,-12.6816
clip_vitl14,cifar100,100,2,PCA RecError,class pred,lsun cropped,recerr_cp,262.892,215.6275,47.2645
clip_vitl14,cifar100,100,2,PCA RecError,class,lsun cropped,recerr_class,262.892,222.8962,39.9958
clip_vitl14,cifar100,100,2,MLS,global,textures,mls,141.7802,141.1032,0.677
clip_vitl14,cifar100,100,2,Energy,global,textures,energy,142.5604,141.8512,0.7092
clip_vitl14,cifar100,100,2,MSR,global,textures,msr,138.3694,139.3656,-0.9962
clip_vitl14,cifar100,100,2,GradNorm,global,textures,gradnorm,191.8182,129.6762,62.142
clip_vitl14,cifar100,100,2,Maha,global,textures,maha,137.8025,132.2268,5.5756
clip_vitl14,cifar100,100,2,GradNorm,class pred,textures,gradnorm_cp,191.8182,129.6328,62.1853
clip_vitl14,cifar100,100,2,Maha,class pred,textures,maha_cp,137.8025,137.8796,-0.0771
clip_vitl14,cifar100,100,2,PCA RecError,class pred,textures,recerr_cp,141.1466,127.5977,13.5489
clip_vitl14,cifar100,100,2,PCA RecError,class,textures,recerr_class,141.1466,130.3001,10.8465
clip_vitl14,cifar100,100,2,MLS,global,svhn,mls,299.4115,299.173,0.2384
clip_vitl14,cifar100,100,2,Energy,global,svhn,energy,299.4177,299.2094,0.2083
clip_vitl14,cifar100,100,2,MSR,global,svhn,msr,305.8012,304.7309,1.0703
clip_vitl14,cifar100,100,2,GradNorm,global,svhn,gradnorm,300.7283,298.5738,2.1545
clip_vitl14,cifar100,100,2,Maha,global,svhn,maha,312.9831,320.9719,-7.9888
clip_vitl14,cifar100,100,2,GradNorm,class pred,svhn,gradnorm_cp,300.7283,300.7019,0.0264
clip_vitl14,cifar100,100,2,Maha,class pred,svhn,maha_cp,312.9831,327.6337,-14.6506
clip_vitl14,cifar100,100,2,PCA RecError,class pred,svhn,recerr_cp,324.7048,311.898,12.8068
clip_vitl14,cifar100,100,2,PCA RecError,class,svhn,recerr_class,324.7048,315.7992,8.9055
clip_vitl14,cifar100,0,0,MLS,global,cifar10,mls,189.2308,192.2924,-3.0616
clip_vitl14,cifar100,0,0,Energy,global,cifar10,energy,190.2427,193.2128,-2.9701
clip_vitl14,cifar100,0,0,MSR,global,cifar10,msr,185.8363,190.0305,-4.1942
clip_vitl14,cifar100,0,0,GradNorm,global,cifar10,gradnorm,211.2433,200.8873,10.356
clip_vitl14,cifar100,0,0,Maha,global,cifar10,maha,221.0006,205.4159,15.5848
clip_vitl14,cifar100,0,0,GradNorm,class pred,cifar10,gradnorm_cp,211.2433,210.3276,0.9158
clip_vitl14,cifar100,0,0,Maha,class pred,cifar10,maha_cp,221.0006,221.2437,-0.243
clip_vitl14,cifar100,0,0,PCA RecError,class pred,cifar10,recerr_cp,233.3841,200.5492,32.835
clip_vitl14,cifar100,0,0,PCA RecError,class,cifar10,recerr_class,233.3841,208.509,24.8752
clip_vitl14,cifar100,0,0,MLS,global,tinyimagenet,mls,216.4916,218.2993,-1.8077
clip_vitl14,cifar100,0,0,Energy,global,tinyimagenet,energy,217.6947,219.4171,-1.7224
clip_vitl14,cifar100,0,0,MSR,global,tinyimagenet,msr,207.5864,210.7157,-3.1293
clip_vitl14,cifar100,0,0,GradNorm,global,tinyimagenet,gradnorm,247.244,199.2632,47.9808
clip_vitl14,cifar100,0,0,Maha,global,tinyimagenet,maha,177.5825,175.1604,2.4221
clip_vitl14,cifar100,0,0,GradNorm,class pred,tinyimagenet,gradnorm_cp,247.244,192.4202,54.8238
clip_vitl14,cifar100,0,0,Maha,class pred,tinyimagenet,maha_cp,177.5825,183.3729,-5.7904
clip_vitl14,cifar100,0,0,PCA RecError,class pred,tinyimagenet,recerr_cp,181.3828,171.1439,10.2389
clip_vitl14,cifar100,0,0,PCA RecError,class,tinyimagenet,recerr_class,181.3828,172.9465,8.4363
clip_vitl14,cifar100,0,0,MLS,global,lsun resize,mls,183.2951,183.428,-0.1329
clip_vitl14,cifar100,0,0,Energy,global,lsun resize,energy,183.9268,183.8477,0.0791
clip_vitl14,cifar100,0,0,MSR,global,lsun resize,msr,187.9607,190.5125,-2.5518
clip_vitl14,cifar100,0,0,GradNorm,global,lsun resize,gradnorm,181.1105,174.6392,6.4713
clip_vitl14,cifar100,0,0,Maha,global,lsun resize,maha,184.6479,193.6874,-9.0395
clip_vitl14,cifar100,0,0,GradNorm,class pred,lsun resize,gradnorm_cp,181.1105,172.506,8.6045
clip_vitl14,cifar100,0,0,Maha,class pred,lsun resize,maha_cp,184.6479,207.7355,-23.0877
clip_vitl14,cifar100,0,0,PCA RecError,class pred,lsun resize,recerr_cp,197.819,178.1277,19.6913
clip_vitl14,cifar100,0,0,PCA RecError,class,lsun resize,recerr_class,197.819,181.261,16.558
clip_vitl14,cifar100,0,0,MLS,global,isun,mls,168.3746,168.3759,-0.0013
clip_vitl14,cifar100,0,0,Energy,global,isun,energy,168.9434,168.8004,0.143
clip_vitl14,cifar100,0,0,MSR,global,isun,msr,173.6614,175.5473,-1.8859
clip_vitl14,cifar100,0,0,GradNorm,global,isun,gradnorm,167.948,162.2466,5.7014
clip_vitl14,cifar100,0,0,Maha,global,isun,maha,177.9003,189.2183,-11.318
clip_vitl14,cifar100,0,0,GradNorm,class pred,isun,gradnorm_cp,167.948,160.0533,7.8947
clip_vitl14,cifar100,0,0,Maha,class pred,isun,maha_cp,177.9003,205.8268,-27.9265
clip_vitl14,cifar100,0,0,PCA RecError,class pred,isun,recerr_cp,194.5575,169.4906,25.0668
clip_vitl14,cifar100,0,0,PCA RecError,class,isun,recerr_class,194.5575,173.3797,21.1777
clip_vitl14,cifar100,0,0,MLS,global,places365,mls,244.5197,251.7689,-7.2491
clip_vitl14,cifar100,0,0,Energy,global,places365,energy,246.489,253.7811,-7.2921
clip_vitl14,cifar100,0,0,MSR,global,places365,msr,214.7302,218.2945,-3.5642
clip_vitl14,cifar100,0,0,GradNorm,global,places365,gradnorm,288.4283,177.3969,111.0314
clip_vitl14,cifar100,0,0,Maha,global,places365,maha,175.9348,173.4316,2.5032
clip_vitl14,cifar100,0,0,GradNorm,class pred,places365,gradnorm_cp,288.4283,174.3811,114.0472
clip_vitl14,cifar100,0,0,Maha,class pred,places365,maha_cp,175.9348,176.493,-0.5582
clip_vitl14,cifar100,0,0,PCA RecError,class pred,places365,recerr_cp,177.3863,169.9516,7.4347
clip_vitl14,cifar100,0,0,PCA RecError,class,places365,recerr_class,177.3863,171.6849,5.7014
clip_vitl14,cifar100,0,0,MLS,global,lsun cropped,mls,172.6453,173.1028,-0.4574
clip_vitl14,cifar100,0,0,Energy,global,lsun cropped,energy,172.9302,173.3178,-0.3876
clip_vitl14,cifar100,0,0,MSR,global,lsun cropped,msr,178.6979,180.4358,-1.738
clip_vitl14,cifar100,0,0,GradNorm,global,lsun cropped,gradnorm,175.7474,172.9789,2.7684
clip_vitl14,cifar100,0,0,Maha,global,lsun cropped,maha,223.0907,220.0692,3.0215
clip_vitl14,cifar100,0,0,GradNorm,class pred,lsun cropped,gradnorm_cp,175.7474,170.4076,5.3398
clip_vitl14,cifar100,0,0,Maha,class pred,lsun cropped,maha_cp,223.0907,244.2136,-21.1229
clip_vitl14,cifar100,0,0,PCA RecError,class pred,lsun cropped,recerr_cp,252.9189,196.2927,56.6262
clip_vitl14,cifar100,0,0,PCA RecError,class,lsun cropped,recerr_class,252.9189,204.5622,48.3567
clip_vitl14,cifar100,0,0,MLS,global,textures,mls,143.6473,143.1974,0.4499
clip_vitl14,cifar100,0,0,Energy,global,textures,energy,145.6148,145.0051,0.6097
clip_vitl14,cifar100,0,0,MSR,global,textures,msr,128.1199,130.9788,-2.8589
clip_vitl14,cifar100,0,0,GradNorm,global,textures,gradnorm,174.9018,120.0206,54.8812
clip_vitl14,cifar100,0,0,Maha,global,textures,maha,124.5539,120.2896,4.2643
clip_vitl14,cifar100,0,0,GradNorm,class pred,textures,gradnorm_cp,174.9018,112.5138,62.3879
clip_vitl14,cifar100,0,0,Maha,class pred,textures,maha_cp,124.5539,125.7865,-1.2326
clip_vitl14,cifar100,0,0,PCA RecError,class pred,textures,recerr_cp,127.364,114.5041,12.8599
clip_vitl14,cifar100,0,0,PCA RecError,class,textures,recerr_class,127.364,117.4149,9.9491
clip_vitl14,cifar100,0,0,MLS,global,svhn,mls,293.1145,292.9891,0.1255
clip_vitl14,cifar100,0,0,Energy,global,svhn,energy,293.1135,292.9112,0.2024
clip_vitl14,cifar100,0,0,MSR,global,svhn,msr,298.6145,299.4846,-0.8701
clip_vitl14,cifar100,0,0,GradNorm,global,svhn,gradnorm,294.2523,292.1925,2.0598
clip_vitl14,cifar100,0,0,Maha,global,svhn,maha,306.1958,315.7872,-9.5914
clip_vitl14,cifar100,0,0,GradNorm,class pred,svhn,gradnorm_cp,294.2523,292.5956,1.6567
clip_vitl14,cifar100,0,0,Maha,class pred,svhn,maha_cp,306.1958,323.3146,-17.1188
clip_vitl14,cifar100,0,0,PCA RecError,class pred,svhn,recerr_cp,316.8986,302.2325,14.6661
clip_vitl14,cifar100,0,0,PCA RecError,class,svhn,recerr_class,316.8986,306.6473,10.2513
clip_vitl14,cifar100,0,1,MLS,global,cifar10,mls,188.1847,191.3808,-3.1961
clip_vitl14,cifar100,0,1,Energy,global,cifar10,energy,189.2022,192.2951,-3.0929
clip_vitl14,cifar100,0,1,MSR,global,cifar10,msr,184.7211,189.0761,-4.355
clip_vitl14,cifar100,0,1,GradNorm,global,cifar10,gradnorm,210.3791,200.444,9.9351
clip_vitl14,cifar100,0,1,Maha,global,cifar10,maha,219.8261,204.1519,15.6742
clip_vitl14,cifar100,0,1,GradNorm,class pred,cifar10,gradnorm_cp,210.3791,210.7798,-0.4008
clip_vitl14,cifar100,0,1,Maha,class pred,cifar10,maha_cp,219.8261,220.1784,-0.3524
clip_vitl14,cifar100,0,1,PCA RecError,class pred,cifar10,recerr_cp,232.2411,199.7003,32.5407
clip_vitl14,cifar100,0,1,PCA RecError,class,cifar10,recerr_class,232.2411,207.3545,24.8866
clip_vitl14,cifar100,0,1,MLS,global,tinyimagenet,mls,216.7568,218.8117,-2.0549
clip_vitl14,cifar100,0,1,Energy,global,tinyimagenet,energy,217.957,219.9153,-1.9583
clip_vitl14,cifar100,0,1,MSR,global,tinyimagenet,msr,207.6446,211.1553,-3.5107
clip_vitl14,cifar100,0,1,GradNorm,global,tinyimagenet,gradnorm,247.5123,198.6437,48.8686
clip_vitl14,cifar100,0,1,Maha,global,tinyimagenet,maha,176.1935,173.7317,2.4618
clip_vitl14,cifar100,0,1,GradNorm,class pred,tinyimagenet,gradnorm_cp,247.5123,191.5159,55.9964
clip_vitl14,cifar100,0,1,Maha,class pred,tinyimagenet,maha_cp,176.1935,182.0254,-5.8319
clip_vitl14,cifar100,0,1,PCA RecError,class pred,tinyimagenet,recerr_cp,179.9352,169.8844,10.0508
clip_vitl14,cifar100,0,1,PCA RecError,class,tinyimagenet,recerr_class,179.9352,171.6008,8.3344
clip_vitl14,cifar100,0,1,MLS,global,lsun resize,mls,182.5984,182.3464,0.252
clip_vitl14,cifar100,0,1,Energy,global,lsun resize,energy,183.1659,182.715,0.4509
clip_vitl14,cifar100,0,1,MSR,global,lsun resize,msr,187.7507,189.9939,-2.2432
clip_vitl14,cifar100,0,1,GradNorm,global,lsun resize,gradnorm,180.0723,173.3087,6.7636
clip_vitl14,cifar100,0,1,Maha,global,lsun resize,maha,183.2315,192.4811,-9.2496
clip_vitl14,cifar100,0,1,GradNorm,class pred,lsun resize,gradnorm_cp,180.0723,171.7112,8.3611
clip_vitl14,cifar100,0,1,Maha,class pred,lsun resize,maha_cp,183.2315,207.0636,-23.8321
clip_vitl14,cifar100,0,1,PCA RecError,class pred,lsun resize,recerr_cp,196.1519,176.7906,19.3613
clip_vitl14,cifar100,0,1,PCA RecError,class,lsun resize,recerr_class,196.1519,179.9226,16.2293
clip_vitl14,cifar100,0,1,MLS,global,isun,mls,167.5609,167.612,-0.0511
clip_vitl14,cifar100,0,1,Energy,global,isun,energy,168.1415,168.0376,0.1039
clip_vitl14,cifar100,0,1,MSR,global,isun,msr,172.5652,174.4888,-1.9235
clip_vitl14,cifar100,0,1,GradNorm,global,isun,gradnorm,166.9305,161.1469,5.7836
clip_vitl14,cifar100,0,1,Maha,global,isun,maha,176.445,188.2849,-11.8399
clip_vitl14,cifar100,0,1,GradNorm,class pred,isun,gradnorm_cp,166.9305,159.6364,7.2941
clip_vitl14,cifar100,0,1,Maha,class pred,isun,maha_cp,176.445,204.8756,-28.4306
clip_vitl14,cifar100,0,1,PCA RecError,class pred,isun,recerr_cp,192.7313,168.1874,24.544
clip_vitl14,cifar100,0,1,PCA RecError,class,isun,recerr_class,192.7313,172.0876,20.6437
clip_vitl14,cifar100,0,1,MLS,global,places365,mls,245.1093,254.0777,-8.9684
clip_vitl14,cifar100,0,1,Energy,global,places365,energy,247.0639,256.0849,-9.021
clip_vitl14,cifar100,0,1,MSR,global,places365,msr,215.0009,219.6766,-4.6757
clip_vitl14,cifar100,0,1,GradNorm,global,places365,gradnorm,289.5414,176.5268,113.0146
clip_vitl14,cifar100,0,1,Maha,global,places365,maha,174.4726,172.0061,2.4665
clip_vitl14,cifar100,0,1,GradNorm,class pred,places365,gradnorm_cp,289.5414,173.3121,116.2293
clip_vitl14,cifar100,0,1,Maha,class pred,places365,maha_cp,174.4726,174.9614,-0.4888
clip_vitl14,cifar100,0,1,PCA RecError,class pred,places365,recerr_cp,175.8359,168.6232,7.2128
clip_vitl14,cifar100,0,1,PCA RecError,class,places365,recerr_class,175.8359,170.2625,5.5734
clip_vitl14,cifar100,0,1,MLS,global,lsun cropped,mls,172.0288,172.4323,-0.4035
clip_vitl14,cifar100,0,1,Energy,global,lsun cropped,energy,172.3416,172.6474,-0.3058
clip_vitl14,cifar100,0,1,MSR,global,lsun cropped,msr,177.6521,179.6126,-1.9605
clip_vitl14,cifar100,0,1,GradNorm,global,lsun cropped,gradnorm,175.1158,172.3052,2.8106
clip_vitl14,cifar100,0,1,Maha,global,lsun cropped,maha,221.8874,218.0878,3.7995
clip_vitl14,cifar100,0,1,GradNorm,class pred,lsun cropped,gradnorm_cp,175.1158,170.0013,5.1145
clip_vitl14,cifar100,0,1,Maha,class pred,lsun cropped,maha_cp,221.8874,242.2797,-20.3923
clip_vitl14,cifar100,0,1,PCA RecError,class pred,lsun cropped,recerr_cp,252.1184,195.3387,56.7797
clip_vitl14,cifar100,0,1,PCA RecError,class,lsun cropped,recerr_class,252.1184,203.0054,49.1129
clip_vitl14,cifar100,0,1,MLS,global,textures,mls,144.8923,142.708,2.1842
clip_vitl14,cifar100,0,1,Energy,global,textures,energy,146.8196,144.4969,2.3227
clip_vitl14,cifar100,0,1,MSR,global,textures,msr,129.0463,130.6925,-1.6462
clip_vitl14,cifar100,0,1,GradNorm,global,textures,gradnorm,176.2186,119.3677,56.8509
clip_vitl14,cifar100,0,1,Maha,global,textures,maha,122.8931,118.6901,4.203
clip_vitl14,cifar100,0,1,GradNorm,class pred,textures,gradnorm_cp,176.2186,111.41,64.8086
clip_vitl14,cifar100,0,1,Maha,class pred,textures,maha_cp,122.8931,124.0401,-1.147
clip_vitl14,cifar100,0,1,PCA RecError,class pred,textures,recerr_cp,125.5728,113.0725,12.5003
clip_vitl14,cifar100,0,1,PCA RecError,class,textures,recerr_class,125.5728,115.8314,9.7414
clip_vitl14,cifar100,0,1,MLS,global,svhn,mls,292.2155,292.2237,-0.0081
clip_vitl14,cifar100,0,1,Energy,global,svhn,energy,292.2293,292.1187,0.1106
clip_vitl14,cifar100,0,1,MSR,global,svhn,msr,297.4726,299.305,-1.8324
clip_vitl14,cifar100,0,1,GradNorm,global,svhn,gradnorm,293.5335,291.3749,2.1587
clip_vitl14,cifar100,0,1,Maha,global,svhn,maha,305.3881,313.984,-8.5959
clip_vitl14,cifar100,0,1,GradNorm,class pred,svhn,gradnorm_cp,293.5335,291.8806,1.6529
clip_vitl14,cifar100,0,1,Maha,class pred,svhn,maha_cp,305.3881,322.2918,-16.9037
clip_vitl14,cifar100,0,1,PCA RecError,class pred,svhn,recerr_cp,316.5795,301.3404,15.239
clip_vitl14,cifar100,0,1,PCA RecError,class,svhn,recerr_class,316.5795,305.2054,11.3741
clip_vitl14,cifar100,0,2,MLS,global,cifar10,mls,190.1284,193.464,-3.3356
clip_vitl14,cifar100,0,2,Energy,global,cifar10,energy,191.132,194.3887,-3.2567
clip_vitl14,cifar100,0,2,MSR,global,cifar10,msr,185.9719,190.5586,-4.5867
clip_vitl14,cifar100,0,2,GradNorm,global,cifar10,gradnorm,211.1888,201.9201,9.2687
clip_vitl14,cifar100,0,2,Maha,global,cifar10,maha,220.4624,204.7238,15.7387
clip_vitl14,cifar100,0,2,GradNorm,class pred,cifar10,gradnorm_cp,211.1888,211.0183,0.1705
clip_vitl14,cifar100,0,2,Maha,class pred,cifar10,maha_cp,220.4624,221.206,-0.7435
clip_vitl14,cifar100,0,2,PCA RecError,class pred,cifar10,recerr_cp,232.9394,200.1348,32.8046
clip_vitl14,cifar100,0,2,PCA RecError,class,cifar10,recerr_class,232.9394,207.8654,25.074
clip_vitl14,cifar100,0,2,MLS,global,tinyimagenet,mls,216.5045,218.5461,-2.0416
clip_vitl14,cifar100,0,2,Energy,global,tinyimagenet,energy,217.7558,219.7033,-1.9475
clip_vitl14,cifar100,0,2,MSR,global,tinyimagenet,msr,206.9447,210.5811,-3.6364
clip_vitl14,cifar100,0,2,GradNorm,global,tinyimagenet,gradnorm,247.0352,199.6964,47.3387
clip_vitl14,cifar100,0,2,Maha,global,tinyimagenet,maha,177.2153,174.5838,2.6316
clip_vitl14,cifar100,0,2,GradNorm,class pred,tinyimagenet,gradnorm_cp,247.0352,192.505,54.5301
clip_vitl14,cifar100,0,2,Maha,class pred,tinyimagenet,maha_cp,177.2153,183.1297,-5.9144
clip_vitl14,cifar100,0,2,PCA RecError,class pred,tinyimagenet,recerr_cp,181.0753,170.7722,10.3031
clip_vitl14,cifar100,0,2,PCA RecError,class,tinyimagenet,recerr_class,181.0753,172.6036,8.4717
clip_vitl14,cifar100,0,2,MLS,global,lsun resize,mls,182.4615,182.5229,-0.0614
clip_vitl14,cifar100,0,2,Energy,global,lsun resize,energy,183.1151,182.9923,0.1228
clip_vitl14,cifar100,0,2,MSR,global,lsun resize,msr,186.5816,188.7208,-2.1392
clip_vitl14,cifar100,0,2,GradNorm,global,lsun resize,gradnorm,180.6322,173.9673,6.6649
clip_vitl14,cifar100,0,2,Maha,global,lsun resize,maha,184.3506,193.1011,-8.7505
clip_vitl14,cifar100,0,2,GradNorm,class pred,lsun resize,gradnorm_cp,180.6322,172.2782,8.354
clip_vitl14,cifar100,0,2,Maha,class pred,lsun resize,maha_cp,184.3506,206.554,-22.2033
clip_vitl14,cifar100,0,2,PCA RecError,class pred,lsun resize,recerr_cp,197.4503,177.8711,19.5792
clip_vitl14,cifar100,0,2,PCA RecError,class,lsun resize,recerr_class,197.4503,181.1674,16.2829
clip_vitl14,cifar100,0,2,MLS,global,isun,mls,168.6474,168.6754,-0.028
clip_vitl14,cifar100,0,2,Energy,global,isun,energy,169.2571,169.15,0.1071
clip_vitl14,cifar100,0,2,MSR,global,isun,msr,173.3856,174.8524,-1.4668
clip_vitl14,cifar100,0,2,GradNorm,global,isun,gradnorm,168.1376,162.1281,6.0095
clip_vitl14,cifar100,0,2,Maha,global,isun,maha,177.5867,188.8469,-11.2603
clip_vitl14,cifar100,0,2,GradNorm,class pred,isun,gradnorm_cp,168.1376,160.37,7.7676
clip_vitl14,cifar100,0,2,Maha,class pred,isun,maha_cp,177.5867,204.3551,-26.7684
clip_vitl14,cifar100,0,2,PCA RecError,class pred,isun,recerr_cp,194.0555,169.559,24.4965
clip_vitl14,cifar100,0,2,PCA RecError,class,isun,recerr_class,194.0555,173.5915,20.4641
clip_vitl14,cifar100,0,2,MLS,global,places365,mls,243.4677,249.3204,-5.8526
clip_vitl14,cifar100,0,2,Energy,global,places365,energy,245.4486,251.3043,-5.8556
clip_vitl14,cifar100,0,2,MSR,global,places365,msr,214.2027,218.1531,-3.9503
clip_vitl14,cifar100,0,2,GradNorm,global,places365,gradnorm,288.6635,177.582,111.0815
clip_vitl14,cifar100,0,2,Maha,global,places365,maha,175.4758,172.9004,2.5754
clip_vitl14,cifar100,0,2,GradNorm,class pred,places365,gradnorm_cp,288.6635,173.9992,114.6644
clip_vitl14,cifar100,0,2,Maha,class pred,places365,maha_cp,175.4758,176.0657,-0.5899
clip_vitl14,cifar100,0,2,PCA RecError,class pred,places365,recerr_cp,176.9247,169.5191,7.4057
clip_vitl14,cifar100,0,2,PCA RecError,class,places365,recerr_class,176.9247,171.2689,5.6558
clip_vitl14,cifar100,0,2,MLS,global,lsun cropped,mls,172.7382,172.7873,-0.0491
clip_vitl14,cifar100,0,2,Energy,global,lsun cropped,energy,173.0241,173.0048,0.0193
clip_vitl14,cifar100,0,2,MSR,global,lsun cropped,msr,178.8049,180.1352,-1.3304
clip_vitl14,cifar100,0,2,GradNorm,global,lsun cropped,gradnorm,176.5755,172.9648,3.6107
clip_vitl14,cifar100,0,2,Maha,global,lsun cropped,maha,222.8569,219.6209,3.2361
clip_vitl14,cifar100,0,2,GradNorm,class pred,lsun cropped,gradnorm_cp,176.5755,170.9748,5.6006
clip_vitl14,cifar100,0,2,Maha,class pred,lsun cropped,maha_cp,222.8569,243.16,-20.3031
clip_vitl14,cifar100,0,2,PCA RecError,class pred,lsun cropped,recerr_cp,252.1439,196.4185,55.7254
clip_vitl14,cifar100,0,2,PCA RecError,class,lsun cropped,recerr_class,252.1439,204.1381,48.0058
clip_vitl14,cifar100,0,2,MLS,global,textures,mls,145.8104,143.721,2.0894
clip_vitl14,cifar100,0,2,Energy,global,textures,energy,147.8366,145.5907,2.2459
clip_vitl14,cifar100,0,2,MSR,global,textures,msr,129.1375,131.3893,-2.2518
clip_vitl14,cifar100,0,2,GradNorm,global,textures,gradnorm,176.5875,120.5947,55.9928
clip_vitl14,cifar100,0,2,Maha,global,textures,maha,123.9285,119.5403,4.3882
clip_vitl14,cifar100,0,2,GradNorm,class pred,textures,gradnorm_cp,176.5875,112.6565,63.931
clip_vitl14,cifar100,0,2,Maha,class pred,textures,maha_cp,123.9285,125.2157,-1.2872
clip_vitl14,cifar100,0,2,PCA RecError,class pred,textures,recerr_cp,126.7585,113.9277,12.8308
clip_vitl14,cifar100,0,2,PCA RecError,class,textures,recerr_class,126.7585,116.8635,9.895
clip_vitl14,cifar100,0,2,MLS,global,svhn,mls,292.728,292.5443,0.1837
clip_vitl14,cifar100,0,2,Energy,global,svhn,energy,292.8096,292.5601,0.2495
clip_vitl14,cifar100,0,2,MSR,global,svhn,msr,296.4447,296.6973,-0.2527
clip_vitl14,cifar100,0,2,GradNorm,global,svhn,gradnorm,293.7343,291.9444,1.7898
clip_vitl14,cifar100,0,2,Maha,global,svhn,maha,306.0514,314.776,-8.7246
clip_vitl14,cifar100,0,2,GradNorm,class pred,svhn,gradnorm_cp,293.7343,292.183,1.5512
clip_vitl14,cifar100,0,2,Maha,class pred,svhn,maha_cp,306.0514,323.728,-17.6766
clip_vitl14,cifar100,0,2,PCA RecError,class pred,svhn,recerr_cp,317.1148,301.9489,15.1659
clip_vitl14,cifar100,0,2,PCA RecError,class,svhn,recerr_class,317.1148,306.3751,10.7397
clip_vitl14,supercifar100,25,0,MLS,global,cifar10,mls,259.1697,258.9609,0.2088
clip_vitl14,supercifar100,25,0,Energy,global,cifar10,energy,259.2972,259.118,0.1792
clip_vitl14,supercifar100,25,0,MSR,global,cifar10,msr,261.2559,260.6756,0.5803
clip_vitl14,supercifar100,25,0,GradNorm,global,cifar10,gradnorm,288.6245,273.0374,15.5871
clip_vitl14,supercifar100,25,0,Maha,global,cifar10,maha,288.6604,275.2995,13.3608
clip_vitl14,supercifar100,25,0,GradNorm,class pred,cifar10,gradnorm_cp,288.6245,292.2955,-3.671
clip_vitl14,supercifar100,25,0,Maha,class pred,cifar10,maha_cp,288.6604,309.4583,-20.7979
clip_vitl14,supercifar100,25,0,PCA RecError,class pred,cifar10,recerr_cp,288.7248,277.2184,11.5064
clip_vitl14,supercifar100,25,0,PCA RecError,class,cifar10,recerr_class,288.7248,281.5545,7.1703
clip_vitl14,supercifar100,25,0,MLS,global,tinyimagenet,mls,255.9684,258.7338,-2.7654
clip_vitl14,supercifar100,25,0,Energy,global,tinyimagenet,energy,256.0986,258.9047,-2.806
clip_vitl14,supercifar100,25,0,MSR,global,tinyimagenet,msr,256.9767,257.4261,-0.4494
clip_vitl14,supercifar100,25,0,GradNorm,global,tinyimagenet,gradnorm,287.73,230.9085,56.8215
clip_vitl14,supercifar100,25,0,Maha,global,tinyimagenet,maha,224.4448,216.0317,8.4131
clip_vitl14,supercifar100,25,0,GradNorm,class pred,tinyimagenet,gradnorm_cp,287.73,267.5854,20.1446
clip_vitl14,supercifar100,25,0,Maha,class pred,tinyimagenet,maha_cp,224.4448,263.9835,-39.5387
clip_vitl14,supercifar100,25,0,PCA RecError,class pred,tinyimagenet,recerr_cp,227.4575,220.5994,6.8581
clip_vitl14,supercifar100,25,0,PCA RecError,class,tinyimagenet,recerr_class,227.4575,222.6944,4.7631
clip_vitl14,supercifar100,25,0,MLS,global,lsun resize,mls,219.9879,221.273,-1.2851
clip_vitl14,supercifar100,25,0,Energy,global,lsun resize,energy,220.0465,221.3729,-1.3264
clip_vitl14,supercifar100,25,0,MSR,global,lsun resize,msr,231.5074,230.0991,1.4083
clip_vitl14,supercifar100,25,0,GradNorm,global,lsun resize,gradnorm,223.6876,219.1658,4.5217
clip_vitl14,supercifar100,25,0,Maha,global,lsun resize,maha,250.1801,243.5892,6.591
clip_vitl14,supercifar100,25,0,GradNorm,class pred,lsun resize,gradnorm_cp,223.6876,319.282,-95.5944
clip_vitl14,supercifar100,25,0,Maha,class pred,lsun resize,maha_cp,250.1801,256.3689,-6.1887
clip_vitl14,supercifar100,25,0,PCA RecError,class pred,lsun resize,recerr_cp,271.9883,256.2523,15.736
clip_vitl14,supercifar100,25,0,PCA RecError,class,lsun resize,recerr_class,271.9883,263.3872,8.6011
clip_vitl14,supercifar100,25,0,MLS,global,isun,mls,207.3142,208.3342,-1.02
clip_vitl14,supercifar100,25,0,Energy,global,isun,energy,207.4092,208.4664,-1.0572
clip_vitl14,supercifar100,25,0,MSR,global,isun,msr,217.566,215.6888,1.8772
clip_vitl14,supercifar100,25,0,GradNorm,global,isun,gradnorm,214.5721,213.3494,1.2227
clip_vitl14,supercifar100,25,0,Maha,global,isun,maha,251.5027,244.4977,7.005
clip_vitl14,supercifar100,25,0,GradNorm,class pred,isun,gradnorm_cp,214.5721,318.3324,-103.7603
clip_vitl14,supercifar100,25,0,Maha,class pred,isun,maha_cp,251.5027,246.3173,5.1854
clip_vitl14,supercifar100,25,0,PCA RecError,class pred,isun,recerr_cp,274.4492,258.7028,15.7465
clip_vitl14,supercifar100,25,0,PCA RecError,class,isun,recerr_class,274.4492,267.0859,7.3634
clip_vitl14,supercifar100,25,0,MLS,global,places365,mls,253.4625,268.6294,-15.1669
clip_vitl14,supercifar100,25,0,Energy,global,places365,energy,253.5971,268.8135,-15.2164
clip_vitl14,supercifar100,25,0,MSR,global,places365,msr,256.8014,264.1717,-7.3703
clip_vitl14,supercifar100,25,0,GradNorm,global,places365,gradnorm,310.5181,209.8111,100.707
clip_vitl14,supercifar100,25,0,Maha,global,places365,maha,220.3675,212.0675,8.3
clip_vitl14,supercifar100,25,0,GradNorm,class pred,places365,gradnorm_cp,310.5181,251.3979,59.1202
clip_vitl14,supercifar100,25,0,Maha,class pred,places365,maha_cp,220.3675,242.6801,-22.3126
clip_vitl14,supercifar100,25,0,PCA RecError,class pred,places365,recerr_cp,221.2547,215.6724,5.5823
clip_vitl14,supercifar100,25,0,PCA RecError,class,places365,recerr_class,221.2547,217.3857,3.869
clip_vitl14,supercifar100,25,0,MLS,global,lsun cropped,mls,209.4179,208.6121,0.8058
clip_vitl14,supercifar100,25,0,Energy,global,lsun cropped,energy,209.4728,208.6842,0.7886
clip_vitl14,supercifar100,25,0,MSR,global,lsun cropped,msr,222.1097,219.7815,2.3283
clip_vitl14,supercifar100,25,0,GradNorm,global,lsun cropped,gradnorm,219.8498,219.7484,0.1014
clip_vitl14,supercifar100,25,0,Maha,global,lsun cropped,maha,305.9708,262.2055,43.7653
clip_vitl14,supercifar100,25,0,GradNorm,class pred,lsun cropped,gradnorm_cp,219.8498,275.9923,-56.1425
clip_vitl14,supercifar100,25,0,Maha,class pred,lsun cropped,maha_cp,305.9708,282.7396,23.2313
clip_vitl14,supercifar100,25,0,PCA RecError,class pred,lsun cropped,recerr_cp,322.4562,299.4741,22.9821
clip_vitl14,supercifar100,25,0,PCA RecError,class,lsun cropped,recerr_class,322.4562,307.2567,15.1995
clip_vitl14,supercifar100,25,0,MLS,global,textures,mls,188.324,188.9853,-0.6613
clip_vitl14,supercifar100,25,0,Energy,global,textures,energy,188.5914,189.2723,-0.6808
clip_vitl14,supercifar100,25,0,MSR,global,textures,msr,183.7183,182.9394,0.7789
clip_vitl14,supercifar100,25,0,GradNorm,global,textures,gradnorm,224.9785,163.6868,61.2917
clip_vitl14,supercifar100,25,0,Maha,global,textures,maha,182.8085,169.316,13.4925
clip_vitl14,supercifar100,25,0,GradNorm,class pred,textures,gradnorm_cp,224.9785,182.2285,42.75
clip_vitl14,supercifar100,25,0,Maha,class pred,textures,maha_cp,182.8085,232.2906,-49.482
clip_vitl14,supercifar100,25,0,PCA RecError,class pred,textures,recerr_cp,184.5119,175.361,9.1508
clip_vitl14,supercifar100,25,0,PCA RecError,class,textures,recerr_class,184.5119,178.1825,6.3294
clip_vitl14,supercifar100,25,0,MLS,global,svhn,mls,318.7202,317.5994,1.1208
clip_vitl14,supercifar100,25,0,Energy,global,svhn,energy,318.7798,317.6729,1.1069
clip_vitl14,supercifar100,25,0,MSR,global,svhn,msr,329.1516,326.5947,2.5569
clip_vitl14,supercifar100,25,0,GradNorm,global,svhn,gradnorm,321.2675,313.5053,7.7622
clip_vitl14,supercifar100,25,0,Maha,global,svhn,maha,351.0358,346.8548,4.1809
clip_vitl14,supercifar100,25,0,GradNorm,class pred,svhn,gradnorm_cp,321.2675,327.0596,-5.7921
clip_vitl14,supercifar100,25,0,Maha,class pred,svhn,maha_cp,351.0358,371.6305,-20.5948
clip_vitl14,supercifar100,25,0,PCA RecError,class pred,svhn,recerr_cp,361.99,353.9093,8.0807
clip_vitl14,supercifar100,25,0,PCA RecError,class,svhn,recerr_class,361.99,361.3215,0.6685
clip_vitl14,supercifar100,25,1,MLS,global,cifar10,mls,241.2586,240.9846,0.2739
clip_vitl14,supercifar100,25,1,Energy,global,cifar10,energy,241.3763,241.0943,0.2819
clip_vitl14,supercifar100,25,1,MSR,global,cifar10,msr,243.8828,244.4166,-0.5338
clip_vitl14,supercifar100,25,1,GradNorm,global,cifar10,gradnorm,274.1327,254.7046,19.4281
clip_vitl14,supercifar100,25,1,Maha,global,cifar10,maha,276.7239,256.797,19.9269
clip_vitl14,supercifar100,25,1,GradNorm,class pred,cifar10,gradnorm_cp,274.1327,276.0558,-1.923
clip_vitl14,supercifar100,25,1,Maha,class pred,cifar10,maha_cp,276.7239,296.8567,-20.1328
clip_vitl14,supercifar100,25,1,PCA RecError,class pred,cifar10,recerr_cp,278.1944,265.301,12.8934
clip_vitl14,supercifar100,25,1,PCA RecError,class,cifar10,recerr_class,278.1944,270.062,8.1323
clip_vitl14,supercifar100,25,1,MLS,global,tinyimagenet,mls,241.7463,245.7503,-4.004
clip_vitl14,supercifar100,25,1,Energy,global,tinyimagenet,energy,241.8607,245.8644,-4.0037
clip_vitl14,supercifar100,25,1,MSR,global,tinyimagenet,msr,243.331,245.8242,-2.4933
clip_vitl14,supercifar100,25,1,GradNorm,global,tinyimagenet,gradnorm,279.3391,216.9593,62.3798
clip_vitl14,supercifar100,25,1,Maha,global,tinyimagenet,maha,211.1354,202.7649,8.3705
clip_vitl14,supercifar100,25,1,GradNorm,class pred,tinyimagenet,gradnorm_cp,279.3391,246.8234,32.5157
clip_vitl14,supercifar100,25,1,Maha,class pred,tinyimagenet,maha_cp,211.1354,249.2208,-38.0854
clip_vitl14,supercifar100,25,1,PCA RecError,class pred,tinyimagenet,recerr_cp,215.3964,207.848,7.5484
clip_vitl14,supercifar100,25,1,PCA RecError,class,tinyimagenet,recerr_class,215.3964,209.7063,5.69
clip_vitl14,supercifar100,25,1,MLS,global,lsun resize,mls,213.3003,214.2402,-0.9399
clip_vitl14,supercifar100,25,1,Energy,global,lsun resize,energy,213.3042,214.2561,-0.9519
clip_vitl14,supercifar100,25,1,MSR,global,lsun resize,msr,231.3425,229.9958,1.3467
clip_vitl14,supercifar100,25,1,GradNorm,global,lsun resize,gradnorm,215.1387,207.7155,7.4232
clip_vitl14,supercifar100,25,1,Maha,global,lsun resize,maha,241.2524,237.3033,3.9492
clip_vitl14,supercifar100,25,1,GradNorm,class pred,lsun resize,gradnorm_cp,215.1387,278.4332,-63.2945
clip_vitl14,supercifar100,25,1,Maha,class pred,lsun resize,maha_cp,241.2524,238.0611,3.1913
clip_vitl14,supercifar100,25,1,PCA RecError,class pred,lsun resize,recerr_cp,265.7273,237.9087,27.8186
clip_vitl14,supercifar100,25,1,PCA RecError,class,lsun resize,recerr_class,265.7273,248.4714,17.256
clip_vitl14,supercifar100,25,1,MLS,global,isun,mls,196.4849,197.5765,-1.0916
clip_vitl14,supercifar100,25,1,Energy,global,isun,energy,196.5128,197.63,-1.1172
clip_vitl14,supercifar100,25,1,MSR,global,isun,msr,211.5239,210.4932,1.0307
clip_vitl14,supercifar100,25,1,GradNorm,global,isun,gradnorm,203.5404,199.3294,4.2109
clip_vitl14,supercifar100,25,1,Maha,global,isun,maha,241.9059,235.4005,6.5054
clip_vitl14,supercifar100,25,1,GradNorm,class pred,isun,gradnorm_cp,203.5404,279.4188,-75.8785
clip_vitl14,supercifar100,25,1,Maha,class pred,isun,maha_cp,241.9059,224.5907,17.3152
clip_vitl14,supercifar100,25,1,PCA RecError,class pred,isun,recerr_cp,267.1853,239.3539,27.8314
clip_vitl14,supercifar100,25,1,PCA RecError,class,isun,recerr_class,267.1853,250.8677,16.3176
clip_vitl14,supercifar100,25,1,MLS,global,places365,mls,238.3025,254.4385,-16.136
clip_vitl14,supercifar100,25,1,Energy,global,places365,energy,238.4326,254.5788,-16.1462
clip_vitl14,supercifar100,25,1,MSR,global,places365,msr,239.4639,249.6345,-10.1706
clip_vitl14,supercifar100,25,1,GradNorm,global,places365,gradnorm,302.5057,195.4215,107.0843
clip_vitl14,supercifar100,25,1,Maha,global,places365,maha,205.9373,199.2515,6.6858
clip_vitl14,supercifar100,25,1,GradNorm,class pred,places365,gradnorm_cp,302.5057,233.1863,69.3194
clip_vitl14,supercifar100,25,1,Maha,class pred,places365,maha_cp,205.9373,224.4201,-18.4827
clip_vitl14,supercifar100,25,1,PCA RecError,class pred,places365,recerr_cp,206.9018,201.5738,5.328
clip_vitl14,supercifar100,25,1,PCA RecError,class,places365,recerr_class,206.9018,202.9511,3.9506
clip_vitl14,supercifar100,25,1,MLS,global,lsun cropped,mls,193.3732,192.0464,1.3268
clip_vitl14,supercifar100,25,1,Energy,global,lsun cropped,energy,193.3614,192.0476,1.3138
clip_vitl14,supercifar100,25,1,MSR,global,lsun cropped,msr,206.5951,205.0214,1.5737
clip_vitl14,supercifar100,25,1,GradNorm,global,lsun cropped,gradnorm,205.3485,205.8001,-0.4517
clip_vitl14,supercifar100,25,1,Maha,global,lsun cropped,maha,293.435,263.2796,30.1555
clip_vitl14,supercifar100,25,1,GradNorm,class pred,lsun cropped,gradnorm_cp,205.3485,265.0722,-59.7238
clip_vitl14,supercifar100,25,1,Maha,class pred,lsun cropped,maha_cp,293.435,267.1347,26.3003
clip_vitl14,supercifar100,25,1,PCA RecError,class pred,lsun cropped,recerr_cp,309.496,278.9232,30.5729
clip_vitl14,supercifar100,25,1,PCA RecError,class,lsun cropped,recerr_class,309.496,287.0902,22.4059
clip_vitl14,supercifar100,25,1,MLS,global,textures,mls,160.5397,160.4758,0.0639
clip_vitl14,supercifar100,25,1,Energy,global,textures,energy,160.6557,160.5953,0.0605
clip_vitl14,supercifar100,25,1,MSR,global,textures,msr,164.8807,164.6235,0.2572
clip_vitl14,supercifar100,25,1,GradNorm,global,textures,gradnorm,209.9039,147.2246,62.6793
clip_vitl14,supercifar100,25,1,Maha,global,textures,maha,166.3886,155.3077,11.0809
clip_vitl14,supercifar100,25,1,GradNorm,class pred,textures,gradnorm_cp,209.9039,167.7603,42.1436
clip_vitl14,supercifar100,25,1,Maha,class pred,textures,maha_cp,166.3886,210.1179,-43.7293
clip_vitl14,supercifar100,25,1,PCA RecError,class pred,textures,recerr_cp,168.0119,159.242,8.7699
clip_vitl14,supercifar100,25,1,PCA RecError,class,textures,recerr_class,168.0119,161.6105,6.4014
clip_vitl14,supercifar100,25,1,MLS,global,svhn,mls,310.4696,310.2758,0.1938
clip_vitl14,supercifar100,25,1,Energy,global,svhn,energy,310.3645,310.1751,0.1894
clip_vitl14,supercifar100,25,1,MSR,global,svhn,msr,330.395,328.728,1.6669
clip_vitl14,supercifar100,25,1,GradNorm,global,svhn,gradnorm,316.1874,304.506,11.6814
clip_vitl14,supercifar100,25,1,Maha,global,svhn,maha,336.9981,343.684,-6.6859
clip_vitl14,supercifar100,25,1,GradNorm,class pred,svhn,gradnorm_cp,316.1874,314.9929,1.1945
clip_vitl14,supercifar100,25,1,Maha,class pred,svhn,maha_cp,336.9981,351.1778,-14.1797
clip_vitl14,supercifar100,25,1,PCA RecError,class pred,svhn,recerr_cp,352.2071,346.3039,5.9032
clip_vitl14,supercifar100,25,1,PCA RecError,class,svhn,recerr_class,352.2071,349.4176,2.7896
clip_vitl14,supercifar100,25,2,MLS,global,cifar10,mls,231.5365,232.9637,-1.4271
clip_vitl14,supercifar100,25,2,Energy,global,cifar10,energy,231.691,233.0924,-1.4014
clip_vitl14,supercifar100,25,2,MSR,global,cifar10,msr,231.9336,234.3708,-2.4372
clip_vitl14,supercifar100,25,2,GradNorm,global,cifar10,gradnorm,266.8055,246.952,19.8535
clip_vitl14,supercifar100,25,2,Maha,global,cifar10,maha,267.7117,247.337,20.3747
clip_vitl14,supercifar100,25,2,GradNorm,class pred,cifar10,gradnorm_cp,266.8055,274.0171,-7.2117
clip_vitl14,supercifar100,25,2,Maha,class pred,cifar10,maha_cp,267.7117,293.3971,-25.6854
clip_vitl14,supercifar100,25,2,PCA RecError,class pred,cifar10,recerr_cp,268.7902,254.7132,14.0771
clip_vitl14,supercifar100,25,2,PCA RecError,class,cifar10,recerr_class,268.7902,259.428,9.3622
clip_vitl14,supercifar100,25,2,MLS,global,tinyimagenet,mls,236.9853,242.478,-5.4927
clip_vitl14,supercifar100,25,2,Energy,global,tinyimagenet,energy,237.1128,242.5967,-5.4839
clip_vitl14,supercifar100,25,2,MSR,global,tinyimagenet,msr,237.7312,241.807,-4.0758
clip_vitl14,supercifar100,25,2,GradNorm,global,tinyimagenet,gradnorm,274.5696,204.0118,70.5578
clip_vitl14,supercifar100,25,2,Maha,global,tinyimagenet,maha,204.242,194.2184,10.0237
clip_vitl14,supercifar100,25,2,GradNorm,class pred,tinyimagenet,gradnorm_cp,274.5696,241.7506,32.8191
clip_vitl14,supercifar100,25,2,Maha,class pred,tinyimagenet,maha_cp,204.242,250.0279,-45.7859
clip_vitl14,supercifar100,25,2,PCA RecError,class pred,tinyimagenet,recerr_cp,205.6717,198.7357,6.9361
clip_vitl14,supercifar100,25,2,PCA RecError,class,tinyimagenet,recerr_class,205.6717,200.4826,5.1891
clip_vitl14,supercifar100,25,2,MLS,global,lsun resize,mls,210.5773,211.2561,-0.6788
clip_vitl14,supercifar100,25,2,Energy,global,lsun resize,energy,210.6377,211.3157,-0.678
clip_vitl14,supercifar100,25,2,MSR,global,lsun resize,msr,219.224,218.8909,0.3331
clip_vitl14,supercifar100,25,2,GradNorm,global,lsun resize,gradnorm,209.3105,201.1159,8.1946
clip_vitl14,supercifar100,25,2,Maha,global,lsun resize,maha,226.1832,222.8673,3.3159
clip_vitl14,supercifar100,25,2,GradNorm,class pred,lsun resize,gradnorm_cp,209.3105,261.8877,-52.5772
clip_vitl14,supercifar100,25,2,Maha,class pred,lsun resize,maha_cp,226.1832,233.4214,-7.2381
clip_vitl14,supercifar100,25,2,PCA RecError,class pred,lsun resize,recerr_cp,245.6697,232.9298,12.7399
clip_vitl14,supercifar100,25,2,PCA RecError,class,lsun resize,recerr_class,245.6697,237.5903,8.0794
clip_vitl14,supercifar100,25,2,MLS,global,isun,mls,195.2749,196.2613,-0.9864
clip_vitl14,supercifar100,25,2,Energy,global,isun,energy,195.3694,196.3467,-0.9773
clip_vitl14,supercifar100,25,2,MSR,global,isun,msr,201.3424,201.7709,-0.4285
clip_vitl14,supercifar100,25,2,GradNorm,global,isun,gradnorm,197.2352,192.7658,4.4693
clip_vitl14,supercifar100,25,2,Maha,global,isun,maha,225.1171,223.5651,1.552
clip_vitl14,supercifar100,25,2,GradNorm,class pred,isun,gradnorm_cp,197.2352,267.5438,-70.3086
clip_vitl14,supercifar100,25,2,Maha,class pred,isun,maha_cp,225.1171,222.6087,2.5084
clip_vitl14,supercifar100,25,2,PCA RecError,class pred,isun,recerr_cp,248.2075,234.4222,13.7853
clip_vitl14,supercifar100,25,2,PCA RecError,class,isun,recerr_class,248.2075,239.3438,8.8637
clip_vitl14,supercifar100,25,2,MLS,global,places365,mls,249.3955,264.8519,-15.4564
clip_vitl14,supercifar100,25,2,Energy,global,places365,energy,249.5834,265.054,-15.4707
clip_vitl14,supercifar100,25,2,MSR,global,places365,msr,241.4657,249.3216,-7.8559
clip_vitl14,supercifar100,25,2,GradNorm,global,places365,gradnorm,303.5624,189.0187,114.5437
clip_vitl14,supercifar100,25,2,Maha,global,places365,maha,198.7432,190.5379,8.2053
clip_vitl14,supercifar100,25,2,GradNorm,class pred,places365,gradnorm_cp,303.5624,217.3032,86.2592
clip_vitl14,supercifar100,25,2,Maha,class pred,places365,maha_cp,198.7432,222.7252,-23.982
clip_vitl14,supercifar100,25,2,PCA RecError,class pred,places365,recerr_cp,199.2646,193.4502,5.8144
clip_vitl14,supercifar100,25,2,PCA RecError,class,places365,recerr_class,199.2646,194.9084,4.3562
clip_vitl14,supercifar100,25,2,MLS,global,lsun cropped,mls,188.1267,188.6137,-0.487
clip_vitl14,supercifar100,25,2,Energy,global,lsun cropped,energy,188.1315,188.6062,-0.4747
clip_vitl14,supercifar100,25,2,MSR,global,lsun cropped,msr,202.5991,203.9997,-1.4006
clip_vitl14,supercifar100,25,2,GradNorm,global,lsun cropped,gradnorm,201.2955,202.5915,-1.2961
clip_vitl14,supercifar100,25,2,Maha,global,lsun cropped,maha,291.3741,241.6711,49.703
clip_vitl14,supercifar100,25,2,GradNorm,class pred,lsun cropped,gradnorm_cp,201.2955,253.5678,-52.2723
clip_vitl14,supercifar100,25,2,Maha,class pred,lsun cropped,maha_cp,291.3741,269.0996,22.2744
clip_vitl14,supercifar100,25,2,PCA RecError,class pred,lsun cropped,recerr_cp,306.5985,265.7979,40.8006
clip_vitl14,supercifar100,25,2,PCA RecError,class,lsun cropped,recerr_class,306.5985,274.8674,31.7311
clip_vitl14,supercifar100,25,2,MLS,global,textures,mls,155.975,161.5614,-5.5864
clip_vitl14,supercifar100,25,2,Energy,global,textures,energy,156.1395,161.7102,-5.5707
clip_vitl14,supercifar100,25,2,MSR,global,textures,msr,158.5705,163.1354,-4.5649
clip_vitl14,supercifar100,25,2,GradNorm,global,textures,gradnorm,206.1848,140.6243,65.5606
clip_vitl14,supercifar100,25,2,Maha,global,textures,maha,158.0073,144.7007,13.3066
clip_vitl14,supercifar100,25,2,GradNorm,class pred,textures,gradnorm_cp,206.1848,159.093,47.0918
clip_vitl14,supercifar100,25,2,Maha,class pred,textures,maha_cp,158.0073,191.4672,-33.4599
clip_vitl14,supercifar100,25,2,PCA RecError,class pred,textures,recerr_cp,159.0266,149.5237,9.5029
clip_vitl14,supercifar100,25,2,PCA RecError,class,textures,recerr_class,159.0266,151.886,7.1406
clip_vitl14,supercifar100,25,2,MLS,global,svhn,mls,299.5187,299.8283,-0.3096
clip_vitl14,supercifar100,25,2,Energy,global,svhn,energy,299.4745,299.7643,-0.2899
clip_vitl14,supercifar100,25,2,MSR,global,svhn,msr,311.9769,314.0803,-2.1034
clip_vitl14,supercifar100,25,2,GradNorm,global,svhn,gradnorm,306.0674,299.822,6.2454
clip_vitl14,supercifar100,25,2,Maha,global,svhn,maha,332.2995,320.7928,11.5067
clip_vitl14,supercifar100,25,2,GradNorm,class pred,svhn,gradnorm_cp,306.0674,312.2454,-6.178
clip_vitl14,supercifar100,25,2,Maha,class pred,svhn,maha_cp,332.2995,375.4044,-43.1049
clip_vitl14,supercifar100,25,2,PCA RecError,class pred,svhn,recerr_cp,343.0011,329.0223,13.9788
clip_vitl14,supercifar100,25,2,PCA RecError,class,svhn,recerr_class,343.0011,333.3065,9.6947
clip_vitl14,supercifar100,100,0,MLS,global,cifar10,mls,238.3507,237.7219,0.6288
clip_vitl14,supercifar100,100,0,Energy,global,cifar10,energy,238.4654,237.8881,0.5773
clip_vitl14,supercifar100,100,0,MSR,global,cifar10,msr,242.0214,240.6661,1.3553
clip_vitl14,supercifar100,100,0,GradNorm,global,cifar10,gradnorm,270.5173,256.1193,14.398
clip_vitl14,supercifar100,100,0,Maha,global,cifar10,maha,276.1706,258.7163,17.4543
clip_vitl14,supercifar100,100,0,GradNorm,class pred,cifar10,gradnorm_cp,270.5173,268.8979,1.6195
clip_vitl14,supercifar100,100,0,Maha,class pred,cifar10,maha_cp,276.1706,280.0362,-3.8656
clip_vitl14,supercifar100,100,0,PCA RecError,class pred,cifar10,recerr_cp,276.4303,258.8855,17.5448
clip_vitl14,supercifar100,100,0,PCA RecError,class,cifar10,recerr_class,276.4303,265.1667,11.2635
clip_vitl14,supercifar100,100,0,MLS,global,tinyimagenet,mls,246.5388,248.0745,-1.5356
clip_vitl14,supercifar100,100,0,Energy,global,tinyimagenet,energy,246.696,248.2771,-1.5811
clip_vitl14,supercifar100,100,0,MSR,global,tinyimagenet,msr,243.7638,243.0627,0.7011
clip_vitl14,supercifar100,100,0,GradNorm,global,tinyimagenet,gradnorm,277.0433,218.7615,58.2818
clip_vitl14,supercifar100,100,0,Maha,global,tinyimagenet,maha,210.5111,204.7574,5.7537
clip_vitl14,supercifar100,100,0,GradNorm,class pred,tinyimagenet,gradnorm_cp,277.0433,228.8561,48.1872
clip_vitl14,supercifar100,100,0,Maha,class pred,tinyimagenet,maha_cp,210.5111,215.2224,-4.7114
clip_vitl14,supercifar100,100,0,PCA RecError,class pred,tinyimagenet,recerr_cp,213.4434,204.9562,8.4873
clip_vitl14,supercifar100,100,0,PCA RecError,class,tinyimagenet,recerr_class,213.4434,207.2266,6.2168
clip_vitl14,supercifar100,100,0,MLS,global,lsun resize,mls,215.9406,215.8108,0.1298
clip_vitl14,supercifar100,100,0,Energy,global,lsun resize,energy,216.0326,215.9566,0.0761
clip_vitl14,supercifar100,100,0,MSR,global,lsun resize,msr,222.2022,220.5542,1.648
clip_vitl14,supercifar100,100,0,GradNorm,global,lsun resize,gradnorm,212.6051,201.9733,10.6318
clip_vitl14,supercifar100,100,0,Maha,global,lsun resize,maha,227.0039,240.0865,-13.0826
clip_vitl14,supercifar100,100,0,GradNorm,class pred,lsun resize,gradnorm_cp,212.6051,237.9608,-25.3556
clip_vitl14,supercifar100,100,0,Maha,class pred,lsun resize,maha_cp,227.0039,236.5515,-9.5476
clip_vitl14,supercifar100,100,0,PCA RecError,class pred,lsun resize,recerr_cp,248.6449,238.055,10.5899
clip_vitl14,supercifar100,100,0,PCA RecError,class,lsun resize,recerr_class,248.6449,243.3421,5.3028
clip_vitl14,supercifar100,100,0,MLS,global,isun,mls,201.4436,201.6371,-0.1935
clip_vitl14,supercifar100,100,0,Energy,global,isun,energy,201.5334,201.7785,-0.2451
clip_vitl14,supercifar100,100,0,MSR,global,isun,msr,209.0155,207.4995,1.516
clip_vitl14,supercifar100,100,0,GradNorm,global,isun,gradnorm,203.6946,194.147,9.5476
clip_vitl14,supercifar100,100,0,Maha,global,isun,maha,225.9797,241.5406,-15.5609
clip_vitl14,supercifar100,100,0,GradNorm,class pred,isun,gradnorm_cp,203.6946,236.0341,-32.3395
clip_vitl14,supercifar100,100,0,Maha,class pred,isun,maha_cp,225.9797,231.3689,-5.3892
clip_vitl14,supercifar100,100,0,PCA RecError,class pred,isun,recerr_cp,249.9195,238.3767,11.5428
clip_vitl14,supercifar100,100,0,PCA RecError,class,isun,recerr_class,249.9195,244.6948,5.2247
clip_vitl14,supercifar100,100,0,MLS,global,places365,mls,250.0365,256.716,-6.6795
clip_vitl14,supercifar100,100,0,Energy,global,places365,energy,250.2524,256.9639,-6.7115
clip_vitl14,supercifar100,100,0,MSR,global,places365,msr,241.1334,244.6883,-3.5549
clip_vitl14,supercifar100,100,0,GradNorm,global,places365,gradnorm,298.1722,195.2391,102.9331
clip_vitl14,supercifar100,100,0,Maha,global,places365,maha,206.2913,201.3165,4.9748
clip_vitl14,supercifar100,100,0,GradNorm,class pred,places365,gradnorm_cp,298.1722,204.598,93.5742
clip_vitl14,supercifar100,100,0,Maha,class pred,places365,maha_cp,206.2913,204.885,1.4063
clip_vitl14,supercifar100,100,0,PCA RecError,class pred,places365,recerr_cp,206.4926,199.8062,6.6864
clip_vitl14,supercifar100,100,0,PCA RecError,class,places365,recerr_class,206.4926,201.7816,4.711
clip_vitl14,supercifar100,100,0,MLS,global,lsun cropped,mls,198.0423,197.6711,0.3712
clip_vitl14,supercifar100,100,0,Energy,global,lsun cropped,energy,198.0469,197.7285,0.3184
clip_vitl14,supercifar100,100,0,MSR,global,lsun cropped,msr,211.5025,210.0829,1.4196
clip_vitl14,supercifar100,100,0,GradNorm,global,lsun cropped,gradnorm,208.288,203.4692,4.8188
clip_vitl14,supercifar100,100,0,Maha,global,lsun cropped,maha,284.5784,276.2057,8.3727
clip_vitl14,supercifar100,100,0,GradNorm,class pred,lsun cropped,gradnorm_cp,208.288,218.4642,-10.1762
clip_vitl14,supercifar100,100,0,Maha,class pred,lsun cropped,maha_cp,284.5784,284.5407,0.0377
clip_vitl14,supercifar100,100,0,PCA RecError,class pred,lsun cropped,recerr_cp,304.1284,273.0887,31.0397
clip_vitl14,supercifar100,100,0,PCA RecError,class,lsun cropped,recerr_class,304.1284,280.794,23.3344
clip_vitl14,supercifar100,100,0,MLS,global,textures,mls,166.0574,165.56,0.4973
clip_vitl14,supercifar100,100,0,Energy,global,textures,energy,166.2414,165.7837,0.4577
clip_vitl14,supercifar100,100,0,MSR,global,textures,msr,168.8602,168.3874,0.4728
clip_vitl14,supercifar100,100,0,GradNorm,global,textures,gradnorm,210.4454,148.6104,61.8349
clip_vitl14,supercifar100,100,0,Maha,global,textures,maha,166.6646,158.5684,8.0963
clip_vitl14,supercifar100,100,0,GradNorm,class pred,textures,gradnorm_cp,210.4454,152.9171,57.5283
clip_vitl14,supercifar100,100,0,Maha,class pred,textures,maha_cp,166.6646,165.1704,1.4942
clip_vitl14,supercifar100,100,0,PCA RecError,class pred,textures,recerr_cp,167.387,156.2921,11.0948
clip_vitl14,supercifar100,100,0,PCA RecError,class,textures,recerr_class,167.387,159.4795,7.9074
clip_vitl14,supercifar100,100,0,MLS,global,svhn,mls,311.1993,311.0791,0.1202
clip_vitl14,supercifar100,100,0,Energy,global,svhn,energy,311.0538,310.9671,0.0867
clip_vitl14,supercifar100,100,0,MSR,global,svhn,msr,335.4712,335.8778,-0.4065
clip_vitl14,supercifar100,100,0,GradNorm,global,svhn,gradnorm,317.1568,305.3794,11.7774
clip_vitl14,supercifar100,100,0,Maha,global,svhn,maha,332.1368,346.6426,-14.5058
clip_vitl14,supercifar100,100,0,GradNorm,class pred,svhn,gradnorm_cp,317.1568,306.8001,10.3567
clip_vitl14,supercifar100,100,0,Maha,class pred,svhn,maha_cp,332.1368,357.4078,-25.271
clip_vitl14,supercifar100,100,0,PCA RecError,class pred,svhn,recerr_cp,345.8335,340.7731,5.0604
clip_vitl14,supercifar100,100,0,PCA RecError,class,svhn,recerr_class,345.8335,342.7198,3.1136
clip_vitl14,supercifar100,100,1,MLS,global,cifar10,mls,237.4482,237.9272,-0.479
clip_vitl14,supercifar100,100,1,Energy,global,cifar10,energy,237.6632,238.147,-0.4839
clip_vitl14,supercifar100,100,1,MSR,global,cifar10,msr,236.1272,236.5654,-0.4381
clip_vitl14,supercifar100,100,1,GradNorm,global,cifar10,gradnorm,262.7531,247.1554,15.5977
clip_vitl14,supercifar100,100,1,Maha,global,cifar10,maha,272.4819,255.1397,17.3422
clip_vitl14,supercifar100,100,1,GradNorm,class pred,cifar10,gradnorm_cp,262.7531,254.6891,8.064
clip_vitl14,supercifar100,100,1,Maha,class pred,cifar10,maha_cp,272.4819,269.4308,3.0511
clip_vitl14,supercifar100,100,1,PCA RecError,class pred,cifar10,recerr_cp,271.9126,254.4726,17.44
clip_vitl14,supercifar100,100,1,PCA RecError,class,cifar10,recerr_class,271.9126,262.4177,9.4949
clip_vitl14,supercifar100,100,1,MLS,global,tinyimagenet,mls,249.6566,252.2324,-2.5758
clip_vitl14,supercifar100,100,1,Energy,global,tinyimagenet,energy,249.8526,252.4482,-2.5956
clip_vitl14,supercifar100,100,1,MSR,global,tinyimagenet,msr,243.9248,245.3119,-1.3871
clip_vitl14,supercifar100,100,1,GradNorm,global,tinyimagenet,gradnorm,275.2036,216.6596,58.544
clip_vitl14,supercifar100,100,1,Maha,global,tinyimagenet,maha,206.1962,200.3311,5.8651
clip_vitl14,supercifar100,100,1,GradNorm,class pred,tinyimagenet,gradnorm_cp,275.2036,216.335,58.8686
clip_vitl14,supercifar100,100,1,Maha,class pred,tinyimagenet,maha_cp,206.1962,207.5232,-1.327
clip_vitl14,supercifar100,100,1,PCA RecError,class pred,tinyimagenet,recerr_cp,208.8027,200.7491,8.0536
clip_vitl14,supercifar100,100,1,PCA RecError,class,tinyimagenet,recerr_class,208.8027,203.3974,5.4053
clip_vitl14,supercifar100,100,1,MLS,global,lsun resize,mls,207.5834,207.2231,0.3603
clip_vitl14,supercifar100,100,1,Energy,global,lsun resize,energy,207.6579,207.292,0.3659
clip_vitl14,supercifar100,100,1,MSR,global,lsun resize,msr,215.018,214.9737,0.0443
clip_vitl14,supercifar100,100,1,GradNorm,global,lsun resize,gradnorm,206.8932,198.7409,8.1523
clip_vitl14,supercifar100,100,1,Maha,global,lsun resize,maha,228.4437,233.0945,-4.6507
clip_vitl14,supercifar100,100,1,GradNorm,class pred,lsun resize,gradnorm_cp,206.8932,224.6315,-17.7384
clip_vitl14,supercifar100,100,1,Maha,class pred,lsun resize,maha_cp,228.4437,230.2083,-1.7645
clip_vitl14,supercifar100,100,1,PCA RecError,class pred,lsun resize,recerr_cp,248.9025,235.8236,13.0789
clip_vitl14,supercifar100,100,1,PCA RecError,class,lsun resize,recerr_class,248.9025,241.9903,6.9122
clip_vitl14,supercifar100,100,1,MLS,global,isun,mls,195.5421,194.9318,0.6103
clip_vitl14,supercifar100,100,1,Energy,global,isun,energy,195.6265,195.0272,0.5993
clip_vitl14,supercifar100,100,1,MSR,global,isun,msr,203.0257,202.2025,0.8233
clip_vitl14,supercifar100,100,1,GradNorm,global,isun,gradnorm,198.0936,190.9255,7.1681
clip_vitl14,supercifar100,100,1,Maha,global,isun,maha,228.551,234.5358,-5.9849
clip_vitl14,supercifar100,100,1,GradNorm,class pred,isun,gradnorm_cp,198.0936,222.1745,-24.081
clip_vitl14,supercifar100,100,1,Maha,class pred,isun,maha_cp,228.551,226.4068,2.1442
clip_vitl14,supercifar100,100,1,PCA RecError,class pred,isun,recerr_cp,251.3934,239.1551,12.2382
clip_vitl14,supercifar100,100,1,PCA RecError,class,isun,recerr_class,251.3934,246.2817,5.1117
clip_vitl14,supercifar100,100,1,MLS,global,places365,mls,274.1035,285.0851,-10.9816
clip_vitl14,supercifar100,100,1,Energy,global,places365,energy,274.438,285.4358,-10.9979
clip_vitl14,supercifar100,100,1,MSR,global,places365,msr,247.3677,252.5372,-5.1695
clip_vitl14,supercifar100,100,1,GradNorm,global,places365,gradnorm,304.3217,190.7254,113.5964
clip_vitl14,supercifar100,100,1,Maha,global,places365,maha,201.0573,196.2966,4.7606
clip_vitl14,supercifar100,100,1,GradNorm,class pred,places365,gradnorm_cp,304.3217,195.8116,108.5101
clip_vitl14,supercifar100,100,1,Maha,class pred,places365,maha_cp,201.0573,199.1134,1.9439
clip_vitl14,supercifar100,100,1,PCA RecError,class pred,places365,recerr_cp,201.3813,194.5009,6.8805
clip_vitl14,supercifar100,100,1,PCA RecError,class,places365,recerr_class,201.3813,196.8246,4.5567
clip_vitl14,supercifar100,100,1,MLS,global,lsun cropped,mls,197.0797,196.216,0.8637
clip_vitl14,supercifar100,100,1,Energy,global,lsun cropped,energy,197.1334,196.2808,0.8526
clip_vitl14,supercifar100,100,1,MSR,global,lsun cropped,msr,206.9576,206.0869,0.8707
clip_vitl14,supercifar100,100,1,GradNorm,global,lsun cropped,gradnorm,201.1683,197.6269,3.5413
clip_vitl14,supercifar100,100,1,Maha,global,lsun cropped,maha,284.1564,270.278,13.8784
clip_vitl14,supercifar100,100,1,GradNorm,class pred,lsun cropped,gradnorm_cp,201.1683,207.6945,-6.5263
clip_vitl14,supercifar100,100,1,Maha,class pred,lsun cropped,maha_cp,284.1564,272.933,11.2234
clip_vitl14,supercifar100,100,1,PCA RecError,class pred,lsun cropped,recerr_cp,299.8281,272.7484,27.0796
clip_vitl14,supercifar100,100,1,PCA RecError,class,lsun cropped,recerr_class,299.8281,280.4368,19.3913
clip_vitl14,supercifar100,100,1,MLS,global,textures,mls,171.7302,170.9126,0.8176
clip_vitl14,supercifar100,100,1,Energy,global,textures,energy,172.0513,171.2208,0.8305
clip_vitl14,supercifar100,100,1,MSR,global,textures,msr,165.1049,164.8765,0.2284
clip_vitl14,supercifar100,100,1,GradNorm,global,textures,gradnorm,206.3402,143.6636,62.6766
clip_vitl14,supercifar100,100,1,Maha,global,textures,maha,160.8233,153.0041,7.8193
clip_vitl14,supercifar100,100,1,GradNorm,class pred,textures,gradnorm_cp,206.3402,144.1504,62.1898
clip_vitl14,supercifar100,100,1,Maha,class pred,textures,maha_cp,160.8233,158.1667,2.6567
clip_vitl14,supercifar100,100,1,PCA RecError,class pred,textures,recerr_cp,161.8168,150.2845,11.5323
clip_vitl14,supercifar100,100,1,PCA RecError,class,textures,recerr_class,161.8168,154.0593,7.7575
clip_vitl14,supercifar100,100,1,MLS,global,svhn,mls,305.7409,305.2658,0.4751
clip_vitl14,supercifar100,100,1,Energy,global,svhn,energy,305.5832,305.1297,0.4536
clip_vitl14,supercifar100,100,1,MSR,global,svhn,msr,328.3948,325.7973,2.5975
clip_vitl14,supercifar100,100,1,GradNorm,global,svhn,gradnorm,312.7333,300.6862,12.047
clip_vitl14,supercifar100,100,1,Maha,global,svhn,maha,327.2884,348.2151,-20.9266
clip_vitl14,supercifar100,100,1,GradNorm,class pred,svhn,gradnorm_cp,312.7333,301.5643,11.169
clip_vitl14,supercifar100,100,1,Maha,class pred,svhn,maha_cp,327.2884,342.0583,-14.7699
clip_vitl14,supercifar100,100,1,PCA RecError,class pred,svhn,recerr_cp,341.0305,337.609,3.4215
clip_vitl14,supercifar100,100,1,PCA RecError,class,svhn,recerr_class,341.0305,340.9913,0.0391
clip_vitl14,supercifar100,100,2,MLS,global,cifar10,mls,225.1556,223.8438,1.3118
clip_vitl14,supercifar100,100,2,Energy,global,cifar10,energy,225.3538,224.066,1.2877
clip_vitl14,supercifar100,100,2,MSR,global,cifar10,msr,224.7802,222.4294,2.3508
clip_vitl14,supercifar100,100,2,GradNorm,global,cifar10,gradnorm,262.1476,245.2749,16.8727
clip_vitl14,supercifar100,100,2,Maha,global,cifar10,maha,267.2512,249.8054,17.4459
clip_vitl14,supercifar100,100,2,GradNorm,class pred,cifar10,gradnorm_cp,262.1476,266.0337,-3.8861
clip_vitl14,supercifar100,100,2,Maha,class pred,cifar10,maha_cp,267.2512,270.7,-3.4488
clip_vitl14,supercifar100,100,2,PCA RecError,class pred,cifar10,recerr_cp,267.4761,250.3675,17.1086
clip_vitl14,supercifar100,100,2,PCA RecError,class,cifar10,recerr_class,267.4761,255.6391,11.837
clip_vitl14,supercifar100,100,2,MLS,global,tinyimagenet,mls,237.3776,238.6601,-1.2824
clip_vitl14,supercifar100,100,2,Energy,global,tinyimagenet,energy,237.5353,238.8508,-1.3155
clip_vitl14,supercifar100,100,2,MSR,global,tinyimagenet,msr,238.677,237.2147,1.4623
clip_vitl14,supercifar100,100,2,GradNorm,global,tinyimagenet,gradnorm,274.4433,213.4624,60.981
clip_vitl14,supercifar100,100,2,Maha,global,tinyimagenet,maha,199.9923,194.1095,5.8828
clip_vitl14,supercifar100,100,2,GradNorm,class pred,tinyimagenet,gradnorm_cp,274.4433,221.4898,52.9535
clip_vitl14,supercifar100,100,2,Maha,class pred,tinyimagenet,maha_cp,199.9923,202.6777,-2.6855
clip_vitl14,supercifar100,100,2,PCA RecError,class pred,tinyimagenet,recerr_cp,202.7695,194.9871,7.7825
clip_vitl14,supercifar100,100,2,PCA RecError,class,tinyimagenet,recerr_class,202.7695,196.7309,6.0387
clip_vitl14,supercifar100,100,2,MLS,global,lsun resize,mls,211.9266,212.0698,-0.1431
clip_vitl14,supercifar100,100,2,Energy,global,lsun resize,energy,212.0695,212.239,-0.1695
clip_vitl14,supercifar100,100,2,MSR,global,lsun resize,msr,218.2512,216.0239,2.2273
clip_vitl14,supercifar100,100,2,GradNorm,global,lsun resize,gradnorm,206.1812,195.174,11.0072
clip_vitl14,supercifar100,100,2,Maha,global,lsun resize,maha,216.2774,227.8464,-11.5689
clip_vitl14,supercifar100,100,2,GradNorm,class pred,lsun resize,gradnorm_cp,206.1812,213.8739,-7.6927
clip_vitl14,supercifar100,100,2,Maha,class pred,lsun resize,maha_cp,216.2774,227.6933,-11.4158
clip_vitl14,supercifar100,100,2,PCA RecError,class pred,lsun resize,recerr_cp,237.415,226.3777,11.0372
clip_vitl14,supercifar100,100,2,PCA RecError,class,lsun resize,recerr_class,237.415,230.3151,7.0998
clip_vitl14,supercifar100,100,2,MLS,global,isun,mls,199.263,199.0679,0.1951
clip_vitl14,supercifar100,100,2,Energy,global,isun,energy,199.4392,199.2763,0.1629
clip_vitl14,supercifar100,100,2,MSR,global,isun,msr,203.2868,200.0782,3.2086
clip_vitl14,supercifar100,100,2,GradNorm,global,isun,gradnorm,196.9787,188.1745,8.8042
clip_vitl14,supercifar100,100,2,Maha,global,isun,maha,215.5568,229.0058,-13.449
clip_vitl14,supercifar100,100,2,GradNorm,class pred,isun,gradnorm_cp,196.9787,212.5862,-15.6074
clip_vitl14,supercifar100,100,2,Maha,class pred,isun,maha_cp,215.5568,222.4083,-6.8515
clip_vitl14,supercifar100,100,2,PCA RecError,class pred,isun,recerr_cp,239.6941,228.5724,11.1217
clip_vitl14,supercifar100,100,2,PCA RecError,class,isun,recerr_class,239.6941,233.0934,6.6007
clip_vitl14,supercifar100,100,2,MLS,global,places365,mls,254.6192,262.6505,-8.0312
clip_vitl14,supercifar100,100,2,Energy,global,places365,energy,254.8664,262.9314,-8.065
clip_vitl14,supercifar100,100,2,MSR,global,places365,msr,242.4146,244.5828,-2.1682
clip_vitl14,supercifar100,100,2,GradNorm,global,places365,gradnorm,302.9661,187.6613,115.3048
clip_vitl14,supercifar100,100,2,Maha,global,places365,maha,195.6971,190.4183,5.2788
clip_vitl14,supercifar100,100,2,GradNorm,class pred,places365,gradnorm_cp,302.9661,197.7722,105.1939
clip_vitl14,supercifar100,100,2,Maha,class pred,places365,maha_cp,195.6971,194.4967,1.2004
clip_vitl14,supercifar100,100,2,PCA RecError,class pred,places365,recerr_cp,195.902,189.634,6.268
clip_vitl14,supercifar100,100,2,PCA RecError,class,places365,recerr_class,195.902,191.1985,4.7035
clip_vitl14,supercifar100,100,2,MLS,global,lsun cropped,mls,189.1826,188.1955,0.9871
clip_vitl14,supercifar100,100,2,Energy,global,lsun cropped,energy,189.2468,188.2934,0.9533
clip_vitl14,supercifar100,100,2,MSR,global,lsun cropped,msr,202.5783,198.1984,4.3799
clip_vitl14,supercifar100,100,2,GradNorm,global,lsun cropped,gradnorm,198.9611,194.5898,4.3713
clip_vitl14,supercifar100,100,2,Maha,global,lsun cropped,maha,276.219,263.1565,13.0626
clip_vitl14,supercifar100,100,2,GradNorm,class pred,lsun cropped,gradnorm_cp,198.9611,207.9374,-8.9763
clip_vitl14,supercifar100,100,2,Maha,class pred,lsun cropped,maha_cp,276.219,276.3538,-0.1348
clip_vitl14,supercifar100,100,2,PCA RecError,class pred,lsun cropped,recerr_cp,296.1084,262.8936,33.2148
clip_vitl14,supercifar100,100,2,PCA RecError,class,lsun cropped,recerr_class,296.1084,271.0506,25.0579
clip_vitl14,supercifar100,100,2,MLS,global,textures,mls,162.5327,162.5785,-0.0458
clip_vitl14,supercifar100,100,2,Energy,global,textures,energy,162.7547,162.8148,-0.0601
clip_vitl14,supercifar100,100,2,MSR,global,textures,msr,164.7055,163.8443,0.8611
clip_vitl14,supercifar100,100,2,GradNorm,global,textures,gradnorm,207.292,138.7025,68.5895
clip_vitl14,supercifar100,100,2,Maha,global,textures,maha,154.5133,145.8659,8.6474
clip_vitl14,supercifar100,100,2,GradNorm,class pred,textures,gradnorm_cp,207.292,144.2717,63.0203
clip_vitl14,supercifar100,100,2,Maha,class pred,textures,maha_cp,154.5133,152.8626,1.6507
clip_vitl14,supercifar100,100,2,PCA RecError,class pred,textures,recerr_cp,155.2259,144.7566,10.4692
clip_vitl14,supercifar100,100,2,PCA RecError,class,textures,recerr_class,155.2259,147.2914,7.9345
clip_vitl14,supercifar100,100,2,MLS,global,svhn,mls,304.6652,303.1419,1.5233
clip_vitl14,supercifar100,100,2,Energy,global,svhn,energy,304.5568,303.0558,1.501
clip_vitl14,supercifar100,100,2,MSR,global,svhn,msr,328.6996,325.0529,3.6468
clip_vitl14,supercifar100,100,2,GradNorm,global,svhn,gradnorm,311.2227,298.0928,13.1299
clip_vitl14,supercifar100,100,2,Maha,global,svhn,maha,325.8119,341.5158,-15.7039
clip_vitl14,supercifar100,100,2,GradNorm,class pred,svhn,gradnorm_cp,311.2227,299.8464,11.3762
clip_vitl14,supercifar100,100,2,Maha,class pred,svhn,maha_cp,325.8119,342.5418,-16.7299
clip_vitl14,supercifar100,100,2,PCA RecError,class pred,svhn,recerr_cp,339.6611,333.5907,6.0704
clip_vitl14,supercifar100,100,2,PCA RecError,class,svhn,recerr_class,339.6611,335.9525,3.7085
clip_vitl14,supercifar100,0,0,MLS,global,cifar10,mls,248.9288,245.0082,3.9206
clip_vitl14,supercifar100,0,0,Energy,global,cifar10,energy,249.634,245.6391,3.9949
clip_vitl14,supercifar100,0,0,MSR,global,cifar10,msr,248.3408,243.8908,4.45
clip_vitl14,supercifar100,0,0,GradNorm,global,cifar10,gradnorm,256.5837,245.9767,10.607
clip_vitl14,supercifar100,0,0,Maha,global,cifar10,maha,274.809,263.7262,11.0828
clip_vitl14,supercifar100,0,0,GradNorm,class pred,cifar10,gradnorm_cp,256.5837,248.6958,7.8879
clip_vitl14,supercifar100,0,0,Maha,class pred,cifar10,maha_cp,274.809,281.6677,-6.8587
clip_vitl14,supercifar100,0,0,PCA RecError,class pred,cifar10,recerr_cp,278.5617,251.1007,27.461
clip_vitl14,supercifar100,0,0,PCA RecError,class,cifar10,recerr_class,278.5617,262.2652,16.2965
clip_vitl14,supercifar100,0,0,MLS,global,tinyimagenet,mls,277.9016,269.9665,7.935
clip_vitl14,supercifar100,0,0,Energy,global,tinyimagenet,energy,278.7848,270.8056,7.9792
clip_vitl14,supercifar100,0,0,MSR,global,tinyimagenet,msr,266.597,259.3201,7.2769
clip_vitl14,supercifar100,0,0,GradNorm,global,tinyimagenet,gradnorm,281.6988,237.5343,44.1645
clip_vitl14,supercifar100,0,0,Maha,global,tinyimagenet,maha,215.2852,212.7091,2.5762
clip_vitl14,supercifar100,0,0,GradNorm,class pred,tinyimagenet,gradnorm_cp,281.6988,228.8104,52.8885
clip_vitl14,supercifar100,0,0,Maha,class pred,tinyimagenet,maha_cp,215.2852,224.1503,-8.8651
clip_vitl14,supercifar100,0,0,PCA RecError,class pred,tinyimagenet,recerr_cp,219.7927,206.0124,13.7803
clip_vitl14,supercifar100,0,0,PCA RecError,class,tinyimagenet,recerr_class,219.7927,211.0949,8.6979
clip_vitl14,supercifar100,0,0,MLS,global,lsun resize,mls,245.7681,235.7908,9.9772
clip_vitl14,supercifar100,0,0,Energy,global,lsun resize,energy,246.4064,236.4358,9.9706
clip_vitl14,supercifar100,0,0,MSR,global,lsun resize,msr,243.195,232.2565,10.9385
clip_vitl14,supercifar100,0,0,GradNorm,global,lsun resize,gradnorm,228.6111,213.7579,14.8532
clip_vitl14,supercifar100,0,0,Maha,global,lsun resize,maha,229.1345,246.6654,-17.5309
clip_vitl14,supercifar100,0,0,GradNorm,class pred,lsun resize,gradnorm_cp,228.6111,209.7405,18.8706
clip_vitl14,supercifar100,0,0,Maha,class pred,lsun resize,maha_cp,229.1345,259.0072,-29.8727
clip_vitl14,supercifar100,0,0,PCA RecError,class pred,lsun resize,recerr_cp,246.5074,222.427,24.0804
clip_vitl14,supercifar100,0,0,PCA RecError,class,lsun resize,recerr_class,246.5074,229.4253,17.0821
clip_vitl14,supercifar100,0,0,MLS,global,isun,mls,231.3201,223.4358,7.8843
clip_vitl14,supercifar100,0,0,Energy,global,isun,energy,231.9442,224.0959,7.8483
clip_vitl14,supercifar100,0,0,MSR,global,isun,msr,229.9967,219.3071,10.6896
clip_vitl14,supercifar100,0,0,GradNorm,global,isun,gradnorm,218.7862,205.1233,13.6629
clip_vitl14,supercifar100,0,0,Maha,global,isun,maha,227.7182,246.2426,-18.5244
clip_vitl14,supercifar100,0,0,GradNorm,class pred,isun,gradnorm_cp,218.7862,201.4016,17.3846
clip_vitl14,supercifar100,0,0,Maha,class pred,isun,maha_cp,227.7182,260.2626,-32.5444
clip_vitl14,supercifar100,0,0,PCA RecError,class pred,isun,recerr_cp,247.6559,219.6479,28.0081
clip_vitl14,supercifar100,0,0,PCA RecError,class,isun,recerr_class,247.6559,227.4168,20.2392
clip_vitl14,supercifar100,0,0,MLS,global,places365,mls,324.777,318.9533,5.8236
clip_vitl14,supercifar100,0,0,Energy,global,places365,energy,326.0962,320.2136,5.8825
clip_vitl14,supercifar100,0,0,MSR,global,places365,msr,281.0838,272.8501,8.2336
clip_vitl14,supercifar100,0,0,GradNorm,global,places365,gradnorm,313.6454,216.8716,96.7738
clip_vitl14,supercifar100,0,0,Maha,global,places365,maha,212.7145,209.9248,2.7897
clip_vitl14,supercifar100,0,0,GradNorm,class pred,places365,gradnorm_cp,313.6454,211.449,102.1964
clip_vitl14,supercifar100,0,0,Maha,class pred,places365,maha_cp,212.7145,214.3236,-1.6091
clip_vitl14,supercifar100,0,0,PCA RecError,class pred,places365,recerr_cp,213.6459,202.9398,10.7061
clip_vitl14,supercifar100,0,0,PCA RecError,class,places365,recerr_class,213.6459,207.7028,5.9431
clip_vitl14,supercifar100,0,0,MLS,global,lsun cropped,mls,213.6455,209.2654,4.3801
clip_vitl14,supercifar100,0,0,Energy,global,lsun cropped,energy,213.7502,209.4598,4.2903
clip_vitl14,supercifar100,0,0,MSR,global,lsun cropped,msr,225.7846,217.7938,7.9908
clip_vitl14,supercifar100,0,0,GradNorm,global,lsun cropped,gradnorm,216.3594,209.4863,6.8731
clip_vitl14,supercifar100,0,0,Maha,global,lsun cropped,maha,282.9793,280.5981,2.3812
clip_vitl14,supercifar100,0,0,GradNorm,class pred,lsun cropped,gradnorm_cp,216.3594,207.8839,8.4755
clip_vitl14,supercifar100,0,0,Maha,class pred,lsun cropped,maha_cp,282.9793,301.9925,-19.0132
clip_vitl14,supercifar100,0,0,PCA RecError,class pred,lsun cropped,recerr_cp,303.5575,255.326,48.2315
clip_vitl14,supercifar100,0,0,PCA RecError,class,lsun cropped,recerr_class,303.5575,271.7889,31.7686
clip_vitl14,supercifar100,0,0,MLS,global,textures,mls,217.1819,206.1035,11.0784
clip_vitl14,supercifar100,0,0,Energy,global,textures,energy,218.5509,207.3793,11.1717
clip_vitl14,supercifar100,0,0,MSR,global,textures,msr,197.9834,188.382,9.6014
clip_vitl14,supercifar100,0,0,GradNorm,global,textures,gradnorm,220.9191,169.079,51.8401
clip_vitl14,supercifar100,0,0,Maha,global,textures,maha,172.1609,167.6156,4.5453
clip_vitl14,supercifar100,0,0,GradNorm,class pred,textures,gradnorm_cp,220.9191,155.1309,65.7882
clip_vitl14,supercifar100,0,0,Maha,class pred,textures,maha_cp,172.1609,175.0867,-2.9258
clip_vitl14,supercifar100,0,0,PCA RecError,class pred,textures,recerr_cp,174.099,156.4949,17.604
clip_vitl14,supercifar100,0,0,PCA RecError,class,textures,recerr_class,174.099,164.1942,9.9047
clip_vitl14,supercifar100,0,0,MLS,global,svhn,mls,323.1473,316.6638,6.4835
clip_vitl14,supercifar100,0,0,Energy,global,svhn,energy,322.726,316.2442,6.4819
clip_vitl14,supercifar100,0,0,MSR,global,svhn,msr,342.1988,335.7244,6.4744
clip_vitl14,supercifar100,0,0,GradNorm,global,svhn,gradnorm,324.56,312.5023,12.0577
clip_vitl14,supercifar100,0,0,Maha,global,svhn,maha,332.1447,353.1982,-21.0535
clip_vitl14,supercifar100,0,0,GradNorm,class pred,svhn,gradnorm_cp,324.56,311.0764,13.4836
clip_vitl14,supercifar100,0,0,Maha,class pred,svhn,maha_cp,332.1447,352.6422,-20.4975
clip_vitl14,supercifar100,0,0,PCA RecError,class pred,svhn,recerr_cp,342.8593,331.1247,11.7346
clip_vitl14,supercifar100,0,0,PCA RecError,class,svhn,recerr_class,342.8593,336.2546,6.6047
clip_vitl14,supercifar100,0,1,MLS,global,cifar10,mls,247.4417,243.1323,4.3095
clip_vitl14,supercifar100,0,1,Energy,global,cifar10,energy,248.2184,243.8349,4.3835
clip_vitl14,supercifar100,0,1,MSR,global,cifar10,msr,247.0658,242.7168,4.349
clip_vitl14,supercifar100,0,1,GradNorm,global,cifar10,gradnorm,255.9746,245.3343,10.6402
clip_vitl14,supercifar100,0,1,Maha,global,cifar10,maha,273.6723,263.0894,10.5829
clip_vitl14,supercifar100,0,1,GradNorm,class pred,cifar10,gradnorm_cp,255.9746,247.0814,8.8931
clip_vitl14,supercifar100,0,1,Maha,class pred,cifar10,maha_cp,273.6723,281.3443,-7.672
clip_vitl14,supercifar100,0,1,PCA RecError,class pred,cifar10,recerr_cp,277.5751,250.4901,27.0849
clip_vitl14,supercifar100,0,1,PCA RecError,class,cifar10,recerr_class,277.5751,260.8938,16.6813
clip_vitl14,supercifar100,0,1,MLS,global,tinyimagenet,mls,278.2725,269.9524,8.3201
clip_vitl14,supercifar100,0,1,Energy,global,tinyimagenet,energy,279.2065,270.8358,8.3707
clip_vitl14,supercifar100,0,1,MSR,global,tinyimagenet,msr,266.9938,259.6785,7.3154
clip_vitl14,supercifar100,0,1,GradNorm,global,tinyimagenet,gradnorm,282.2459,237.1157,45.1303
clip_vitl14,supercifar100,0,1,Maha,global,tinyimagenet,maha,214.1569,211.7671,2.3898
clip_vitl14,supercifar100,0,1,GradNorm,class pred,tinyimagenet,gradnorm_cp,282.2459,227.8633,54.3827
clip_vitl14,supercifar100,0,1,Maha,class pred,tinyimagenet,maha_cp,214.1569,222.8193,-8.6624
clip_vitl14,supercifar100,0,1,PCA RecError,class pred,tinyimagenet,recerr_cp,218.6873,205.0935,13.5938
clip_vitl14,supercifar100,0,1,PCA RecError,class,tinyimagenet,recerr_class,218.6873,209.9844,8.7029
clip_vitl14,supercifar100,0,1,MLS,global,lsun resize,mls,247.8912,235.9929,11.8983
clip_vitl14,supercifar100,0,1,Energy,global,lsun resize,energy,248.6907,236.8057,11.8849
clip_vitl14,supercifar100,0,1,MSR,global,lsun resize,msr,242.659,230.1417,12.5173
clip_vitl14,supercifar100,0,1,GradNorm,global,lsun resize,gradnorm,228.8413,213.0794,15.762
clip_vitl14,supercifar100,0,1,Maha,global,lsun resize,maha,227.9593,245.6284,-17.6691
clip_vitl14,supercifar100,0,1,GradNorm,class pred,lsun resize,gradnorm_cp,228.8413,209.509,19.3323
clip_vitl14,supercifar100,0,1,Maha,class pred,lsun resize,maha_cp,227.9593,258.3831,-30.4238
clip_vitl14,supercifar100,0,1,PCA RecError,class pred,lsun resize,recerr_cp,245.5148,221.5182,23.9967
clip_vitl14,supercifar100,0,1,PCA RecError,class,lsun resize,recerr_class,245.5148,228.6856,16.8293
clip_vitl14,supercifar100,0,1,MLS,global,isun,mls,235.8789,225.4101,10.4687
clip_vitl14,supercifar100,0,1,Energy,global,isun,energy,236.601,226.1637,10.4373
clip_vitl14,supercifar100,0,1,MSR,global,isun,msr,231.7134,219.3074,12.406
clip_vitl14,supercifar100,0,1,GradNorm,global,isun,gradnorm,220.4172,205.2854,15.1317
clip_vitl14,supercifar100,0,1,Maha,global,isun,maha,226.5021,245.2465,-18.7444
clip_vitl14,supercifar100,0,1,GradNorm,class pred,isun,gradnorm_cp,220.4172,200.8622,19.555
clip_vitl14,supercifar100,0,1,Maha,class pred,isun,maha_cp,226.5021,259.0426,-32.5405
clip_vitl14,supercifar100,0,1,PCA RecError,class pred,isun,recerr_cp,246.6773,219.1138,27.5636
clip_vitl14,supercifar100,0,1,PCA RecError,class,isun,recerr_class,246.6773,226.6835,19.9938
clip_vitl14,supercifar100,0,1,MLS,global,places365,mls,325.6808,321.0408,4.64
clip_vitl14,supercifar100,0,1,Energy,global,places365,energy,326.9727,322.287,4.6857
clip_vitl14,supercifar100,0,1,MSR,global,places365,msr,282.2607,274.3232,7.9375
clip_vitl14,supercifar100,0,1,GradNorm,global,places365,gradnorm,314.2329,216.753,97.4799
clip_vitl14,supercifar100,0,1,Maha,global,places365,maha,211.5694,209.0022,2.5672
clip_vitl14,supercifar100,0,1,GradNorm,class pred,places365,gradnorm_cp,314.2329,210.386,103.847
clip_vitl14,supercifar100,0,1,Maha,class pred,places365,maha_cp,211.5694,213.3233,-1.7539
clip_vitl14,supercifar100,0,1,PCA RecError,class pred,places365,recerr_cp,212.5576,201.9587,10.599
clip_vitl14,supercifar100,0,1,PCA RecError,class,places365,recerr_class,212.5576,206.5376,6.02
clip_vitl14,supercifar100,0,1,MLS,global,lsun cropped,mls,213.9465,208.41,5.5365
clip_vitl14,supercifar100,0,1,Energy,global,lsun cropped,energy,214.0272,208.6183,5.4089
clip_vitl14,supercifar100,0,1,MSR,global,lsun cropped,msr,225.9647,216.5887,9.376
clip_vitl14,supercifar100,0,1,GradNorm,global,lsun cropped,gradnorm,216.6234,208.4211,8.2024
clip_vitl14,supercifar100,0,1,Maha,global,lsun cropped,maha,282.0271,279.344,2.6831
clip_vitl14,supercifar100,0,1,GradNorm,class pred,lsun cropped,gradnorm_cp,216.6234,208.3144,8.309
clip_vitl14,supercifar100,0,1,Maha,class pred,lsun cropped,maha_cp,282.0271,300.1898,-18.1627
clip_vitl14,supercifar100,0,1,PCA RecError,class pred,lsun cropped,recerr_cp,303.0978,254.2652,48.8326
clip_vitl14,supercifar100,0,1,PCA RecError,class,lsun cropped,recerr_class,303.0978,270.2867,32.8111
clip_vitl14,supercifar100,0,1,MLS,global,textures,mls,216.199,206.2301,9.9689
clip_vitl14,supercifar100,0,1,Energy,global,textures,energy,217.6711,207.5359,10.1351
clip_vitl14,supercifar100,0,1,MSR,global,textures,msr,196.0469,187.354,8.6928
clip_vitl14,supercifar100,0,1,GradNorm,global,textures,gradnorm,218.1924,167.9889,50.2035
clip_vitl14,supercifar100,0,1,Maha,global,textures,maha,170.7462,166.558,4.1881
clip_vitl14,supercifar100,0,1,GradNorm,class pred,textures,gradnorm_cp,218.1924,153.6386,64.5537
clip_vitl14,supercifar100,0,1,Maha,class pred,textures,maha_cp,170.7462,173.91,-3.1638
clip_vitl14,supercifar100,0,1,PCA RecError,class pred,textures,recerr_cp,172.7596,155.3347,17.4249
clip_vitl14,supercifar100,0,1,PCA RecError,class,textures,recerr_class,172.7596,162.7355,10.0241
clip_vitl14,supercifar100,0,1,MLS,global,svhn,mls,324.2968,318.2743,6.0225
clip_vitl14,supercifar100,0,1,Energy,global,svhn,energy,323.8036,317.8938,5.9098
clip_vitl14,supercifar100,0,1,MSR,global,svhn,msr,344.4872,337.2535,7.2337
clip_vitl14,supercifar100,0,1,GradNorm,global,svhn,gradnorm,326.4823,312.3529,14.1294
clip_vitl14,supercifar100,0,1,Maha,global,svhn,maha,331.7119,353.3852,-21.6733
clip_vitl14,supercifar100,0,1,GradNorm,class pred,svhn,gradnorm_cp,326.4823,310.525,15.9573
clip_vitl14,supercifar100,0,1,Maha,class pred,svhn,maha_cp,331.7119,351.6487,-19.9369
clip_vitl14,supercifar100,0,1,PCA RecError,class pred,svhn,recerr_cp,342.2545,329.8597,12.3948
clip_vitl14,supercifar100,0,1,PCA RecError,class,svhn,recerr_class,342.2545,335.3559,6.8987
clip_vitl14,supercifar100,0,2,MLS,global,cifar10,mls,246.273,240.7064,5.5666
clip_vitl14,supercifar100,0,2,Energy,global,cifar10,energy,247.0152,241.3679,5.6473
clip_vitl14,supercifar100,0,2,MSR,global,cifar10,msr,246.4144,239.7745,6.6399
clip_vitl14,supercifar100,0,2,GradNorm,global,cifar10,gradnorm,254.855,241.8545,13.0004
clip_vitl14,supercifar100,0,2,Maha,global,cifar10,maha,273.9118,262.0693,11.8425
clip_vitl14,supercifar100,0,2,GradNorm,class pred,cifar10,gradnorm_cp,254.855,245.5291,9.3259
clip_vitl14,supercifar100,0,2,Maha,class pred,cifar10,maha_cp,273.9118,280.2333,-6.3215
clip_vitl14,supercifar100,0,2,PCA RecError,class pred,cifar10,recerr_cp,277.4574,249.714,27.7434
clip_vitl14,supercifar100,0,2,PCA RecError,class,cifar10,recerr_class,277.4574,261.0009,16.4565
clip_vitl14,supercifar100,0,2,MLS,global,tinyimagenet,mls,277.3598,266.1555,11.2044
clip_vitl14,supercifar100,0,2,Energy,global,tinyimagenet,energy,278.3086,267.0504,11.2582
clip_vitl14,supercifar100,0,2,MSR,global,tinyimagenet,msr,265.2585,255.0817,10.1768
clip_vitl14,supercifar100,0,2,GradNorm,global,tinyimagenet,gradnorm,280.6612,235.2724,45.3888
clip_vitl14,supercifar100,0,2,Maha,global,tinyimagenet,maha,214.0465,210.7938,3.2527
clip_vitl14,supercifar100,0,2,GradNorm,class pred,tinyimagenet,gradnorm_cp,280.6612,227.3879,53.2733
clip_vitl14,supercifar100,0,2,Maha,class pred,tinyimagenet,maha_cp,214.0465,221.918,-7.8715
clip_vitl14,supercifar100,0,2,PCA RecError,class pred,tinyimagenet,recerr_cp,218.5139,204.4187,14.0952
clip_vitl14,supercifar100,0,2,PCA RecError,class,tinyimagenet,recerr_class,218.5139,209.4431,9.0708
clip_vitl14,supercifar100,0,2,MLS,global,lsun resize,mls,248.2518,235.5545,12.6972
clip_vitl14,supercifar100,0,2,Energy,global,lsun resize,energy,248.9533,236.3007,12.6526
clip_vitl14,supercifar100,0,2,MSR,global,lsun resize,msr,243.956,229.4736,14.4824
clip_vitl14,supercifar100,0,2,GradNorm,global,lsun resize,gradnorm,229.2655,212.1018,17.1637
clip_vitl14,supercifar100,0,2,Maha,global,lsun resize,maha,227.9634,244.6131,-16.6497
clip_vitl14,supercifar100,0,2,GradNorm,class pred,lsun resize,gradnorm_cp,229.2655,208.541,20.7245
clip_vitl14,supercifar100,0,2,Maha,class pred,lsun resize,maha_cp,227.9634,256.8894,-28.926
clip_vitl14,supercifar100,0,2,PCA RecError,class pred,lsun resize,recerr_cp,245.1909,221.1098,24.0811
clip_vitl14,supercifar100,0,2,PCA RecError,class,lsun resize,recerr_class,245.1909,228.3001,16.8908
clip_vitl14,supercifar100,0,2,MLS,global,isun,mls,233.662,223.8085,9.8534
clip_vitl14,supercifar100,0,2,Energy,global,isun,energy,234.3342,224.5039,9.8303
clip_vitl14,supercifar100,0,2,MSR,global,isun,msr,230.4206,217.8622,12.5585
clip_vitl14,supercifar100,0,2,GradNorm,global,isun,gradnorm,219.2566,203.8201,15.4365
clip_vitl14,supercifar100,0,2,Maha,global,isun,maha,226.5091,244.168,-17.6589
clip_vitl14,supercifar100,0,2,GradNorm,class pred,isun,gradnorm_cp,219.2566,200.2052,19.0514
clip_vitl14,supercifar100,0,2,Maha,class pred,isun,maha_cp,226.5091,257.7617,-31.2526
clip_vitl14,supercifar100,0,2,PCA RecError,class pred,isun,recerr_cp,246.3281,218.4103,27.9179
clip_vitl14,supercifar100,0,2,PCA RecError,class,isun,recerr_class,246.3281,226.1803,20.1478
clip_vitl14,supercifar100,0,2,MLS,global,places365,mls,326.0506,319.8277,6.2229
clip_vitl14,supercifar100,0,2,Energy,global,places365,energy,327.3874,321.1113,6.2761
clip_vitl14,supercifar100,0,2,MSR,global,places365,msr,281.0512,270.8841,10.1671
clip_vitl14,supercifar100,0,2,GradNorm,global,places365,gradnorm,313.5057,215.1851,98.3206
clip_vitl14,supercifar100,0,2,Maha,global,places365,maha,211.2924,208.1498,3.1426
clip_vitl14,supercifar100,0,2,GradNorm,class pred,places365,gradnorm_cp,313.5057,209.8313,103.6744
clip_vitl14,supercifar100,0,2,Maha,class pred,places365,maha_cp,211.2924,212.5268,-1.2344
clip_vitl14,supercifar100,0,2,PCA RecError,class pred,places365,recerr_cp,212.1368,201.3899,10.7469
clip_vitl14,supercifar100,0,2,PCA RecError,class,places365,recerr_class,212.1368,206.0966,6.0402
clip_vitl14,supercifar100,0,2,MLS,global,lsun cropped,mls,214.5109,209.1543,5.3566
clip_vitl14,supercifar100,0,2,Energy,global,lsun cropped,energy,214.6344,209.3592,5.2752
clip_vitl14,supercifar100,0,2,MSR,global,lsun cropped,msr,225.9804,217.3571,8.6232
clip_vitl14,supercifar100,0,2,GradNorm,global,lsun cropped,gradnorm,217.1042,208.7596,8.3446
clip_vitl14,supercifar100,0,2,Maha,global,lsun cropped,maha,282.081,278.1839,3.8971
clip_vitl14,supercifar100,0,2,GradNorm,class pred,lsun cropped,gradnorm_cp,217.1042,207.1217,9.9825
clip_vitl14,supercifar100,0,2,Maha,class pred,lsun cropped,maha_cp,282.081,299.893,-17.812
clip_vitl14,supercifar100,0,2,PCA RecError,class pred,lsun cropped,recerr_cp,303.434,254.3196,49.1143
clip_vitl14,supercifar100,0,2,PCA RecError,class,lsun cropped,recerr_class,303.434,270.3578,33.0761
clip_vitl14,supercifar100,0,2,MLS,global,textures,mls,218.7244,208.4052,10.3192
clip_vitl14,supercifar100,0,2,Energy,global,textures,energy,220.1842,209.6754,10.5087
clip_vitl14,supercifar100,0,2,MSR,global,textures,msr,196.6984,186.7743,9.9241
clip_vitl14,supercifar100,0,2,GradNorm,global,textures,gradnorm,220.9462,167.2095,53.7367
clip_vitl14,supercifar100,0,2,Maha,global,textures,maha,170.6291,165.4948,5.1343
clip_vitl14,supercifar100,0,2,GradNorm,class pred,textures,gradnorm_cp,220.9462,152.918,68.0282
clip_vitl14,supercifar100,0,2,Maha,class pred,textures,maha_cp,170.6291,172.9335,-2.3044
clip_vitl14,supercifar100,0,2,PCA RecError,class pred,textures,recerr_cp,172.465,154.7328,17.7321
clip_vitl14,supercifar100,0,2,PCA RecError,class,textures,recerr_class,172.465,162.3392,10.1258
clip_vitl14,supercifar100,0,2,MLS,global,svhn,mls,325.8567,318.0939,7.7628
clip_vitl14,supercifar100,0,2,Energy,global,svhn,energy,325.4268,317.7706,7.6562
clip_vitl14,supercifar100,0,2,MSR,global,svhn,msr,344.7688,335.0104,9.7584
clip_vitl14,supercifar100,0,2,GradNorm,global,svhn,gradnorm,326.7719,312.0583,14.7136
clip_vitl14,supercifar100,0,2,Maha,global,svhn,maha,331.53,351.404,-19.874
clip_vitl14,supercifar100,0,2,GradNorm,class pred,svhn,gradnorm_cp,326.7719,309.9408,16.8311
clip_vitl14,supercifar100,0,2,Maha,class pred,svhn,maha_cp,331.53,349.7322,-18.2021
clip_vitl14,supercifar100,0,2,PCA RecError,class pred,svhn,recerr_cp,342.5395,330.4977,12.0418
clip_vitl14,supercifar100,0,2,PCA RecError,class,svhn,recerr_class,342.5395,335.8023,6.7372
clip_vitl14,tinyimagenet,25,0,MLS,global,cifar100,mls,213.2456,214.2956,-1.05
clip_vitl14,tinyimagenet,25,0,Energy,global,cifar100,energy,213.7346,214.7794,-1.0449
clip_vitl14,tinyimagenet,25,0,MSR,global,cifar100,msr,216.3069,217.7207,-1.4139
clip_vitl14,tinyimagenet,25,0,GradNorm,global,cifar100,gradnorm,227.5686,218.3103,9.2583
clip_vitl14,tinyimagenet,25,0,Maha,global,cifar100,maha,221.1735,223.0534,-1.8799
clip_vitl14,tinyimagenet,25,0,GradNorm,class pred,cifar100,gradnorm_cp,227.5686,243.0377,-15.4691
clip_vitl14,tinyimagenet,25,0,Maha,class pred,cifar100,maha_cp,221.1735,285.5274,-64.3539
clip_vitl14,tinyimagenet,25,0,PCA RecError,class pred,cifar100,recerr_cp,236.7944,218.4371,18.3573
clip_vitl14,tinyimagenet,25,0,PCA RecError,class,cifar100,recerr_class,236.7944,221.377,15.4174
clip_vitl14,tinyimagenet,25,0,MLS,global,cifar10,mls,214.0613,215.4648,-1.4035
clip_vitl14,tinyimagenet,25,0,Energy,global,cifar10,energy,214.8152,216.2682,-1.4531
clip_vitl14,tinyimagenet,25,0,MSR,global,cifar10,msr,214.5455,215.9217,-1.3762
clip_vitl14,tinyimagenet,25,0,GradNorm,global,cifar10,gradnorm,239.8652,225.6719,14.1932
clip_vitl14,tinyimagenet,25,0,Maha,global,cifar10,maha,219.0161,218.72,0.2961
clip_vitl14,tinyimagenet,25,0,GradNorm,class pred,cifar10,gradnorm_cp,239.8652,257.0645,-17.1993
clip_vitl14,tinyimagenet,25,0,Maha,class pred,cifar10,maha_cp,219.0161,282.7586,-63.7424
clip_vitl14,tinyimagenet,25,0,PCA RecError,class pred,cifar10,recerr_cp,234.2607,214.3646,19.8961
clip_vitl14,tinyimagenet,25,0,PCA RecError,class,cifar10,recerr_class,234.2607,216.6092,17.6515
clip_vitl14,tinyimagenet,25,0,MLS,global,lsun resize,mls,193.7056,193.8189,-0.1133
clip_vitl14,tinyimagenet,25,0,Energy,global,lsun resize,energy,193.9255,194.0632,-0.1378
clip_vitl14,tinyimagenet,25,0,MSR,global,lsun resize,msr,197.0622,196.8999,0.1622
clip_vitl14,tinyimagenet,25,0,GradNorm,global,lsun resize,gradnorm,197.353,197.545,-0.192
clip_vitl14,tinyimagenet,25,0,Maha,global,lsun resize,maha,278.0877,292.877,-14.7893
clip_vitl14,tinyimagenet,25,0,GradNorm,class pred,lsun resize,gradnorm_cp,197.353,233.4787,-36.1257
clip_vitl14,tinyimagenet,25,0,Maha,class pred,lsun resize,maha_cp,278.0877,300.1482,-22.0604
clip_vitl14,tinyimagenet,25,0,PCA RecError,class pred,lsun resize,recerr_cp,315.9016,278.5645,37.3371
clip_vitl14,tinyimagenet,25,0,PCA RecError,class,lsun resize,recerr_class,315.9016,285.2494,30.6522
clip_vitl14,tinyimagenet,25,0,MLS,global,isun,mls,181.3428,181.4471,-0.1043
clip_vitl14,tinyimagenet,25,0,Energy,global,isun,energy,181.5651,181.6845,-0.1194
clip_vitl14,tinyimagenet,25,0,MSR,global,isun,msr,185.0898,185.0295,0.0603
clip_vitl14,tinyimagenet,25,0,GradNorm,global,isun,gradnorm,185.799,186.471,-0.672
clip_vitl14,tinyimagenet,25,0,Maha,global,isun,maha,276.8988,291.8451,-14.9462
clip_vitl14,tinyimagenet,25,0,GradNorm,class pred,isun,gradnorm_cp,185.799,227.014,-41.2149
clip_vitl14,tinyimagenet,25,0,Maha,class pred,isun,maha_cp,276.8988,286.3651,-9.4663
clip_vitl14,tinyimagenet,25,0,PCA RecError,class pred,isun,recerr_cp,315.9199,274.5663,41.3536
clip_vitl14,tinyimagenet,25,0,PCA RecError,class,isun,recerr_class,315.9199,282.1894,33.7305
clip_vitl14,tinyimagenet,25,0,MLS,global,places365,mls,223.9836,226.5992,-2.6156
clip_vitl14,tinyimagenet,25,0,Energy,global,places365,energy,224.9628,227.6708,-2.708
clip_vitl14,tinyimagenet,25,0,MSR,global,places365,msr,222.7836,224.6477,-1.8641
clip_vitl14,tinyimagenet,25,0,GradNorm,global,places365,gradnorm,269.785,228.2391,41.5458
clip_vitl14,tinyimagenet,25,0,Maha,global,places365,maha,205.374,200.4137,4.9603
clip_vitl14,tinyimagenet,25,0,GradNorm,class pred,places365,gradnorm_cp,269.785,248.5438,21.2411
clip_vitl14,tinyimagenet,25,0,Maha,class pred,places365,maha_cp,205.374,233.6203,-28.2463
clip_vitl14,tinyimagenet,25,0,PCA RecError,class pred,places365,recerr_cp,208.92,198.9283,9.9917
clip_vitl14,tinyimagenet,25,0,PCA RecError,class,places365,recerr_class,208.92,200.1745,8.7456
clip_vitl14,tinyimagenet,25,0,MLS,global,lsun cropped,mls,191.4099,191.6474,-0.2375
clip_vitl14,tinyimagenet,25,0,Energy,global,lsun cropped,energy,191.6021,191.8586,-0.2565
clip_vitl14,tinyimagenet,25,0,MSR,global,lsun cropped,msr,192.8534,193.185,-0.3316
clip_vitl14,tinyimagenet,25,0,GradNorm,global,lsun cropped,gradnorm,194.4556,194.8601,-0.4045
clip_vitl14,tinyimagenet,25,0,Maha,global,lsun cropped,maha,263.9962,280.8376,-16.8413
clip_vitl14,tinyimagenet,25,0,GradNorm,class pred,lsun cropped,gradnorm_cp,194.4556,217.4927,-23.0371
clip_vitl14,tinyimagenet,25,0,Maha,class pred,lsun cropped,maha_cp,263.9962,286.0702,-22.074
clip_vitl14,tinyimagenet,25,0,PCA RecError,class pred,lsun cropped,recerr_cp,307.8245,258.4552,49.3693
clip_vitl14,tinyimagenet,25,0,PCA RecError,class,lsun cropped,recerr_class,307.8245,269.1117,38.7128
clip_vitl14,tinyimagenet,25,0,MLS,global,textures,mls,151.3081,151.6594,-0.3513
clip_vitl14,tinyimagenet,25,0,Energy,global,textures,energy,152.4799,152.8833,-0.4033
clip_vitl14,tinyimagenet,25,0,MSR,global,textures,msr,147.7873,148.4264,-0.639
clip_vitl14,tinyimagenet,25,0,GradNorm,global,textures,gradnorm,181.9531,172.488,9.4651
clip_vitl14,tinyimagenet,25,0,Maha,global,textures,maha,157.6095,150.2979,7.3117
clip_vitl14,tinyimagenet,25,0,GradNorm,class pred,textures,gradnorm_cp,181.9531,178.9359,3.0172
clip_vitl14,tinyimagenet,25,0,Maha,class pred,textures,maha_cp,157.6095,201.3639,-43.7543
clip_vitl14,tinyimagenet,25,0,PCA RecError,class pred,textures,recerr_cp,163.7499,147.6262,16.1237
clip_vitl14,tinyimagenet,25,0,PCA RecError,class,textures,recerr_class,163.7499,149.7816,13.9683
clip_vitl14,tinyimagenet,25,0,MLS,global,svhn,mls,311.0354,311.1938,-0.1583
clip_vitl14,tinyimagenet,25,0,Energy,global,svhn,energy,310.9264,311.1285,-0.2021
clip_vitl14,tinyimagenet,25,0,MSR,global,svhn,msr,316.9814,316.6427,0.3388
clip_vitl14,tinyimagenet,25,0,GradNorm,global,svhn,gradnorm,312.211,310.4954,1.7157
clip_vitl14,tinyimagenet,25,0,Maha,global,svhn,maha,316.8568,327.3567,-10.5
clip_vitl14,tinyimagenet,25,0,GradNorm,class pred,svhn,gradnorm_cp,312.211,329.4583,-17.2473
clip_vitl14,tinyimagenet,25,0,Maha,class pred,svhn,maha_cp,316.8568,339.2864,-22.4296
clip_vitl14,tinyimagenet,25,0,PCA RecError,class pred,svhn,recerr_cp,323.0001,326.1779,-3.1778
clip_vitl14,tinyimagenet,25,0,PCA RecError,class,svhn,recerr_class,323.0001,330.2728,-7.2727
clip_vitl14,tinyimagenet,25,1,MLS,global,cifar100,mls,213.6666,214.4265,-0.76
clip_vitl14,tinyimagenet,25,1,Energy,global,cifar100,energy,214.1573,214.9489,-0.7916
clip_vitl14,tinyimagenet,25,1,MSR,global,cifar100,msr,217.1123,218.0826,-0.9702
clip_vitl14,tinyimagenet,25,1,GradNorm,global,cifar100,gradnorm,227.0217,215.7881,11.2336
clip_vitl14,tinyimagenet,25,1,Maha,global,cifar100,maha,221.5154,220.9603,0.5551
clip_vitl14,tinyimagenet,25,1,GradNorm,class pred,cifar100,gradnorm_cp,227.0217,241.0897,-14.068
clip_vitl14,tinyimagenet,25,1,Maha,class pred,cifar100,maha_cp,221.5154,287.9022,-66.3868
clip_vitl14,tinyimagenet,25,1,PCA RecError,class pred,cifar100,recerr_cp,238.6411,217.1875,21.4536
clip_vitl14,tinyimagenet,25,1,PCA RecError,class,cifar100,recerr_class,238.6411,219.599,19.0421
clip_vitl14,tinyimagenet,25,1,MLS,global,cifar10,mls,215.4629,217.3018,-1.8388
clip_vitl14,tinyimagenet,25,1,Energy,global,cifar10,energy,216.2198,218.1246,-1.9048
clip_vitl14,tinyimagenet,25,1,MSR,global,cifar10,msr,217.2961,219.2233,-1.9273
clip_vitl14,tinyimagenet,25,1,GradNorm,global,cifar10,gradnorm,239.7126,224.1314,15.5812
clip_vitl14,tinyimagenet,25,1,Maha,global,cifar10,maha,219.8132,217.7838,2.0294
clip_vitl14,tinyimagenet,25,1,GradNorm,class pred,cifar10,gradnorm_cp,239.7126,260.34,-20.6274
clip_vitl14,tinyimagenet,25,1,Maha,class pred,cifar10,maha_cp,219.8132,283.7553,-63.9422
clip_vitl14,tinyimagenet,25,1,PCA RecError,class pred,cifar10,recerr_cp,236.4216,215.6558,20.7658
clip_vitl14,tinyimagenet,25,1,PCA RecError,class,cifar10,recerr_class,236.4216,217.4939,18.9277
clip_vitl14,tinyimagenet,25,1,MLS,global,lsun resize,mls,193.4637,193.7442,-0.2805
clip_vitl14,tinyimagenet,25,1,Energy,global,lsun resize,energy,193.6912,193.99,-0.2988
clip_vitl14,tinyimagenet,25,1,MSR,global,lsun resize,msr,196.8259,197.3575,-0.5316
clip_vitl14,tinyimagenet,25,1,GradNorm,global,lsun resize,gradnorm,197.0947,197.4213,-0.3265
clip_vitl14,tinyimagenet,25,1,Maha,global,lsun resize,maha,276.8374,288.5391,-11.7017
clip_vitl14,tinyimagenet,25,1,GradNorm,class pred,lsun resize,gradnorm_cp,197.0947,236.309,-39.2143
clip_vitl14,tinyimagenet,25,1,Maha,class pred,lsun resize,maha_cp,276.8374,293.4232,-16.5857
clip_vitl14,tinyimagenet,25,1,PCA RecError,class pred,lsun resize,recerr_cp,317.1225,275.4773,41.6452
clip_vitl14,tinyimagenet,25,1,PCA RecError,class,lsun resize,recerr_class,317.1225,283.694,33.4285
clip_vitl14,tinyimagenet,25,1,MLS,global,isun,mls,180.9574,181.2343,-0.2769
clip_vitl14,tinyimagenet,25,1,Energy,global,isun,energy,181.2171,181.5121,-0.295
clip_vitl14,tinyimagenet,25,1,MSR,global,isun,msr,183.8299,184.4249,-0.595
clip_vitl14,tinyimagenet,25,1,GradNorm,global,isun,gradnorm,185.5341,186.3306,-0.7965
clip_vitl14,tinyimagenet,25,1,Maha,global,isun,maha,276.5884,287.4704,-10.882
clip_vitl14,tinyimagenet,25,1,GradNorm,class pred,isun,gradnorm_cp,185.5341,230.3439,-44.8098
clip_vitl14,tinyimagenet,25,1,Maha,class pred,isun,maha_cp,276.5884,285.1155,-8.5271
clip_vitl14,tinyimagenet,25,1,PCA RecError,class pred,isun,recerr_cp,317.5992,272.7234,44.8758
clip_vitl14,tinyimagenet,25,1,PCA RecError,class,isun,recerr_class,317.5992,281.6388,35.9605
clip_vitl14,tinyimagenet,25,1,MLS,global,places365,mls,221.6272,223.5444,-1.9172
clip_vitl14,tinyimagenet,25,1,Energy,global,places365,energy,222.5563,224.5872,-2.0309
clip_vitl14,tinyimagenet,25,1,MSR,global,places365,msr,221.2148,222.9289,-1.7141
clip_vitl14,tinyimagenet,25,1,GradNorm,global,places365,gradnorm,267.4049,224.3486,43.0564
clip_vitl14,tinyimagenet,25,1,Maha,global,places365,maha,206.382,201.2897,5.0923
clip_vitl14,tinyimagenet,25,1,GradNorm,class pred,places365,gradnorm_cp,267.4049,246.0677,21.3372
clip_vitl14,tinyimagenet,25,1,Maha,class pred,places365,maha_cp,206.382,235.1166,-28.7346
clip_vitl14,tinyimagenet,25,1,PCA RecError,class pred,places365,recerr_cp,210.2481,199.6604,10.5877
clip_vitl14,tinyimagenet,25,1,PCA RecError,class,places365,recerr_class,210.2481,200.8561,9.392
clip_vitl14,tinyimagenet,25,1,MLS,global,lsun cropped,mls,191.702,191.9695,-0.2675
clip_vitl14,tinyimagenet,25,1,Energy,global,lsun cropped,energy,191.9147,192.179,-0.2644
clip_vitl14,tinyimagenet,25,1,MSR,global,lsun cropped,msr,193.242,193.9246,-0.6825
clip_vitl14,tinyimagenet,25,1,GradNorm,global,lsun cropped,gradnorm,194.5877,194.8802,-0.2925
clip_vitl14,tinyimagenet,25,1,Maha,global,lsun cropped,maha,266.7488,280.9965,-14.2477
clip_vitl14,tinyimagenet,25,1,GradNorm,class pred,lsun cropped,gradnorm_cp,194.5877,217.3861,-22.7984
clip_vitl14,tinyimagenet,25,1,Maha,class pred,lsun cropped,maha_cp,266.7488,285.7671,-19.0183
clip_vitl14,tinyimagenet,25,1,PCA RecError,class pred,lsun cropped,recerr_cp,306.0092,260.3688,45.6404
clip_vitl14,tinyimagenet,25,1,PCA RecError,class,lsun cropped,recerr_class,306.0092,267.561,38.4482
clip_vitl14,tinyimagenet,25,1,MLS,global,textures,mls,150.7795,151.4497,-0.6702
clip_vitl14,tinyimagenet,25,1,Energy,global,textures,energy,151.927,152.7094,-0.7824
clip_vitl14,tinyimagenet,25,1,MSR,global,textures,msr,148.0765,148.9864,-0.9099
clip_vitl14,tinyimagenet,25,1,GradNorm,global,textures,gradnorm,181.149,171.768,9.3809
clip_vitl14,tinyimagenet,25,1,Maha,global,textures,maha,158.811,151.1284,7.6826
clip_vitl14,tinyimagenet,25,1,GradNorm,class pred,textures,gradnorm_cp,181.149,178.2438,2.9052
clip_vitl14,tinyimagenet,25,1,Maha,class pred,textures,maha_cp,158.811,198.9526,-40.1415
clip_vitl14,tinyimagenet,25,1,PCA RecError,class pred,textures,recerr_cp,165.4295,148.4165,17.013
clip_vitl14,tinyimagenet,25,1,PCA RecError,class,textures,recerr_class,165.4295,150.4764,14.9531
clip_vitl14,tinyimagenet,25,1,MLS,global,svhn,mls,309.7597,309.7791,-0.0194
clip_vitl14,tinyimagenet,25,1,Energy,global,svhn,energy,309.7766,309.797,-0.0204
clip_vitl14,tinyimagenet,25,1,MSR,global,svhn,msr,312.0641,311.9864,0.0777
clip_vitl14,tinyimagenet,25,1,GradNorm,global,svhn,gradnorm,310.5274,310.2849,0.2425
clip_vitl14,tinyimagenet,25,1,Maha,global,svhn,maha,317.5492,327.6214,-10.0722
clip_vitl14,tinyimagenet,25,1,GradNorm,class pred,svhn,gradnorm_cp,310.5274,321.2122,-10.6848
clip_vitl14,tinyimagenet,25,1,Maha,class pred,svhn,maha_cp,317.5492,334.1499,-16.6006
clip_vitl14,tinyimagenet,25,1,PCA RecError,class pred,svhn,recerr_cp,323.5095,321.0261,2.4834
clip_vitl14,tinyimagenet,25,1,PCA RecError,class,svhn,recerr_class,323.5095,324.0634,-0.5539
clip_vitl14,tinyimagenet,25,2,MLS,global,cifar100,mls,212.1779,213.0991,-0.9212
clip_vitl14,tinyimagenet,25,2,Energy,global,cifar100,energy,212.6555,213.5965,-0.941
clip_vitl14,tinyimagenet,25,2,MSR,global,cifar100,msr,216.1954,217.7585,-1.5631
clip_vitl14,tinyimagenet,25,2,GradNorm,global,cifar100,gradnorm,227.2229,216.6649,10.558
clip_vitl14,tinyimagenet,25,2,Maha,global,cifar100,maha,219.5866,221.6972,-2.1106
clip_vitl14,tinyimagenet,25,2,GradNorm,class pred,cifar100,gradnorm_cp,227.2229,246.2989,-19.076
clip_vitl14,tinyimagenet,25,2,Maha,class pred,cifar100,maha_cp,219.5866,291.2381,-71.6514
clip_vitl14,tinyimagenet,25,2,PCA RecError,class pred,cifar100,recerr_cp,234.7806,216.1062,18.6744
clip_vitl14,tinyimagenet,25,2,PCA RecError,class,cifar100,recerr_class,234.7806,218.6367,16.1439
clip_vitl14,tinyimagenet,25,2,MLS,global,cifar10,mls,211.8722,212.8142,-0.942
clip_vitl14,tinyimagenet,25,2,Energy,global,cifar10,energy,212.7466,213.7665,-1.0199
clip_vitl14,tinyimagenet,25,2,MSR,global,cifar10,msr,211.6146,212.7219,-1.1073
clip_vitl14,tinyimagenet,25,2,GradNorm,global,cifar10,gradnorm,236.2743,221.173,15.1013
clip_vitl14,tinyimagenet,25,2,Maha,global,cifar10,maha,217.7697,218.0094,-0.2397
clip_vitl14,tinyimagenet,25,2,GradNorm,class pred,cifar10,gradnorm_cp,236.2743,257.6546,-21.3802
clip_vitl14,tinyimagenet,25,2,Maha,class pred,cifar10,maha_cp,217.7697,290.3622,-72.5925
clip_vitl14,tinyimagenet,25,2,PCA RecError,class pred,cifar10,recerr_cp,232.3415,213.7348,18.6067
clip_vitl14,tinyimagenet,25,2,PCA RecError,class,cifar10,recerr_class,232.3415,216.1614,16.1802
clip_vitl14,tinyimagenet,25,2,MLS,global,lsun resize,mls,193.2476,193.6233,-0.3757
clip_vitl14,tinyimagenet,25,2,Energy,global,lsun resize,energy,193.4769,193.8536,-0.3767
clip_vitl14,tinyimagenet,25,2,MSR,global,lsun resize,msr,196.6172,197.7609,-1.1438
clip_vitl14,tinyimagenet,25,2,GradNorm,global,lsun resize,gradnorm,196.8496,197.2009,-0.3513
clip_vitl14,tinyimagenet,25,2,Maha,global,lsun resize,maha,274.5091,291.9213,-17.4121
clip_vitl14,tinyimagenet,25,2,GradNorm,class pred,lsun resize,gradnorm_cp,196.8496,231.0681,-34.2185
clip_vitl14,tinyimagenet,25,2,Maha,class pred,lsun resize,maha_cp,274.5091,292.1784,-17.6693
clip_vitl14,tinyimagenet,25,2,PCA RecError,class pred,lsun resize,recerr_cp,311.1177,271.1531,39.9646
clip_vitl14,tinyimagenet,25,2,PCA RecError,class,lsun resize,recerr_class,311.1177,280.3316,30.7861
clip_vitl14,tinyimagenet,25,2,MLS,global,isun,mls,180.7726,181.0334,-0.2609
clip_vitl14,tinyimagenet,25,2,Energy,global,isun,energy,181.0081,181.2772,-0.2691
clip_vitl14,tinyimagenet,25,2,MSR,global,isun,msr,184.5245,185.4456,-0.9211
clip_vitl14,tinyimagenet,25,2,GradNorm,global,isun,gradnorm,185.3482,186.111,-0.7628
clip_vitl14,tinyimagenet,25,2,Maha,global,isun,maha,273.0712,290.9226,-17.8515
clip_vitl14,tinyimagenet,25,2,GradNorm,class pred,isun,gradnorm_cp,185.3482,224.6974,-39.3492
clip_vitl14,tinyimagenet,25,2,Maha,class pred,isun,maha_cp,273.0712,282.2426,-9.1715
clip_vitl14,tinyimagenet,25,2,PCA RecError,class pred,isun,recerr_cp,311.3054,269.1477,42.1577
clip_vitl14,tinyimagenet,25,2,PCA RecError,class,isun,recerr_class,311.3054,279.5799,31.7255
clip_vitl14,tinyimagenet,25,2,MLS,global,places365,mls,222.1269,224.4176,-2.2907
clip_vitl14,tinyimagenet,25,2,Energy,global,places365,energy,223.0639,225.4468,-2.3829
clip_vitl14,tinyimagenet,25,2,MSR,global,places365,msr,221.8341,224.0136,-2.1795
clip_vitl14,tinyimagenet,25,2,GradNorm,global,places365,gradnorm,268.6079,225.5403,43.0676
clip_vitl14,tinyimagenet,25,2,Maha,global,places365,maha,205.4624,200.6251,4.8373
clip_vitl14,tinyimagenet,25,2,GradNorm,class pred,places365,gradnorm_cp,268.6079,245.7737,22.8341
clip_vitl14,tinyimagenet,25,2,Maha,class pred,places365,maha_cp,205.4624,234.9639,-29.5014
clip_vitl14,tinyimagenet,25,2,PCA RecError,class pred,places365,recerr_cp,209.291,199.0812,10.2098
clip_vitl14,tinyimagenet,25,2,PCA RecError,class,places365,recerr_class,209.291,200.273,9.018
clip_vitl14,tinyimagenet,25,2,MLS,global,lsun cropped,mls,191.6801,192.0414,-0.3613
clip_vitl14,tinyimagenet,25,2,Energy,global,lsun cropped,energy,191.8925,192.2482,-0.3557
clip_vitl14,tinyimagenet,25,2,MSR,global,lsun cropped,msr,193.3403,194.672,-1.3317
clip_vitl14,tinyimagenet,25,2,GradNorm,global,lsun cropped,gradnorm,194.302,194.6628,-0.3608
clip_vitl14,tinyimagenet,25,2,Maha,global,lsun cropped,maha,264.2073,284.7162,-20.5089
clip_vitl14,tinyimagenet,25,2,GradNorm,class pred,lsun cropped,gradnorm_cp,194.302,214.6588,-20.3568
clip_vitl14,tinyimagenet,25,2,Maha,class pred,lsun cropped,maha_cp,264.2073,296.1588,-31.9515
clip_vitl14,tinyimagenet,25,2,PCA RecError,class pred,lsun cropped,recerr_cp,301.5855,261.3722,40.2133
clip_vitl14,tinyimagenet,25,2,PCA RecError,class,lsun cropped,recerr_class,301.5855,269.4347,32.1508
clip_vitl14,tinyimagenet,25,2,MLS,global,textures,mls,149.8766,150.297,-0.4203
clip_vitl14,tinyimagenet,25,2,Energy,global,textures,energy,151.0644,151.4966,-0.4322
clip_vitl14,tinyimagenet,25,2,MSR,global,textures,msr,147.2788,148.3936,-1.1148
clip_vitl14,tinyimagenet,25,2,GradNorm,global,textures,gradnorm,178.994,168.1265,10.8675
clip_vitl14,tinyimagenet,25,2,Maha,global,textures,maha,157.4934,150.3607,7.1327
clip_vitl14,tinyimagenet,25,2,GradNorm,class pred,textures,gradnorm_cp,178.994,177.0049,1.9891
clip_vitl14,tinyimagenet,25,2,Maha,class pred,textures,maha_cp,157.4934,205.9601,-48.4668
clip_vitl14,tinyimagenet,25,2,PCA RecError,class pred,textures,recerr_cp,163.9807,147.5916,16.3892
clip_vitl14,tinyimagenet,25,2,PCA RecError,class,textures,recerr_class,163.9807,149.657,14.3237
clip_vitl14,tinyimagenet,25,2,MLS,global,svhn,mls,309.7405,309.9779,-0.2373
clip_vitl14,tinyimagenet,25,2,Energy,global,svhn,energy,309.7829,310.0258,-0.2429
clip_vitl14,tinyimagenet,25,2,MSR,global,svhn,msr,311.6855,312.6373,-0.9518
clip_vitl14,tinyimagenet,25,2,GradNorm,global,svhn,gradnorm,310.5264,310.1005,0.4259
clip_vitl14,tinyimagenet,25,2,Maha,global,svhn,maha,317.1447,327.9407,-10.796
clip_vitl14,tinyimagenet,25,2,GradNorm,class pred,svhn,gradnorm_cp,310.5264,322.8601,-12.3337
clip_vitl14,tinyimagenet,25,2,Maha,class pred,svhn,maha_cp,317.1447,346.4277,-29.283
clip_vitl14,tinyimagenet,25,2,PCA RecError,class pred,svhn,recerr_cp,323.1619,321.0333,2.1286
clip_vitl14,tinyimagenet,25,2,PCA RecError,class,svhn,recerr_class,323.1619,327.3953,-4.2334
clip_vitl14,tinyimagenet,100,0,MLS,global,cifar100,mls,201.9577,202.6604,-0.7027
clip_vitl14,tinyimagenet,100,0,Energy,global,cifar100,energy,202.6477,203.378,-0.7303
clip_vitl14,tinyimagenet,100,0,MSR,global,cifar100,msr,203.8041,204.7865,-0.9824
clip_vitl14,tinyimagenet,100,0,GradNorm,global,cifar100,gradnorm,215.6895,205.3933,10.2962
clip_vitl14,tinyimagenet,100,0,Maha,global,cifar100,maha,208.0872,212.549,-4.4618
clip_vitl14,tinyimagenet,100,0,GradNorm,class pred,cifar100,gradnorm_cp,215.6895,207.9169,7.7726
clip_vitl14,tinyimagenet,100,0,Maha,class pred,cifar100,maha_cp,208.0872,250.2885,-42.2013
clip_vitl14,tinyimagenet,100,0,PCA RecError,class pred,cifar100,recerr_cp,222.0778,200.5551,21.5227
clip_vitl14,tinyimagenet,100,0,PCA RecError,class,cifar100,recerr_class,222.0778,204.2427,17.8351
clip_vitl14,tinyimagenet,100,0,MLS,global,cifar10,mls,203.8918,206.1861,-2.2942
clip_vitl14,tinyimagenet,100,0,Energy,global,cifar10,energy,204.646,206.9644,-2.3184
clip_vitl14,tinyimagenet,100,0,MSR,global,cifar10,msr,205.817,208.535,-2.7181
clip_vitl14,tinyimagenet,100,0,GradNorm,global,cifar10,gradnorm,224.5605,212.3834,12.1771
clip_vitl14,tinyimagenet,100,0,Maha,global,cifar10,maha,206.4057,208.6833,-2.2776
clip_vitl14,tinyimagenet,100,0,GradNorm,class pred,cifar10,gradnorm_cp,224.5605,211.3677,13.1928
clip_vitl14,tinyimagenet,100,0,Maha,class pred,cifar10,maha_cp,206.4057,244.768,-38.3623
clip_vitl14,tinyimagenet,100,0,PCA RecError,class pred,cifar10,recerr_cp,220.1429,198.3502,21.7927
clip_vitl14,tinyimagenet,100,0,PCA RecError,class,cifar10,recerr_class,220.1429,201.2324,18.9104
clip_vitl14,tinyimagenet,100,0,MLS,global,lsun resize,mls,184.1791,184.6514,-0.4723
clip_vitl14,tinyimagenet,100,0,Energy,global,lsun resize,energy,184.3723,184.8079,-0.4356
clip_vitl14,tinyimagenet,100,0,MSR,global,lsun resize,msr,188.8027,190.3782,-1.5755
clip_vitl14,tinyimagenet,100,0,GradNorm,global,lsun resize,gradnorm,187.3176,187.2474,0.0701
clip_vitl14,tinyimagenet,100,0,Maha,global,lsun resize,maha,262.9186,284.3879,-21.4693
clip_vitl14,tinyimagenet,100,0,GradNorm,class pred,lsun resize,gradnorm_cp,187.3176,197.3744,-10.0569
clip_vitl14,tinyimagenet,100,0,Maha,class pred,lsun resize,maha_cp,262.9186,296.9811,-34.0625
clip_vitl14,tinyimagenet,100,0,PCA RecError,class pred,lsun resize,recerr_cp,298.9481,250.0288,48.9193
clip_vitl14,tinyimagenet,100,0,PCA RecError,class,lsun resize,recerr_class,298.9481,260.2375,38.7106
clip_vitl14,tinyimagenet,100,0,MLS,global,isun,mls,170.7483,171.0248,-0.2765
clip_vitl14,tinyimagenet,100,0,Energy,global,isun,energy,170.9957,171.2516,-0.2559
clip_vitl14,tinyimagenet,100,0,MSR,global,isun,msr,174.2205,174.9578,-0.7373
clip_vitl14,tinyimagenet,100,0,GradNorm,global,isun,gradnorm,174.9951,174.9959,-0.0008
clip_vitl14,tinyimagenet,100,0,Maha,global,isun,maha,261.5268,284.0136,-22.4869
clip_vitl14,tinyimagenet,100,0,GradNorm,class pred,isun,gradnorm_cp,174.9951,187.6269,-12.6319
clip_vitl14,tinyimagenet,100,0,Maha,class pred,isun,maha_cp,261.5268,295.1629,-33.6361
clip_vitl14,tinyimagenet,100,0,PCA RecError,class pred,isun,recerr_cp,297.2406,245.6336,51.6069
clip_vitl14,tinyimagenet,100,0,PCA RecError,class,isun,recerr_class,297.2406,256.9164,40.3242
clip_vitl14,tinyimagenet,100,0,MLS,global,places365,mls,214.3189,215.2916,-0.9727
clip_vitl14,tinyimagenet,100,0,Energy,global,places365,energy,215.4866,216.5098,-1.0233
clip_vitl14,tinyimagenet,100,0,MSR,global,places365,msr,211.2623,212.7801,-1.5178
clip_vitl14,tinyimagenet,100,0,GradNorm,global,places365,gradnorm,257.0824,217.2208,39.8616
clip_vitl14,tinyimagenet,100,0,Maha,global,places365,maha,194.5171,190.5718,3.9453
clip_vitl14,tinyimagenet,100,0,GradNorm,class pred,places365,gradnorm_cp,257.0824,217.2601,39.8223
clip_vitl14,tinyimagenet,100,0,Maha,class pred,places365,maha_cp,194.5171,200.4253,-5.9082
clip_vitl14,tinyimagenet,100,0,PCA RecError,class pred,places365,recerr_cp,198.3668,187.5579,10.8089
clip_vitl14,tinyimagenet,100,0,PCA RecError,class,places365,recerr_class,198.3668,189.2244,9.1423
clip_vitl14,tinyimagenet,100,0,MLS,global,lsun cropped,mls,182.79,183.6033,-0.8132
clip_vitl14,tinyimagenet,100,0,Energy,global,lsun cropped,energy,182.871,183.6244,-0.7534
clip_vitl14,tinyimagenet,100,0,MSR,global,lsun cropped,msr,188.2695,190.8709,-2.6014
clip_vitl14,tinyimagenet,100,0,GradNorm,global,lsun cropped,gradnorm,187.2999,186.4834,0.8165
clip_vitl14,tinyimagenet,100,0,Maha,global,lsun cropped,maha,250.9886,270.8677,-19.879
clip_vitl14,tinyimagenet,100,0,GradNorm,class pred,lsun cropped,gradnorm_cp,187.2999,188.4659,-1.166
clip_vitl14,tinyimagenet,100,0,Maha,class pred,lsun cropped,maha_cp,250.9886,297.0091,-46.0205
clip_vitl14,tinyimagenet,100,0,PCA RecError,class pred,lsun cropped,recerr_cp,288.501,232.5304,55.9707
clip_vitl14,tinyimagenet,100,0,PCA RecError,class,lsun cropped,recerr_class,288.501,250.1301,38.371
clip_vitl14,tinyimagenet,100,0,MLS,global,textures,mls,142.3966,142.4685,-0.0718
clip_vitl14,tinyimagenet,100,0,Energy,global,textures,energy,143.8001,144.0046,-0.2045
clip_vitl14,tinyimagenet,100,0,MSR,global,textures,msr,138.2444,137.8565,0.3879
clip_vitl14,tinyimagenet,100,0,GradNorm,global,textures,gradnorm,171.2423,160.6982,10.5441
clip_vitl14,tinyimagenet,100,0,Maha,global,textures,maha,144.7174,138.9516,5.7657
clip_vitl14,tinyimagenet,100,0,GradNorm,class pred,textures,gradnorm_cp,171.2423,151.7512,19.4911
clip_vitl14,tinyimagenet,100,0,Maha,class pred,textures,maha_cp,144.7174,158.044,-13.3267
clip_vitl14,tinyimagenet,100,0,PCA RecError,class pred,textures,recerr_cp,150.9993,133.6282,17.3711
clip_vitl14,tinyimagenet,100,0,PCA RecError,class,textures,recerr_class,150.9993,136.4305,14.5688
clip_vitl14,tinyimagenet,100,0,MLS,global,svhn,mls,302.9634,303.0132,-0.0498
clip_vitl14,tinyimagenet,100,0,Energy,global,svhn,energy,302.9696,302.9762,-0.0066
clip_vitl14,tinyimagenet,100,0,MSR,global,svhn,msr,305.3091,305.8255,-0.5164
clip_vitl14,tinyimagenet,100,0,GradNorm,global,svhn,gradnorm,303.7669,303.4022,0.3647
clip_vitl14,tinyimagenet,100,0,Maha,global,svhn,maha,309.7133,321.4891,-11.7758
clip_vitl14,tinyimagenet,100,0,GradNorm,class pred,svhn,gradnorm_cp,303.7669,305.3603,-1.5933
clip_vitl14,tinyimagenet,100,0,Maha,class pred,svhn,maha_cp,309.7133,332.9077,-23.1944
clip_vitl14,tinyimagenet,100,0,PCA RecError,class pred,svhn,recerr_cp,314.2418,311.3428,2.899
clip_vitl14,tinyimagenet,100,0,PCA RecError,class,svhn,recerr_class,314.2418,314.6897,-0.4479
clip_vitl14,tinyimagenet,100,1,MLS,global,cifar100,mls,202.3013,202.9932,-0.6919
clip_vitl14,tinyimagenet,100,1,Energy,global,cifar100,energy,202.932,203.6133,-0.6813
clip_vitl14,tinyimagenet,100,1,MSR,global,cifar100,msr,204.3759,205.3959,-1.02
clip_vitl14,tinyimagenet,100,1,GradNorm,global,cifar100,gradnorm,216.2881,205.1625,11.1256
clip_vitl14,tinyimagenet,100,1,Maha,global,cifar100,maha,207.9287,213.6374,-5.7087
clip_vitl14,tinyimagenet,100,1,GradNorm,class pred,cifar100,gradnorm_cp,216.2881,207.7417,8.5464
clip_vitl14,tinyimagenet,100,1,Maha,class pred,cifar100,maha_cp,207.9287,245.4578,-37.5291
clip_vitl14,tinyimagenet,100,1,PCA RecError,class pred,cifar100,recerr_cp,220.5843,200.3677,20.2166
clip_vitl14,tinyimagenet,100,1,PCA RecError,class,cifar100,recerr_class,220.5843,204.8896,15.6947
clip_vitl14,tinyimagenet,100,1,MLS,global,cifar10,mls,201.2694,202.0646,-0.7951
clip_vitl14,tinyimagenet,100,1,Energy,global,cifar10,energy,201.9275,202.7713,-0.8438
clip_vitl14,tinyimagenet,100,1,MSR,global,cifar10,msr,204.8991,205.5176,-0.6185
clip_vitl14,tinyimagenet,100,1,GradNorm,global,cifar10,gradnorm,224.9774,210.5361,14.4413
clip_vitl14,tinyimagenet,100,1,Maha,global,cifar10,maha,206.1217,209.5509,-3.4292
clip_vitl14,tinyimagenet,100,1,GradNorm,class pred,cifar10,gradnorm_cp,224.9774,212.0064,12.971
clip_vitl14,tinyimagenet,100,1,Maha,class pred,cifar10,maha_cp,206.1217,235.5677,-29.446
clip_vitl14,tinyimagenet,100,1,PCA RecError,class pred,cifar10,recerr_cp,218.8231,197.712,21.1112
clip_vitl14,tinyimagenet,100,1,PCA RecError,class,cifar10,recerr_class,218.8231,201.3322,17.4909
clip_vitl14,tinyimagenet,100,1,MLS,global,lsun resize,mls,183.1975,183.5687,-0.3713
clip_vitl14,tinyimagenet,100,1,Energy,global,lsun resize,energy,183.3829,183.7448,-0.3619
clip_vitl14,tinyimagenet,100,1,MSR,global,lsun resize,msr,187.3041,187.9317,-0.6276
clip_vitl14,tinyimagenet,100,1,GradNorm,global,lsun resize,gradnorm,186.902,186.6212,0.2808
clip_vitl14,tinyimagenet,100,1,Maha,global,lsun resize,maha,262.6322,284.582,-21.9498
clip_vitl14,tinyimagenet,100,1,GradNorm,class pred,lsun resize,gradnorm_cp,186.902,198.3449,-11.4429
clip_vitl14,tinyimagenet,100,1,Maha,class pred,lsun resize,maha_cp,262.6322,297.9616,-35.3294
clip_vitl14,tinyimagenet,100,1,PCA RecError,class pred,lsun resize,recerr_cp,296.598,251.3227,45.2754
clip_vitl14,tinyimagenet,100,1,PCA RecError,class,lsun resize,recerr_class,296.598,261.4905,35.1075
clip_vitl14,tinyimagenet,100,1,MLS,global,isun,mls,170.4516,170.6371,-0.1856
clip_vitl14,tinyimagenet,100,1,Energy,global,isun,energy,170.6516,170.8135,-0.1619
clip_vitl14,tinyimagenet,100,1,MSR,global,isun,msr,174.8413,175.1929,-0.3516
clip_vitl14,tinyimagenet,100,1,GradNorm,global,isun,gradnorm,175.2185,175.0991,0.1194
clip_vitl14,tinyimagenet,100,1,Maha,global,isun,maha,261.4936,284.5553,-23.0617
clip_vitl14,tinyimagenet,100,1,GradNorm,class pred,isun,gradnorm_cp,175.2185,188.1379,-12.9194
clip_vitl14,tinyimagenet,100,1,Maha,class pred,isun,maha_cp,261.4936,292.1725,-30.6789
clip_vitl14,tinyimagenet,100,1,PCA RecError,class pred,isun,recerr_cp,294.6419,247.0696,47.5722
clip_vitl14,tinyimagenet,100,1,PCA RecError,class,isun,recerr_class,294.6419,259.2897,35.3521
clip_vitl14,tinyimagenet,100,1,MLS,global,places365,mls,214.2342,215.467,-1.2327
clip_vitl14,tinyimagenet,100,1,Energy,global,places365,energy,215.4221,216.6944,-1.2723
clip_vitl14,tinyimagenet,100,1,MSR,global,places365,msr,211.2294,213.0106,-1.7812
clip_vitl14,tinyimagenet,100,1,GradNorm,global,places365,gradnorm,257.5091,216.5975,40.9116
clip_vitl14,tinyimagenet,100,1,Maha,global,places365,maha,193.8419,190.0625,3.7794
clip_vitl14,tinyimagenet,100,1,GradNorm,class pred,places365,gradnorm_cp,257.5091,216.263,41.246
clip_vitl14,tinyimagenet,100,1,Maha,class pred,places365,maha_cp,193.8419,199.9085,-6.0666
clip_vitl14,tinyimagenet,100,1,PCA RecError,class pred,places365,recerr_cp,197.4997,187.0464,10.4533
clip_vitl14,tinyimagenet,100,1,PCA RecError,class,places365,recerr_class,197.4997,188.7521,8.7476
clip_vitl14,tinyimagenet,100,1,MLS,global,lsun cropped,mls,181.3509,181.6095,-0.2587
clip_vitl14,tinyimagenet,100,1,Energy,global,lsun cropped,energy,181.5742,181.8101,-0.2359
clip_vitl14,tinyimagenet,100,1,MSR,global,lsun cropped,msr,183.0361,183.7022,-0.6661
clip_vitl14,tinyimagenet,100,1,GradNorm,global,lsun cropped,gradnorm,184.3155,184.2768,0.0388
clip_vitl14,tinyimagenet,100,1,Maha,global,lsun cropped,maha,250.4181,273.0589,-22.6407
clip_vitl14,tinyimagenet,100,1,GradNorm,class pred,lsun cropped,gradnorm_cp,184.3155,187.8915,-3.576
clip_vitl14,tinyimagenet,100,1,Maha,class pred,lsun cropped,maha_cp,250.4181,283.5616,-33.1435
clip_vitl14,tinyimagenet,100,1,PCA RecError,class pred,lsun cropped,recerr_cp,285.6293,236.4357,49.1936
clip_vitl14,tinyimagenet,100,1,PCA RecError,class,lsun cropped,recerr_class,285.6293,248.9152,36.7142
clip_vitl14,tinyimagenet,100,1,MLS,global,textures,mls,143.0226,142.9283,0.0943
clip_vitl14,tinyimagenet,100,1,Energy,global,textures,energy,144.3684,144.3102,0.0582
clip_vitl14,tinyimagenet,100,1,MSR,global,textures,msr,139.236,139.371,-0.135
clip_vitl14,tinyimagenet,100,1,GradNorm,global,textures,gradnorm,172.8403,160.6701,12.1702
clip_vitl14,tinyimagenet,100,1,Maha,global,textures,maha,143.8468,138.238,5.6089
clip_vitl14,tinyimagenet,100,1,GradNorm,class pred,textures,gradnorm_cp,172.8403,149.8784,22.9619
clip_vitl14,tinyimagenet,100,1,Maha,class pred,textures,maha_cp,143.8468,156.3488,-12.502
clip_vitl14,tinyimagenet,100,1,PCA RecError,class pred,textures,recerr_cp,149.8445,133.0106,16.8339
clip_vitl14,tinyimagenet,100,1,PCA RecError,class,textures,recerr_class,149.8445,135.8763,13.9683
clip_vitl14,tinyimagenet,100,1,MLS,global,svhn,mls,304.0607,304.3692,-0.3085
clip_vitl14,tinyimagenet,100,1,Energy,global,svhn,energy,303.9551,304.2104,-0.2552
clip_vitl14,tinyimagenet,100,1,MSR,global,svhn,msr,309.8731,311.1062,-1.233
clip_vitl14,tinyimagenet,100,1,GradNorm,global,svhn,gradnorm,304.7687,303.5606,1.2081
clip_vitl14,tinyimagenet,100,1,Maha,global,svhn,maha,309.3878,319.8418,-10.454
clip_vitl14,tinyimagenet,100,1,GradNorm,class pred,svhn,gradnorm_cp,304.7687,305.9941,-1.2254
clip_vitl14,tinyimagenet,100,1,Maha,class pred,svhn,maha_cp,309.3878,336.9549,-27.5671
clip_vitl14,tinyimagenet,100,1,PCA RecError,class pred,svhn,recerr_cp,314.2598,308.7582,5.5016
clip_vitl14,tinyimagenet,100,1,PCA RecError,class,svhn,recerr_class,314.2598,316.0686,-1.8089
clip_vitl14,tinyimagenet,100,2,MLS,global,cifar100,mls,201.472,202.5565,-1.0844
clip_vitl14,tinyimagenet,100,2,Energy,global,cifar100,energy,202.0793,203.168,-1.0887
clip_vitl14,tinyimagenet,100,2,MSR,global,cifar100,msr,204.055,205.5781,-1.5232
clip_vitl14,tinyimagenet,100,2,GradNorm,global,cifar100,gradnorm,214.8381,204.6374,10.2007
clip_vitl14,tinyimagenet,100,2,Maha,global,cifar100,maha,206.3558,212.3024,-5.9466
clip_vitl14,tinyimagenet,100,2,GradNorm,class pred,cifar100,gradnorm_cp,214.8381,207.0783,7.7598
clip_vitl14,tinyimagenet,100,2,Maha,class pred,cifar100,maha_cp,206.3558,246.1859,-39.8301
clip_vitl14,tinyimagenet,100,2,PCA RecError,class pred,cifar100,recerr_cp,219.7281,199.5765,20.1517
clip_vitl14,tinyimagenet,100,2,PCA RecError,class,cifar100,recerr_class,219.7281,202.9949,16.7332
clip_vitl14,tinyimagenet,100,2,MLS,global,cifar10,mls,200.4959,202.1593,-1.6634
clip_vitl14,tinyimagenet,100,2,Energy,global,cifar10,energy,201.2822,202.9918,-1.7096
clip_vitl14,tinyimagenet,100,2,MSR,global,cifar10,msr,201.3896,203.063,-1.6734
clip_vitl14,tinyimagenet,100,2,GradNorm,global,cifar10,gradnorm,223.3043,210.7052,12.5991
clip_vitl14,tinyimagenet,100,2,Maha,global,cifar10,maha,204.5163,207.9193,-3.403
clip_vitl14,tinyimagenet,100,2,GradNorm,class pred,cifar10,gradnorm_cp,223.3043,210.7749,12.5294
clip_vitl14,tinyimagenet,100,2,Maha,class pred,cifar10,maha_cp,204.5163,238.0262,-33.5099
clip_vitl14,tinyimagenet,100,2,PCA RecError,class pred,cifar10,recerr_cp,217.7293,197.5216,20.2077
clip_vitl14,tinyimagenet,100,2,PCA RecError,class,cifar10,recerr_class,217.7293,200.4507,17.2787
clip_vitl14,tinyimagenet,100,2,MLS,global,lsun resize,mls,182.3895,182.5673,-0.1779
clip_vitl14,tinyimagenet,100,2,Energy,global,lsun resize,energy,182.5776,182.7515,-0.1739
clip_vitl14,tinyimagenet,100,2,MSR,global,lsun resize,msr,186.2662,186.6792,-0.413
clip_vitl14,tinyimagenet,100,2,GradNorm,global,lsun resize,gradnorm,185.4551,185.1686,0.2865
clip_vitl14,tinyimagenet,100,2,Maha,global,lsun resize,maha,264.2526,284.7317,-20.4791
clip_vitl14,tinyimagenet,100,2,GradNorm,class pred,lsun resize,gradnorm_cp,185.4551,195.3907,-9.9356
clip_vitl14,tinyimagenet,100,2,Maha,class pred,lsun resize,maha_cp,264.2526,305.2933,-41.0407
clip_vitl14,tinyimagenet,100,2,PCA RecError,class pred,lsun resize,recerr_cp,298.1842,248.7387,49.4455
clip_vitl14,tinyimagenet,100,2,PCA RecError,class,lsun resize,recerr_class,298.1842,259.6342,38.55
clip_vitl14,tinyimagenet,100,2,MLS,global,isun,mls,169.7022,169.9367,-0.2345
clip_vitl14,tinyimagenet,100,2,Energy,global,isun,energy,169.8778,170.1061,-0.2282
clip_vitl14,tinyimagenet,100,2,MSR,global,isun,msr,174.219,174.7184,-0.4993
clip_vitl14,tinyimagenet,100,2,GradNorm,global,isun,gradnorm,173.7325,173.799,-0.0665
clip_vitl14,tinyimagenet,100,2,Maha,global,isun,maha,263.254,284.0116,-20.7575
clip_vitl14,tinyimagenet,100,2,GradNorm,class pred,isun,gradnorm_cp,173.7325,184.9639,-11.2314
clip_vitl14,tinyimagenet,100,2,Maha,class pred,isun,maha_cp,263.254,300.8819,-37.6278
clip_vitl14,tinyimagenet,100,2,PCA RecError,class pred,isun,recerr_cp,297.0294,245.5082,51.5211
clip_vitl14,tinyimagenet,100,2,PCA RecError,class,isun,recerr_class,297.0294,257.0534,39.976
clip_vitl14,tinyimagenet,100,2,MLS,global,places365,mls,212.5128,213.7054,-1.1926
clip_vitl14,tinyimagenet,100,2,Energy,global,places365,energy,213.6705,214.8631,-1.1926
clip_vitl14,tinyimagenet,100,2,MSR,global,places365,msr,209.6259,211.6699,-2.044
clip_vitl14,tinyimagenet,100,2,GradNorm,global,places365,gradnorm,256.1892,215.917,40.2722
clip_vitl14,tinyimagenet,100,2,Maha,global,places365,maha,192.6097,188.9272,3.6825
clip_vitl14,tinyimagenet,100,2,GradNorm,class pred,places365,gradnorm_cp,256.1892,215.587,40.6022
clip_vitl14,tinyimagenet,100,2,Maha,class pred,places365,maha_cp,192.6097,199.3386,-6.7289
clip_vitl14,tinyimagenet,100,2,PCA RecError,class pred,places365,recerr_cp,196.224,185.6058,10.6182
clip_vitl14,tinyimagenet,100,2,PCA RecError,class,places365,recerr_class,196.224,187.3686,8.8554
clip_vitl14,tinyimagenet,100,2,MLS,global,lsun cropped,mls,180.376,180.7068,-0.3307
clip_vitl14,tinyimagenet,100,2,Energy,global,lsun cropped,energy,180.5018,180.8275,-0.3257
clip_vitl14,tinyimagenet,100,2,MSR,global,lsun cropped,msr,183.2152,184.0043,-0.7891
clip_vitl14,tinyimagenet,100,2,GradNorm,global,lsun cropped,gradnorm,183.3479,183.1687,0.1792
clip_vitl14,tinyimagenet,100,2,Maha,global,lsun cropped,maha,249.3422,269.1552,-19.813
clip_vitl14,tinyimagenet,100,2,GradNorm,class pred,lsun cropped,gradnorm_cp,183.3479,189.0659,-5.718
clip_vitl14,tinyimagenet,100,2,Maha,class pred,lsun cropped,maha_cp,249.3422,289.3001,-39.9579
clip_vitl14,tinyimagenet,100,2,PCA RecError,class pred,lsun cropped,recerr_cp,289.6321,233.7029,55.9293
clip_vitl14,tinyimagenet,100,2,PCA RecError,class,lsun cropped,recerr_class,289.6321,247.2058,42.4264
clip_vitl14,tinyimagenet,100,2,MLS,global,textures,mls,140.2001,141.4151,-1.215
clip_vitl14,tinyimagenet,100,2,Energy,global,textures,energy,141.599,142.8118,-1.2128
clip_vitl14,tinyimagenet,100,2,MSR,global,textures,msr,135.5765,137.5769,-2.0004
clip_vitl14,tinyimagenet,100,2,GradNorm,global,textures,gradnorm,167.5191,158.1815,9.3376
clip_vitl14,tinyimagenet,100,2,Maha,global,textures,maha,142.5973,137.284,5.3133
clip_vitl14,tinyimagenet,100,2,GradNorm,class pred,textures,gradnorm_cp,167.5191,149.0273,18.4918
clip_vitl14,tinyimagenet,100,2,Maha,class pred,textures,maha_cp,142.5973,155.7554,-13.1581
clip_vitl14,tinyimagenet,100,2,PCA RecError,class pred,textures,recerr_cp,148.4708,131.4219,17.0489
clip_vitl14,tinyimagenet,100,2,PCA RecError,class,textures,recerr_class,148.4708,134.414,14.0568
clip_vitl14,tinyimagenet,100,2,MLS,global,svhn,mls,301.7342,301.6384,0.0958
clip_vitl14,tinyimagenet,100,2,Energy,global,svhn,energy,301.7434,301.6513,0.0921
clip_vitl14,tinyimagenet,100,2,MSR,global,svhn,msr,303.5959,303.3191,0.2768
clip_vitl14,tinyimagenet,100,2,GradNorm,global,svhn,gradnorm,302.4602,302.0746,0.3857
clip_vitl14,tinyimagenet,100,2,Maha,global,svhn,maha,308.4931,320.0792,-11.5861
clip_vitl14,tinyimagenet,100,2,GradNorm,class pred,svhn,gradnorm_cp,302.4602,305.7801,-3.3199
clip_vitl14,tinyimagenet,100,2,Maha,class pred,svhn,maha_cp,308.4931,330.6743,-22.1812
clip_vitl14,tinyimagenet,100,2,PCA RecError,class pred,svhn,recerr_cp,313.6057,308.1188,5.4869
clip_vitl14,tinyimagenet,100,2,PCA RecError,class,svhn,recerr_class,313.6057,312.9535,0.6522
clip_vitl14,tinyimagenet,0,0,MLS,global,cifar100,mls,190.557,191.7787,-1.2217
clip_vitl14,tinyimagenet,0,0,Energy,global,cifar100,energy,191.6285,192.8246,-1.1961
clip_vitl14,tinyimagenet,0,0,MSR,global,cifar100,msr,191.3507,193.3865,-2.0357
clip_vitl14,tinyimagenet,0,0,GradNorm,global,cifar100,gradnorm,199.7113,192.4451,7.2662
clip_vitl14,tinyimagenet,0,0,Maha,global,cifar100,maha,195.766,202.9642,-7.1982
clip_vitl14,tinyimagenet,0,0,GradNorm,class pred,cifar100,gradnorm_cp,199.7113,187.4952,12.2161
clip_vitl14,tinyimagenet,0,0,Maha,class pred,cifar100,maha_cp,195.766,220.556,-24.79
clip_vitl14,tinyimagenet,0,0,PCA RecError,class pred,cifar100,recerr_cp,208.1663,186.4047,21.7616
clip_vitl14,tinyimagenet,0,0,PCA RecError,class,cifar100,recerr_class,208.1663,190.3173,17.849
clip_vitl14,tinyimagenet,0,0,MLS,global,cifar10,mls,189.7831,191.8493,-2.0662
clip_vitl14,tinyimagenet,0,0,Energy,global,cifar10,energy,190.978,193.137,-2.159
clip_vitl14,tinyimagenet,0,0,MSR,global,cifar10,msr,190.6721,192.4469,-1.7749
clip_vitl14,tinyimagenet,0,0,GradNorm,global,cifar10,gradnorm,203.5096,195.537,7.9726
clip_vitl14,tinyimagenet,0,0,Maha,global,cifar10,maha,193.9225,198.6569,-4.7344
clip_vitl14,tinyimagenet,0,0,GradNorm,class pred,cifar10,gradnorm_cp,203.5096,189.0671,14.4425
clip_vitl14,tinyimagenet,0,0,Maha,class pred,cifar10,maha_cp,193.9225,214.4421,-20.5197
clip_vitl14,tinyimagenet,0,0,PCA RecError,class pred,cifar10,recerr_cp,206.3165,183.4002,22.9163
clip_vitl14,tinyimagenet,0,0,PCA RecError,class,cifar10,recerr_class,206.3165,186.6496,19.6669
clip_vitl14,tinyimagenet,0,0,MLS,global,lsun resize,mls,172.5199,172.7896,-0.2697
clip_vitl14,tinyimagenet,0,0,Energy,global,lsun resize,energy,172.8176,173.0735,-0.2559
clip_vitl14,tinyimagenet,0,0,MSR,global,lsun resize,msr,175.3118,176.0611,-0.7493
clip_vitl14,tinyimagenet,0,0,GradNorm,global,lsun resize,gradnorm,174.5066,174.3895,0.1171
clip_vitl14,tinyimagenet,0,0,Maha,global,lsun resize,maha,253.9043,279.3815,-25.4771
clip_vitl14,tinyimagenet,0,0,GradNorm,class pred,lsun resize,gradnorm_cp,174.5066,174.3235,0.1831
clip_vitl14,tinyimagenet,0,0,Maha,class pred,lsun resize,maha_cp,253.9043,296.9035,-42.9991
clip_vitl14,tinyimagenet,0,0,PCA RecError,class pred,lsun resize,recerr_cp,286.0046,223.9859,62.0187
clip_vitl14,tinyimagenet,0,0,PCA RecError,class,lsun resize,recerr_class,286.0046,236.5003,49.5044
clip_vitl14,tinyimagenet,0,0,MLS,global,isun,mls,159.0365,159.2441,-0.2076
clip_vitl14,tinyimagenet,0,0,Energy,global,isun,energy,159.4067,159.6086,-0.2019
clip_vitl14,tinyimagenet,0,0,MSR,global,isun,msr,161.2759,161.7117,-0.4358
clip_vitl14,tinyimagenet,0,0,GradNorm,global,isun,gradnorm,161.7569,161.8519,-0.095
clip_vitl14,tinyimagenet,0,0,Maha,global,isun,maha,252.4922,279.0377,-26.5454
clip_vitl14,tinyimagenet,0,0,GradNorm,class pred,isun,gradnorm_cp,161.7569,162.0136,-0.2567
clip_vitl14,tinyimagenet,0,0,Maha,class pred,isun,maha_cp,252.4922,298.8604,-46.3681
clip_vitl14,tinyimagenet,0,0,PCA RecError,class pred,isun,recerr_cp,284.083,218.5766,65.5064
clip_vitl14,tinyimagenet,0,0,PCA RecError,class,isun,recerr_class,284.083,232.5351,51.5479
clip_vitl14,tinyimagenet,0,0,MLS,global,places365,mls,204.2877,205.1754,-0.8877
clip_vitl14,tinyimagenet,0,0,Energy,global,places365,energy,206.2418,207.1418,-0.9
clip_vitl14,tinyimagenet,0,0,MSR,global,places365,msr,199.3339,201.2212,-1.8873
clip_vitl14,tinyimagenet,0,0,GradNorm,global,places365,gradnorm,236.3384,204.7054,31.6331
clip_vitl14,tinyimagenet,0,0,Maha,global,places365,maha,181.6633,178.5834,3.0799
clip_vitl14,tinyimagenet,0,0,GradNorm,class pred,places365,gradnorm_cp,236.3384,199.0561,37.2823
clip_vitl14,tinyimagenet,0,0,Maha,class pred,places365,maha_cp,181.6633,185.3692,-3.7059
clip_vitl14,tinyimagenet,0,0,PCA RecError,class pred,places365,recerr_cp,184.9269,174.9108,10.0161
clip_vitl14,tinyimagenet,0,0,PCA RecError,class,places365,recerr_class,184.9269,176.5593,8.3675
clip_vitl14,tinyimagenet,0,0,MLS,global,lsun cropped,mls,170.2261,170.6416,-0.4155
clip_vitl14,tinyimagenet,0,0,Energy,global,lsun cropped,energy,170.5802,170.9736,-0.3934
clip_vitl14,tinyimagenet,0,0,MSR,global,lsun cropped,msr,170.5702,171.7284,-1.1582
clip_vitl14,tinyimagenet,0,0,GradNorm,global,lsun cropped,gradnorm,171.8582,172.1061,-0.2479
clip_vitl14,tinyimagenet,0,0,Maha,global,lsun cropped,maha,240.1874,265.002,-24.8146
clip_vitl14,tinyimagenet,0,0,GradNorm,class pred,lsun cropped,gradnorm_cp,171.8582,171.1784,0.6798
clip_vitl14,tinyimagenet,0,0,Maha,class pred,lsun cropped,maha_cp,240.1874,286.3106,-46.1232
clip_vitl14,tinyimagenet,0,0,PCA RecError,class pred,lsun cropped,recerr_cp,274.0881,212.2349,61.8531
clip_vitl14,tinyimagenet,0,0,PCA RecError,class,lsun cropped,recerr_class,274.0881,231.2218,42.8663
clip_vitl14,tinyimagenet,0,0,MLS,global,textures,mls,131.2024,130.6392,0.5632
clip_vitl14,tinyimagenet,0,0,Energy,global,textures,energy,133.2641,132.7576,0.5065
clip_vitl14,tinyimagenet,0,0,MSR,global,textures,msr,125.9653,126.4616,-0.4963
clip_vitl14,tinyimagenet,0,0,GradNorm,global,textures,gradnorm,151.3707,142.3784,8.9923
clip_vitl14,tinyimagenet,0,0,Maha,global,textures,maha,129.8799,125.62,4.2599
clip_vitl14,tinyimagenet,0,0,GradNorm,class pred,textures,gradnorm_cp,151.3707,130.9142,20.4566
clip_vitl14,tinyimagenet,0,0,Maha,class pred,textures,maha_cp,129.8799,136.7506,-6.8707
clip_vitl14,tinyimagenet,0,0,PCA RecError,class pred,textures,recerr_cp,135.0547,118.9795,16.0752
clip_vitl14,tinyimagenet,0,0,PCA RecError,class,textures,recerr_class,135.0547,121.7696,13.2851
clip_vitl14,tinyimagenet,0,0,MLS,global,svhn,mls,295.2088,295.1377,0.0711
clip_vitl14,tinyimagenet,0,0,Energy,global,svhn,energy,295.2583,295.161,0.0972
clip_vitl14,tinyimagenet,0,0,MSR,global,svhn,msr,296.4895,296.5191,-0.0297
clip_vitl14,tinyimagenet,0,0,GradNorm,global,svhn,gradnorm,295.5783,295.3582,0.2201
clip_vitl14,tinyimagenet,0,0,Maha,global,svhn,maha,301.5645,314.0393,-12.4749
clip_vitl14,tinyimagenet,0,0,GradNorm,class pred,svhn,gradnorm_cp,295.5783,295.2744,0.3039
clip_vitl14,tinyimagenet,0,0,Maha,class pred,svhn,maha_cp,301.5645,320.5568,-18.9924
clip_vitl14,tinyimagenet,0,0,PCA RecError,class pred,svhn,recerr_cp,306.1142,301.8123,4.3019
clip_vitl14,tinyimagenet,0,0,PCA RecError,class,svhn,recerr_class,306.1142,304.1898,1.9244
clip_vitl14,tinyimagenet,0,1,MLS,global,cifar100,mls,190.9578,191.9987,-1.0409
clip_vitl14,tinyimagenet,0,1,Energy,global,cifar100,energy,192.0321,193.0718,-1.0396
clip_vitl14,tinyimagenet,0,1,MSR,global,cifar100,msr,191.4389,193.1063,-1.6675
clip_vitl14,tinyimagenet,0,1,GradNorm,global,cifar100,gradnorm,200.0259,192.5831,7.4428
clip_vitl14,tinyimagenet,0,1,Maha,global,cifar100,maha,195.5985,202.7506,-7.1521
clip_vitl14,tinyimagenet,0,1,GradNorm,class pred,cifar100,gradnorm_cp,200.0259,187.3945,12.6315
clip_vitl14,tinyimagenet,0,1,Maha,class pred,cifar100,maha_cp,195.5985,220.6018,-25.0033
clip_vitl14,tinyimagenet,0,1,PCA RecError,class pred,cifar100,recerr_cp,207.9816,185.9538,22.0278
clip_vitl14,tinyimagenet,0,1,PCA RecError,class,cifar100,recerr_class,207.9816,189.9072,18.0744
clip_vitl14,tinyimagenet,0,1,MLS,global,cifar10,mls,188.2048,190.401,-2.1962
clip_vitl14,tinyimagenet,0,1,Energy,global,cifar10,energy,189.417,191.751,-2.334
clip_vitl14,tinyimagenet,0,1,MSR,global,cifar10,msr,188.9676,190.8001,-1.8325
clip_vitl14,tinyimagenet,0,1,GradNorm,global,cifar10,gradnorm,202.1345,194.9627,7.1719
clip_vitl14,tinyimagenet,0,1,Maha,global,cifar10,maha,193.7606,198.4414,-4.6808
clip_vitl14,tinyimagenet,0,1,GradNorm,class pred,cifar10,gradnorm_cp,202.1345,188.9266,13.2079
clip_vitl14,tinyimagenet,0,1,Maha,class pred,cifar10,maha_cp,193.7606,214.2059,-20.4454
clip_vitl14,tinyimagenet,0,1,PCA RecError,class pred,cifar10,recerr_cp,206.1428,183.2366,22.9062
clip_vitl14,tinyimagenet,0,1,PCA RecError,class,cifar10,recerr_class,206.1428,186.4902,19.6526
clip_vitl14,tinyimagenet,0,1,MLS,global,lsun resize,mls,172.2734,172.5447,-0.2713
clip_vitl14,tinyimagenet,0,1,Energy,global,lsun resize,energy,172.5697,172.8599,-0.2902
clip_vitl14,tinyimagenet,0,1,MSR,global,lsun resize,msr,174.7602,175.1899,-0.4297
clip_vitl14,tinyimagenet,0,1,GradNorm,global,lsun resize,gradnorm,174.3696,174.2264,0.1432
clip_vitl14,tinyimagenet,0,1,Maha,global,lsun resize,maha,253.7373,279.7264,-25.9891
clip_vitl14,tinyimagenet,0,1,GradNorm,class pred,lsun resize,gradnorm_cp,174.3696,174.1513,0.2183
clip_vitl14,tinyimagenet,0,1,Maha,class pred,lsun resize,maha_cp,253.7373,297.5758,-43.8385
clip_vitl14,tinyimagenet,0,1,PCA RecError,class pred,lsun resize,recerr_cp,285.3631,223.6526,61.7105
clip_vitl14,tinyimagenet,0,1,PCA RecError,class,lsun resize,recerr_class,285.3631,236.2235,49.1396
clip_vitl14,tinyimagenet,0,1,MLS,global,isun,mls,159.0066,159.2084,-0.2018
clip_vitl14,tinyimagenet,0,1,Energy,global,isun,energy,159.3481,159.5773,-0.2292
clip_vitl14,tinyimagenet,0,1,MSR,global,isun,msr,161.4066,161.5257,-0.1192
clip_vitl14,tinyimagenet,0,1,GradNorm,global,isun,gradnorm,161.8748,161.915,-0.0402
clip_vitl14,tinyimagenet,0,1,Maha,global,isun,maha,252.3823,279.4587,-27.0764
clip_vitl14,tinyimagenet,0,1,GradNorm,class pred,isun,gradnorm_cp,161.8748,162.1162,-0.2414
clip_vitl14,tinyimagenet,0,1,Maha,class pred,isun,maha_cp,252.3823,299.0796,-46.6973
clip_vitl14,tinyimagenet,0,1,PCA RecError,class pred,isun,recerr_cp,283.4318,218.3074,65.1244
clip_vitl14,tinyimagenet,0,1,PCA RecError,class,isun,recerr_class,283.4318,232.3785,51.0533
clip_vitl14,tinyimagenet,0,1,MLS,global,places365,mls,204.1078,204.7488,-0.641
clip_vitl14,tinyimagenet,0,1,Energy,global,places365,energy,206.0659,206.7197,-0.6538
clip_vitl14,tinyimagenet,0,1,MSR,global,places365,msr,199.3097,201.0092,-1.6995
clip_vitl14,tinyimagenet,0,1,GradNorm,global,places365,gradnorm,236.1801,204.5836,31.5966
clip_vitl14,tinyimagenet,0,1,Maha,global,places365,maha,181.4864,178.4339,3.0525
clip_vitl14,tinyimagenet,0,1,GradNorm,class pred,places365,gradnorm_cp,236.1801,199.0974,37.0827
clip_vitl14,tinyimagenet,0,1,Maha,class pred,places365,maha_cp,181.4864,185.2501,-3.7636
clip_vitl14,tinyimagenet,0,1,PCA RecError,class pred,places365,recerr_cp,184.6853,174.7221,9.9632
clip_vitl14,tinyimagenet,0,1,PCA RecError,class,places365,recerr_class,184.6853,176.3303,8.355
clip_vitl14,tinyimagenet,0,1,MLS,global,lsun cropped,mls,170.2499,170.6313,-0.3814
clip_vitl14,tinyimagenet,0,1,Energy,global,lsun cropped,energy,170.5933,170.9714,-0.3781
clip_vitl14,tinyimagenet,0,1,MSR,global,lsun cropped,msr,170.7,171.5701,-0.8701
clip_vitl14,tinyimagenet,0,1,GradNorm,global,lsun cropped,gradnorm,171.9413,172.1491,-0.2078
clip_vitl14,tinyimagenet,0,1,Maha,global,lsun cropped,maha,239.9743,264.3963,-24.422
clip_vitl14,tinyimagenet,0,1,GradNorm,class pred,lsun cropped,gradnorm_cp,171.9413,171.2354,0.7059
clip_vitl14,tinyimagenet,0,1,Maha,class pred,lsun cropped,maha_cp,239.9743,286.3713,-46.3971
clip_vitl14,tinyimagenet,0,1,PCA RecError,class pred,lsun cropped,recerr_cp,274.5553,212.573,61.9823
clip_vitl14,tinyimagenet,0,1,PCA RecError,class,lsun cropped,recerr_class,274.5553,231.0828,43.4725
clip_vitl14,tinyimagenet,0,1,MLS,global,textures,mls,132.0159,130.984,1.0319
clip_vitl14,tinyimagenet,0,1,Energy,global,textures,energy,134.1496,133.1228,1.0268
clip_vitl14,tinyimagenet,0,1,MSR,global,textures,msr,126.2977,126.676,-0.3783
clip_vitl14,tinyimagenet,0,1,GradNorm,global,textures,gradnorm,152.747,143.2159,9.5311
clip_vitl14,tinyimagenet,0,1,Maha,global,textures,maha,129.6406,125.3967,4.2439
clip_vitl14,tinyimagenet,0,1,GradNorm,class pred,textures,gradnorm_cp,152.747,131.2323,21.5147
clip_vitl14,tinyimagenet,0,1,Maha,class pred,textures,maha_cp,129.6406,136.638,-6.9974
clip_vitl14,tinyimagenet,0,1,PCA RecError,class pred,textures,recerr_cp,134.7143,118.7054,16.0089
clip_vitl14,tinyimagenet,0,1,PCA RecError,class,textures,recerr_class,134.7143,121.4361,13.2781
clip_vitl14,tinyimagenet,0,1,MLS,global,svhn,mls,295.2513,295.1269,0.1243
clip_vitl14,tinyimagenet,0,1,Energy,global,svhn,energy,295.2943,295.1497,0.1446
clip_vitl14,tinyimagenet,0,1,MSR,global,svhn,msr,296.5584,296.4293,0.129
clip_vitl14,tinyimagenet,0,1,GradNorm,global,svhn,gradnorm,295.6285,295.332,0.2965
clip_vitl14,tinyimagenet,0,1,Maha,global,svhn,maha,301.4349,313.5773,-12.1424
clip_vitl14,tinyimagenet,0,1,GradNorm,class pred,svhn,gradnorm_cp,295.6285,295.2248,0.4037
clip_vitl14,tinyimagenet,0,1,Maha,class pred,svhn,maha_cp,301.4349,319.0838,-17.6489
clip_vitl14,tinyimagenet,0,1,PCA RecError,class pred,svhn,recerr_cp,306.0498,301.7349,4.3149
clip_vitl14,tinyimagenet,0,1,PCA RecError,class,svhn,recerr_class,306.0498,304.1031,1.9467
clip_vitl14,tinyimagenet,0,2,MLS,global,cifar100,mls,190.3121,191.4013,-1.0892
clip_vitl14,tinyimagenet,0,2,Energy,global,cifar100,energy,191.3403,192.4269,-1.0867
clip_vitl14,tinyimagenet,0,2,MSR,global,cifar100,msr,191.2204,192.9254,-1.705
clip_vitl14,tinyimagenet,0,2,GradNorm,global,cifar100,gradnorm,199.4611,192.2395,7.2216
clip_vitl14,tinyimagenet,0,2,Maha,global,cifar100,maha,195.4732,202.6734,-7.2003
clip_vitl14,tinyimagenet,0,2,GradNorm,class pred,cifar100,gradnorm_cp,199.4611,187.1347,12.3264
clip_vitl14,tinyimagenet,0,2,Maha,class pred,cifar100,maha_cp,195.4732,220.54,-25.0668
clip_vitl14,tinyimagenet,0,2,PCA RecError,class pred,cifar100,recerr_cp,207.8493,186.224,21.6253
clip_vitl14,tinyimagenet,0,2,PCA RecError,class,cifar100,recerr_class,207.8493,190.0981,17.7511
clip_vitl14,tinyimagenet,0,2,MLS,global,cifar10,mls,188.9702,191.0246,-2.0544
clip_vitl14,tinyimagenet,0,2,Energy,global,cifar10,energy,190.1527,192.3691,-2.2164
clip_vitl14,tinyimagenet,0,2,MSR,global,cifar10,msr,189.9578,191.5068,-1.5489
clip_vitl14,tinyimagenet,0,2,GradNorm,global,cifar10,gradnorm,202.9119,195.2729,7.639
clip_vitl14,tinyimagenet,0,2,Maha,global,cifar10,maha,193.6253,198.2943,-4.669
clip_vitl14,tinyimagenet,0,2,GradNorm,class pred,cifar10,gradnorm_cp,202.9119,188.8022,14.1097
clip_vitl14,tinyimagenet,0,2,Maha,class pred,cifar10,maha_cp,193.6253,214.215,-20.5896
clip_vitl14,tinyimagenet,0,2,PCA RecError,class pred,cifar10,recerr_cp,206.0439,183.1009,22.943
clip_vitl14,tinyimagenet,0,2,PCA RecError,class,cifar10,recerr_class,206.0439,186.4574,19.5865
clip_vitl14,tinyimagenet,0,2,MLS,global,lsun resize,mls,172.0254,172.368,-0.3426
clip_vitl14,tinyimagenet,0,2,Energy,global,lsun resize,energy,172.3326,172.6556,-0.323
clip_vitl14,tinyimagenet,0,2,MSR,global,lsun resize,msr,174.9092,175.5024,-0.5932
clip_vitl14,tinyimagenet,0,2,GradNorm,global,lsun resize,gradnorm,174.1118,174.057,0.0548
clip_vitl14,tinyimagenet,0,2,Maha,global,lsun resize,maha,253.811,279.3543,-25.5433
clip_vitl14,tinyimagenet,0,2,GradNorm,class pred,lsun resize,gradnorm_cp,174.1118,173.9601,0.1517
clip_vitl14,tinyimagenet,0,2,Maha,class pred,lsun resize,maha_cp,253.811,297.5278,-43.7168
clip_vitl14,tinyimagenet,0,2,PCA RecError,class pred,lsun resize,recerr_cp,286.596,223.9938,62.6022
clip_vitl14,tinyimagenet,0,2,PCA RecError,class,lsun resize,recerr_class,286.596,235.6534,50.9426
clip_vitl14,tinyimagenet,0,2,MLS,global,isun,mls,158.6819,158.9345,-0.2526
clip_vitl14,tinyimagenet,0,2,Energy,global,isun,energy,159.0362,159.286,-0.2498
clip_vitl14,tinyimagenet,0,2,MSR,global,isun,msr,161.2416,161.4787,-0.2371
clip_vitl14,tinyimagenet,0,2,GradNorm,global,isun,gradnorm,161.479,161.6042,-0.1251
clip_vitl14,tinyimagenet,0,2,Maha,global,isun,maha,252.3939,278.933,-26.5392
clip_vitl14,tinyimagenet,0,2,GradNorm,class pred,isun,gradnorm_cp,161.479,161.8125,-0.3335
clip_vitl14,tinyimagenet,0,2,Maha,class pred,isun,maha_cp,252.3939,299.4087,-47.0149
clip_vitl14,tinyimagenet,0,2,PCA RecError,class pred,isun,recerr_cp,284.7909,218.958,65.8329
clip_vitl14,tinyimagenet,0,2,PCA RecError,class,isun,recerr_class,284.7909,231.9509,52.8401
clip_vitl14,tinyimagenet,0,2,MLS,global,places365,mls,203.4842,204.0371,-0.5528
clip_vitl14,tinyimagenet,0,2,Energy,global,places365,energy,205.3132,205.8995,-0.5863
clip_vitl14,tinyimagenet,0,2,MSR,global,places365,msr,199.4352,201.0313,-1.5961
clip_vitl14,tinyimagenet,0,2,GradNorm,global,places365,gradnorm,235.6507,204.12,31.5307
clip_vitl14,tinyimagenet,0,2,Maha,global,places365,maha,181.3113,178.2172,3.0942
clip_vitl14,tinyimagenet,0,2,GradNorm,class pred,places365,gradnorm_cp,235.6507,198.663,36.9877
clip_vitl14,tinyimagenet,0,2,Maha,class pred,places365,maha_cp,181.3113,184.8961,-3.5848
clip_vitl14,tinyimagenet,0,2,PCA RecError,class pred,places365,recerr_cp,184.5763,174.6714,9.9049
clip_vitl14,tinyimagenet,0,2,PCA RecError,class,places365,recerr_class,184.5763,176.2729,8.3034
clip_vitl14,tinyimagenet,0,2,MLS,global,lsun cropped,mls,169.9219,170.3147,-0.3928
clip_vitl14,tinyimagenet,0,2,Energy,global,lsun cropped,energy,170.2782,170.6444,-0.3662
clip_vitl14,tinyimagenet,0,2,MSR,global,lsun cropped,msr,170.5271,171.3593,-0.8322
clip_vitl14,tinyimagenet,0,2,GradNorm,global,lsun cropped,gradnorm,171.6438,171.8685,-0.2247
clip_vitl14,tinyimagenet,0,2,Maha,global,lsun cropped,maha,239.98,264.7598,-24.7798
clip_vitl14,tinyimagenet,0,2,GradNorm,class pred,lsun cropped,gradnorm_cp,171.6438,170.9503,0.6936
clip_vitl14,tinyimagenet,0,2,Maha,class pred,lsun cropped,maha_cp,239.98,285.1357,-45.1557
clip_vitl14,tinyimagenet,0,2,PCA RecError,class pred,lsun cropped,recerr_cp,274.274,212.034,62.2399
clip_vitl14,tinyimagenet,0,2,PCA RecError,class,lsun cropped,recerr_class,274.274,229.9162,44.3578
clip_vitl14,tinyimagenet,0,2,MLS,global,textures,mls,131.4429,130.847,0.5959
clip_vitl14,tinyimagenet,0,2,Energy,global,textures,energy,133.5274,132.9306,0.5968
clip_vitl14,tinyimagenet,0,2,MSR,global,textures,msr,126.0624,126.7098,-0.6475
clip_vitl14,tinyimagenet,0,2,GradNorm,global,textures,gradnorm,151.5745,142.8104,8.7641
clip_vitl14,tinyimagenet,0,2,Maha,global,textures,maha,129.5103,125.236,4.2743
clip_vitl14,tinyimagenet,0,2,GradNorm,class pred,textures,gradnorm_cp,151.5745,131.3401,20.2344
clip_vitl14,tinyimagenet,0,2,Maha,class pred,textures,maha_cp,129.5103,136.3549,-6.8446
clip_vitl14,tinyimagenet,0,2,PCA RecError,class pred,textures,recerr_cp,134.6988,118.807,15.8917
clip_vitl14,tinyimagenet,0,2,PCA RecError,class,textures,recerr_class,134.6988,121.5364,13.1624
clip_vitl14,tinyimagenet,0,2,MLS,global,svhn,mls,294.9483,294.865,0.0833
clip_vitl14,tinyimagenet,0,2,Energy,global,svhn,energy,295.0169,294.9011,0.1158
clip_vitl14,tinyimagenet,0,2,MSR,global,svhn,msr,296.3839,296.1197,0.2642
clip_vitl14,tinyimagenet,0,2,GradNorm,global,svhn,gradnorm,295.4178,295.1236,0.2942
clip_vitl14,tinyimagenet,0,2,Maha,global,svhn,maha,301.3278,313.511,-12.1832
clip_vitl14,tinyimagenet,0,2,GradNorm,class pred,svhn,gradnorm_cp,295.4178,295.0723,0.3454
clip_vitl14,tinyimagenet,0,2,Maha,class pred,svhn,maha_cp,301.3278,319.1922,-17.8643
clip_vitl14,tinyimagenet,0,2,PCA RecError,class pred,svhn,recerr_cp,305.9364,301.187,4.7494
clip_vitl14,tinyimagenet,0,2,PCA RecError,class,svhn,recerr_class,305.9364,304.0105,1.9259
