dataset,n_methods,spearman_r,spearman_p,kendall_tau,kendall_p,actual_best,predicted_best,top1_hit,top3_jaccard,regret,norm_regret,clique_hit,actual_top3,predicted_top3
cifar10,22,0.3901750423489555,0.07262429782338553,0.2987012987012987,0.05442008959458163,pNML,KPCA RecError global,False,0.2,0.8404641878988741,0.005626819760837031,False,pNML|PCA RecError global|ViM,KPCA RecError global|ViM|fDBD
cifar100,22,0.2846653601230212,0.19913380326777827,0.23427387005083175,0.1276851846039549,ViM,KPCA RecError global,False,0.0,0.5472893253313487,0.0031865786604731642,False,ViM|fDBD|CTM,KPCA RecError global|NeCo|PCA RecError global
supercifar100,22,0.11748094227299287,0.6025907669717817,0.08676810001882658,0.5726296384463163,KPCA RecError global,PE,False,0.0,12.223158343647412,0.0603535877104563,False,KPCA RecError global|CTMmeanOC|CTMmean,PE|GE|MLS
tinyimagenet,22,0.37164644238283323,0.08855978656697398,0.27765792006024503,0.0710143940803435,GE,KPCA RecError global,False,0.0,5.101993077738825,0.029058036202609498,False,GE|PE|MLS,KPCA RecError global|GradNorm|fDBD
