group,target,n_folds,mean_spearman,mean_kendall,top1_accuracy,mean_top3_jaccard,mean_regret,mean_norm_regret,clique_hit_rate
near,augrc,4,0.04601919819311129,0.023809523809523822,0.0,0.05,8.236317459158641,0.04685330793097869,0.0
mid,augrc,4,-0.23743647656691136,-0.21645021645021645,0.25,0.05,19.765527313649457,0.10120515697196678,0.0
far,augrc,4,0.08441558441558439,0.07792207792207796,0.0,0.25,38.67429486271131,0.1793676377337785,0.0
all,augrc,4,0.30519480519480524,0.19913419913419914,0.0,0.0,5.408159360478834,0.028957885500423258,0.0
near,pct_rank,4,0.10769180071722073,0.08757303127893615,0.25,0.1,6.820917261250514,0.0382440700451644,0.0
mid,pct_rank,4,-0.2123696747441592,-0.21365939579240767,0.25,0.1,19.21095715751082,0.098750487964234,0.0
far,pct_rank,4,0.2996878461547836,0.24563809331921613,0.0,0.1,38.89782206256049,0.18153045331359366,0.0
all,pct_rank,4,0.2909919467819507,0.22435029720780053,0.0,0.05,4.678226233654115,0.024556255583594,0.0
