dataset,n_methods,spearman_r,spearman_p,kendall_tau,kendall_p,actual_best,predicted_best,top1_hit,top3_jaccard,regret,norm_regret,clique_hit,actual_top3,predicted_top3
cifar10,22,0.4985883681535856,0.018183244400840192,0.3939393939393939,0.00994337285340617,pNML,ViM,False,0.2,0.2778781365914256,0.0019384287904081541,False,pNML|ViM|PCA RecError global,ViM|Maha|fDBD
cifar100,22,0.3088650479954828,0.16192826188382295,0.20346320346320346,0.19701520944492798,ViM,ViM,True,0.2,0.0,0.0,True,ViM|Maha|NeCo,ViM|pNML|PCA RecError global
supercifar100,22,-0.2564247489997056,0.24935341674421238,-0.18221301003953583,0.23610279330778805,ViM,GE,False,0.0,9.888555892383636,0.04973603445243851,True,ViM|Residual|Maha,GE|PE|MLS
tinyimagenet,22,-0.12704686617730096,0.5731558222741562,-0.05627705627705628,0.7380940484479567,PE,ViM,False,0.0,17.11723501602694,0.10130181693781064,False,PE|GE|GradNorm,ViM|Maha|Residual
