dataset,n_methods,spearman_r,spearman_p,kendall_tau,kendall_p,actual_best,predicted_best,top1_hit,top3_jaccard,regret,norm_regret,clique_hit,actual_top3,predicted_top3
cifar10,22,0.4387351778656127,0.04108923308923487,0.316017316017316,0.041288634586930426,Energy,NNGuide,False,0.2,0.02270508637555224,0.00018033771797271153,False,Energy|NNGuide|MLS,NNGuide|pNML|NeCo
cifar100,22,-0.059288537549407126,0.7932554520311476,-0.021645021645021644,0.9112884689584274,fDBD,ViM,False,0.2,6.381929718210387,0.03741400321925683,False,fDBD|CTMmeanOC|CTMmean,ViM|NNGuide|CTMmeanOC
supercifar100,22,0.36420101637492946,0.09564628896671866,0.1774891774891775,0.26275316600189397,ViM,KPCA RecError global,False,0.2,2.0361351271969,0.009259693697967772,False,ViM|fDBD|KPCA RecError global,KPCA RecError global|CTMmeanOC|CTM
tinyimagenet,22,-0.05477131564088086,0.8087137074126657,-0.03896103896103896,0.8236433617484156,CTM,Energy,False,0.2,14.091055302691416,0.040557070434632095,False,CTM|CTMmeanOC|CTMmean,Energy|GradNorm|CTM
