dataset,n_methods,spearman_r,spearman_p,kendall_tau,kendall_p,actual_best,predicted_best,top1_hit,top3_jaccard,regret,norm_regret,clique_hit,actual_top3,predicted_top3
cifar10,22,0.6420101637492943,0.0012766193789554585,0.4805194805194805,0.0013759591555648288,Energy,PE,False,0.0,2.269778627824934,0.014349118893170252,False,Energy|NNGuide|MLS,PE|KPCA RecError global|CTMmeanOC
cifar100,22,0.20722755505364204,0.35478551222580323,0.2207792207792208,0.16029274039086885,fDBD,CTMmeanOC,False,0.0,1.7597846426354238,0.008542031749104723,False,fDBD|NNGuide|NeCo,CTMmeanOC|KPCA RecError global|Residual
supercifar100,22,0.5900621118012424,0.003844404126462333,0.4458874458874459,0.003207140388506757,Energy,Energy,True,0.2,0.0,0.0,False,Energy|GradNorm|PE,Energy|MLS|GE
tinyimagenet,22,0.10333145115753813,0.6472364124252026,0.07359307359307359,0.6555978590524786,CTM,Energy,False,0.0,13.015925104763141,0.061669291639130416,False,CTM|CTMmeanOC|CTMmean,Energy|GradNorm|PCA RecError global
