feature,mean_importance,rank
max_equiangular_wc,0.2856553108043793,1
equiangular_uc,0.15930946650845443,2
var_collapse,0.13460392877532995,3
equinorm_uc,0.09986943666287441,4
self_duality,0.0995114508080912,5
max_equiangular_uc,0.08987825331110033,6
equinorm_wc,0.059097862934709616,7
equiangular_wc,0.0542962510795991,8
dropout,0.017778039115461722,9
