dataset,n_methods,spearman_r,spearman_p,kendall_tau,kendall_p,actual_best,predicted_best,top1_hit,top3_jaccard,regret,norm_regret,clique_hit,actual_top3,predicted_top3
cifar10,22,0.37436476566911353,0.08607231632476407,0.22943722943722944,0.14394595959507928,Energy,Energy,True,0.2,0.0,0.0,False,Energy|NNGuide|PE,Energy|fDBD|CTM
cifar100,22,0.5223037831733485,0.012645173917013022,0.3593073593073593,0.01944737175151256,fDBD,CTM,False,0.0,4.395992399140766,0.02577146428046251,False,fDBD|CTMmean|CTMmeanOC,CTM|pNML|KPCA RecError global
supercifar100,22,0.3630717108977979,0.09675668043236264,0.25541125541125537,0.10236227652840134,Energy,Energy,True,0.2,0.0,0.0,False,Energy|fDBD|KPCA RecError global,Energy|NNGuide|CTMmean
tinyimagenet,22,0.6758893280632412,0.0005551372201155299,0.5151515151515151,0.0005440949983368612,CTM,CTMmeanOC,False,0.5,0.7680448971668739,0.0022105974550683245,False,CTM|CTMmean|CTMmeanOC,CTMmeanOC|CTMmean|Energy
