dataset,n_methods,spearman_r,spearman_p,kendall_tau,kendall_p,actual_best,predicted_best,top1_hit,top3_jaccard,regret,norm_regret,clique_hit,actual_top3,predicted_top3
cifar10,22,-0.031055900621118016,0.8908767575077245,-0.03896103896103896,0.8236433617484156,Energy,GEN,False,0.0,3.618484763837074,0.019924013427276427,False,Energy|GE|NNGuide,GEN|CTM|REN
cifar100,22,0.2693393562958781,0.22546327178614414,0.18614718614718614,0.23937855648715442,CTMmeanOC,CTMmeanOC,True,0.5,0.0,0.0,False,CTMmeanOC|CTMmean|fDBD,CTMmeanOC|KPCA RecError global|CTMmean
supercifar100,22,0.0028232636928289105,0.9900512231067919,0.004329004329004329,1.0,CTM,Confidence,False,0.2,10.315664734786765,0.038364761343446664,False,CTM|ViM|pNML,Confidence|GradNorm|CTM
tinyimagenet,22,0.014116318464144554,0.9502846499817855,0.0303030303030303,0.8672669832921104,CTM,Energy,False,0.2,7.176536295975666,0.03770982795954855,False,CTM|CTMmean|CTMmeanOC,Energy|CTM|GradNorm
