dataset,n_methods,spearman_r,spearman_p,kendall_tau,kendall_p,actual_best,predicted_best,top1_hit,top3_jaccard,regret,norm_regret,clique_hit,actual_top3,predicted_top3
cifar10,22,0.5110107284020329,0.01507960401252194,0.3593073593073593,0.01944737175151256,pNML,CTMmean,False,0.0,1.5355983119046641,0.010280669956603544,False,pNML|ViM|PCA RecError global,CTMmean|Maha|KPCA RecError global
cifar100,22,0.40711462450592883,0.06004366570541111,0.23809523809523808,0.12887799882436143,ViM,Energy,False,0.0,2.7718877086244333,0.016139248132023692,False,ViM|fDBD|KPCA RecError global,Energy|MLS|PCE
supercifar100,22,0.05702992659514399,0.8009755903446723,0.0303030303030303,0.8672669832921104,KPCA RecError global,PE,False,0.0,12.223158343647412,0.0603535877104563,False,KPCA RecError global|CTMmeanOC|CTMmean,PE|CTM|fDBD
tinyimagenet,22,0.1202710333145116,0.593940770339139,0.09090909090909091,0.5770090763883768,GE,KPCA RecError global,False,0.0,5.101993077738825,0.029058036202609498,False,GE|PE|MLS,KPCA RecError global|CTMmeanOC|CTMmean
