dataset,n_methods,spearman_r,spearman_p,kendall_tau,kendall_p,actual_best,predicted_best,top1_hit,top3_jaccard,regret,norm_regret,clique_hit,actual_top3,predicted_top3
cifar10,22,0.9209486166007905,1.2374957443770336e-09,0.7922077922077922,3.4958554955895468e-09,pNML,Residual,False,1.0,0.023210003032275495,0.00021377809483126786,False,pNML|Residual|ViM,Residual|ViM|pNML
cifar100,22,-0.016374929418407683,0.9423421025261126,-0.0303030303030303,0.8672669832921104,Residual,fDBD,False,0.0,5.7884332886451375,0.047693675537286366,False,Residual|ViM|Maha,fDBD|MSR|PE
supercifar100,22,-0.03670242800677584,0.8711837997313935,-0.0303030303030303,0.8672669832921104,Residual,fDBD,False,0.0,30.733459009529042,0.2671811562869823,False,Residual|pNML|Maha,fDBD|MLS|NeCo
tinyimagenet,22,-0.5302089215132695,0.011139883116961692,-0.41991341991341985,0.00575927662516516,GradNorm,Residual,False,0.0,118.15207714963879,0.40238194101601404,False,GradNorm|GE|Energy,Residual|pNML|Maha
