group,target,n_folds,mean_spearman,mean_kendall,top1_accuracy,mean_top3_jaccard,mean_regret,mean_norm_regret,clique_hit_rate
near,augrc,4,0.3890457368718239,0.3008658008658009,0.25,0.05,4.261372093805889,0.021140110570351416,0.0
mid,augrc,4,0.06380575945793338,0.045454545454545456,0.25,0.22499999999999998,5.277671448649876,0.02399965068256791,0.0
far,augrc,4,0.17504234895539245,0.11038961038961041,0.0,0.2,5.632956308618564,0.021852776267457352,0.0
all,augrc,4,0.28260869565217395,0.21645021645021642,0.0,0.1,16.398304431969684,0.0774415830586127,0.0
near,pct_rank,4,0.6233766233766234,0.461038961038961,0.0,0.27499999999999997,3.4583136714583915,0.01940143824469378,0.0
mid,pct_rank,4,0.4370412196499154,0.3203463203463203,0.0,0.15000000000000002,2.4557964114813586,0.010564545984117197,0.0
far,pct_rank,4,0.48390739695087526,0.3398268398268398,0.5,0.225,1.29100932407691,0.006995515433882709,0.0
all,pct_rank,4,0.4760022586109543,0.35497835497835495,0.0,0.27499999999999997,2.3208891857200413,0.011743726600700881,0.0
