feature,mean_importance,rank
equinorm_uc,0.23906617439370056,1
var_collapse,0.2080367549313282,2
self_duality,0.17477437023060993,3
max_equiangular_wc,0.163876468799969,4
equinorm_wc,0.13638588641928304,5
equiangular_wc,0.058558729922717025,6
max_equiangular_uc,0.008792256783107638,7
equiangular_uc,0.006885014508009452,8
dropout,0.0036243440112751356,9
