metric,group,median_spearman_hl,median_spearman_nc,median_delta_spearman,median_r2_hl,median_r2_nc,median_delta_r2,n_csfs,n_csfs_hl_better_spearman
AUGRC,far,0.7092557857471607,0.5946225786453017,0.07837445083673045,0.4601996518224848,-0.7621094620169062,1.222309113839391,11,9
AUGRC,mid,0.696354081248165,0.3969852456421376,0.23805253970316942,0.3646204103381244,-0.47892146225802024,0.9860724327384163,11,10
AUGRC,near,0.6580757876555968,0.4504697448523466,0.2196777796464049,0.3602684553868497,-0.8804989158439156,1.1481711512572885,11,10
AUGRC,test,0.5038347388705233,0.3704393481383296,0.093081642956241,0.1202916679888425,-0.13283774288200334,0.21044134634138523,11,7
AURC,far,0.7582398548094219,0.5908067335155914,0.1441216690738254,0.42640836459695275,-1.8086555406409492,2.407809823506911,11,10
AURC,mid,0.7289651218869363,0.4721967923267055,0.29602240561930193,0.26678001267735385,-1.0524992114555811,1.0922374763117668,11,10
AURC,near,0.7097110755142169,0.49972407936565766,0.27024413736621145,0.46541233375252467,-0.918663857083696,1.1717840990353718,11,10
AURC,test,0.5470378384620941,0.38254388315366966,0.18606906698699363,0.1699317524653311,0.0731267629976865,0.06725148875199127,11,10
