,ConfidNet,DeVries,Deep Gamblers,ViT
ConfidNet,0.0,0.6037735849056604,0.703125,0.9076923076923077
DeVries,0.6037735849056604,0.0,0.5593220338983051,0.9264705882352942
Deep Gamblers,0.703125,0.5593220338983051,0.0,0.8918918918918919
ViT,0.9076923076923077,0.9264705882352942,0.8918918918918919,0.0
