,ConfidNet,DeVries,Deep Gamblers,ViT
ConfidNet,0.0,0.5416666666666667,0.7272727272727273,0.96875
DeVries,0.5416666666666667,0.0,0.59375,1.0
Deep Gamblers,0.7272727272727273,0.59375,0.0,0.925
ViT,0.96875,1.0,0.925,0.0
