,ConfidNet,DeVries,Deep Gamblers,ViT
ConfidNet,0.0,0.6551724137931034,0.6774193548387097,0.8484848484848485
DeVries,0.6551724137931034,0.0,0.5185185185185186,0.84375
Deep Gamblers,0.6774193548387097,0.5185185185185186,0.0,0.8529411764705882
ViT,0.8484848484848485,0.84375,0.8529411764705882,0.0
