,ConfidNet,DeVries,Deep Gamblers,ViT
ConfidNet,0.0,0.09620493850353631,0.9714184383446633,3.266167795712101
DeVries,0.09620493850353631,0.0,0.9995392686477821,3.3483703679056385
Deep Gamblers,0.9714184383446633,0.9995392686477821,0.0,3.147755028204258
ViT,3.266167795712101,3.3483703679056385,3.147755028204258,0.0
